index	token_a	token_b	merged
0	EB00	2E3B	EB06
1	EB01	2E3B	EB07
2	EB02	2E3B	EB08
3	EB03	2E3B	EB09
4	EB04	2E3B	EB0A
5	EB06	EB07	EB0B
6	EB05	2E3B	EB0C
7	EB00	EB06	EB0D
8	EB01	EB06	EB0E
9	EB03	EB06	EB0F
10	EB02	EB06	EB10
11	EB05	EB06	EB11
12	EB04	EB06	EB12
13	EB00	EB07	EB13
14	EB01	EB07	EB14
15	EB02	EB07	EB15
16	EB03	EB07	EB16
17	EB04	EB07	EB17
18	EB05	EB07	EB18
19	EB00	EB08	EB19
20	EB01	EB08	EB1A
21	EB09	EB06	EB1B
22	EB08	EB0F	EB1C
23	EB13	EB08	EB1D
24	EB09	EB0C	EB1E
25	EB08	EB06	EB1F
26	EB0B	EB09	EB20
27	EB05	EB08	EB21
28	EB01	EB09	EB22
29	EB08	EB0E	EB23
30	EB0A	EB06	EB24
31	EB09	EB07	EB25
32	EB08	EB0C	EB26
33	EB0A	EB07	EB27
34	EB02	EB08	EB28
35	EB03	EB08	EB29
36	EB04	EB08	EB2A
37	EB06	EB0C	EB2B
38	EB06	EB0D	EB2C
39	EB02	EB09	EB2D
40	EB04	EB0B	EB2E
41	EB0A	EB0E	EB2F
42	EB03	EB09	EB30
43	EB15	EB06	EB31
44	EB04	EB09	EB32
45	EB0B	EB0D	EB33
46	EB0A	EB0C	EB34
47	EB00	EB09	EB35
48	EB0B	EB17	EB36
49	EB0E	EB06	EB37
50	EB17	EB0C	EB38
51	EB0A	EB08	EB39
52	EB14	EB0D	EB3A
53	EB0A	EB09	EB3B
54	EB05	EB09	EB3C
55	EB03	EB0A	EB3D
56	EB2E	EB22	EB3E
57	EB12	EB06	EB3F
58	EB00	EB0A	EB40
59	EB12	EB11	EB41
60	EB0E	EB08	EB42
61	EB07	EB07	EB43
62	EB0A	EB0B	EB44
63	EB00	EB25	EB45
64	EB10	EB06	EB46
65	EB0C	EB06	EB47
66	EB07	EB06	EB48
67	EB11	EB06	EB49
68	EB0B	EB14	EB4A
69	EB16	EB06	EB4B
70	EB11	EB08	EB4C
71	EB0B	EB19	EB4D
72	EB09	EB12	EB4E
73	EB45	EB22	EB4F
74	EB02	EB0A	EB50
75	EB11	EB0F	EB51
76	EB0B	EB12	EB52
77	EB0A	EB16	EB53
78	EB0B	EB06	EB54
79	EB0E	EB0F	EB55
80	EB0A	EB14	EB56
81	EB0B	EB1A	EB57
82	EB01	EB0A	EB58
83	EB03	EB23	EB59
84	EB12	EB0C	EB5A
85	EB10	EB08	EB5B
86	EB0A	EB0D	EB5C
87	EB14	EB06	EB5D
88	EB0B	EB16	EB5E
89	EB18	EB2B	EB5F
90	EB13	EB06	EB60
91	EB15	EB09	EB61
92	EB10	EB0E	EB62
93	EB0B	EB02	EB63
94	EB0B	EB11	EB64
95	EB0B	EB35	EB65
96	EB07	EB08	EB66
97	EB05	EB1B	EB67
98	EB0B	EB13	EB68
99	EB0D	EB19	EB69
100	EB03	EB1F	EB6A
101	EB00	EB1E	EB6B
102	EB0D	EB09	EB6C
103	EB02	EB1F	EB6D
104	EB14	EB08	EB6E
105	EB14	EB10	EB6F
106	EB00	EB0C	EB70
107	EB09	EB0F	EB71
108	EB0B	EB0C	EB72
109	EB18	EB07	EB73
110	EB0B	EB08	EB74
111	EB18	EB0C	EB75
112	EB04	EB0A	EB76
113	EB04	EB1F	EB77
114	EB16	EB11	EB78
115	EB09	EB08	EB79
116	EB0B	EB0E	EB7A
117	EB02	EB0B	EB7B
118	EB02	EB25	EB7C
119	EB33	EB08	EB7D
120	EB0A	EB11	EB7E
121	EB1A	EB06	EB7F
122	EB03	EB1B	EB80
123	EB0B	EB10	EB81
124	EB01	EB39	EB82
125	EB0E	EB18	EB83
126	EB12	EB0F	EB84
127	EB19	EB06	EB85
128	EB27	EB06	EB86
129	EB0B	EB18	EB87
130	EB0A	EB10	EB88
131	EB04	EB24	EB89
132	EB08	EB11	EB8A
133	EB0E	EB10	EB8B
134	EB0A	EB1A	EB8C
135	EB01	EB0C	EB8D
136	EB16	EB0F	EB8E
137	EB0A	EB17	EB8F
138	EB0D	EB06	EB90
139	EB07	EB09	EB91
140	EB04	EB1B	EB92
141	EB3F	EB09	EB93
142	EB0B	EB28	EB94
143	EB1F	EB0D	EB95
144	EB0B	EB0A	EB96
145	EB09	EB0E	EB97
146	EB25	EB18	EB98
147	EB0A	EB15	EB99
148	EB0B	EB3C	EB9A
149	EB19	EB0D	EB9B
150	EB1C	EB21	EB9C
151	EB08	EB07	EB9D
152	EB10	EB26	EB9E
153	EB0C	EB08	EB9F
154	EB04	EB23	EBA0
155	EB0A	EB13	EBA1
156	EB09	EB0D	EBA2
157	EB03	EB0C	EBA3
158	EB19	EB11	EBA4
159	EB0B	EB29	EBA5
160	EB24	EB0D	EBA6
161	EB19	EB08	EBA7
162	EB16	EB08	EBA8
163	EB0E	EB0D	EBA9
164	EB18	EB06	EBAA
165	EB05	EB98	EBAB
166	EB10	EB0F	EBAC
167	EB2D	EB0E	EBAD
168	EB1A	EB07	EBAE
169	EB12	EB0D	EBAF
170	EB0A	EB12	EBB0
171	EB02	EB1B	EBB1
172	EB19	EB0F	EBB2
173	EB17	EB0A	EBB3
174	EB02	EB23	EBB4
175	EB28	EB07	EBB5
176	EB13	EB0F	EBB6
177	EB06	EB3A	EBB7
178	EB14	EB09	EBB8
179	EB11	EB0E	EBB9
180	EB3C	EB15	EBBA
181	EB10	EB41	EBBB
182	EB10	EB12	EBBC
183	EB0B	EB07	EBBD
184	EB34	EB06	EBBE
185	EB08	EB09	EBBF
186	EB0D	EB15	EBC0
187	EB15	EB67	EBC1
188	EB0B	EB1E	EBC2
189	EB09	EB11	EBC3
190	EB3B	EB0F	EBC4
191	EB0B	EB0F	EBC5
192	EB14	EB07	EBC6
193	EB17	EB08	EBC7
194	EB10	EB11	EBC8
195	EB16	EB07	EBC9
196	EB17	EB18	EBCA
197	EB0E	EB30	EBCB
198	EB15	EBBA	EBCC
199	EB9A	EB08	EBCD
200	EB08	EB0D	EBCE
201	EB0A	EB18	EBCF
202	EB10	EB0D	EBD0
203	EB14	EB0F	EBD1
204	EB02	EB0C	EBD2
205	EB04	EB26	EBD3
206	EB00	EB2F	EBD4
207	EB27	EB0F	EBD5
208	EB0E	EB2C	EBD6
209	EB13	EB0D	EBD7
210	EB24	EB0C	EBD8
211	EB18	EB34	EBD9
212	EB82	EB14	EBDA
213	EB0A	EB1D	EBDB
214	EB50	EB23	EBDC
215	EB10	EB0C	EBDD
216	EB36	EB09	EBDE
217	EB0A	EB32	EBDF
218	EB16	EB0D	EBE0
219	EB18	EB0E	EBE1
220	EB19	EB07	EBE2
221	EB2B	EB0D	EBE3
222	EB7C	EB0B	EBE4
223	EB1A	EB09	EBE5
224	EB2A	EB07	EBE6
225	EB0E	EB56	EBE7
226	EB16	EB7B	EBE8
227	EB04	EB1C	EBE9
228	EB15	EB08	EBEA
229	EB0B	EB2D	EBEB
230	EB0C	EB0F	EBEC
231	EB0A	EB30	EBED
232	EB13	EB0E	EBEE
233	EB0B	EB2C	EBEF
234	EB15	EB11	EBF0
235	EB09	EB14	EBF1
236	EB23	EB0F	EBF2
237	EB12	EB25	EBF3
238	EB1B	EB0C	EBF4
239	EB12	EB09	EBF5
240	EB15	EB0A	EBF6
241	EB05	EB0A	EBF7
242	EB12	EB08	EBF8
243	EB10	EB2C	EBF9
244	EB18	EB08	EBFA
245	EB18	EB2F	EBFB
246	EB1B	EB0D	EBFC
247	EB10	EB19	EBFD
248	EB0E	EB1A	EBFE
249	EB18	EB0D	EBFF
250	EB38	EB15	EC00
251	EB08	EB16	EC01
252	EB0A	EB20	EC02
253	EB0B	EB00	EC03
254	EB07	EB0D	EC04
255	EB0B	EB2A	EC05
256	EB17	EB14	EC06
257	EB0C	EB0D	EC07
258	EB5F	EB0D	EC08
259	EB10	EB15	EC09
260	EB2F	EB0F	EC0A
261	EB0A	EB19	EC0B
262	EB15	EB0E	EC0C
263	EB1A	EB0D	EC0D
264	EB20	EB0D	EC0E
265	EB10	EB1C	EC0F
266	EB02	EB2F	EC10
267	EB2E	EB08	EC11
268	EB1D	EBE7	EC12
269	EB30	EB08	EC13
270	EB29	EB73	EC14
271	EB2E	EB06	EC15
272	EB1A	EB15	EC16
273	EB41	EB11	EC17
274	EB37	EB3D	EC18
275	EB09	EB00	EC19
276	EB10	EB47	EC1A
277	EB20	EB3A	EC1B
278	EB18	EB1B	EC1C
279	EB04	EB0C	EC1D
280	EB0B	EB3F	EC1E
281	EB10	EB16	EC1F
282	EB08	EB1A	EC20
283	EB0F	EB21	EC21
284	EB08	EB12	EC22
285	EB1F	EB0C	EC23
286	EBA7	EB40	EC24
287	EBFB	EBBE	EC25
288	EB27	EB08	EC26
289	EB74	EB3B	EC27
290	EB16	EB0E	EC28
291	EB13	EB14	EC29
292	EB2D	EB28	EC2A
293	EB12	EB10	EC2B
294	EB00	EB0B	EC2C
295	EB09	EB19	EC2D
296	EB0E	EB13	EC2E
297	EB09	EB3A	EC2F
298	EB0B	EB59	EC30
299	EB26	EB06	EC31
300	EB0B	EB1B	EC32
301	EB63	EB1B	EC33
302	EB18	EB09	EC34
303	EB0E	EB14	EC35
304	EB0A	EB1C	EC36
305	EB02	EB1C	EC37
306	EB0E	EB11	EC38
307	EB05	EB24	EC39
308	EB11	EB09	EC3A
309	EB17	EB07	EC3B
310	EB0D	EB0C	EC3C
311	EB32	EB08	EC3D
312	EB18	EBC4	EC3E
313	EB17	EB09	EC3F
314	EB0D	EB0E	EC40
315	EB0B	EB1C	EC41
316	EB29	EB08	EC42
317	EB0A	EB0F	EC43
318	EB2F	EB08	EC44
319	EB0B	EB40	EC45
320	EB14	EB37	EC46
321	EB0D	EB12	EC47
322	EB02	EB24	EC48
323	EB52	EB20	EC49
324	EB10	EB23	EC4A
325	EB20	EB69	EC4B
326	EB07	EB14	EC4C
327	EB28	EB13	EC4D
328	EB0D	EB16	EC4E
329	EB0A	EB33	EC4F
330	EB0B	EB47	EC50
331	EB4A	EB06	EC51
332	EB0E	EB1C	EC52
333	EB14	EB1C	EC53
334	EB4C	EB11	EC54
335	EB09	EB1A	EC55
336	EB0B	EB15	EC56
337	EB58	EB0F	EC57
338	EB13	EB16	EC58
339	EB14	EB0C	EC59
340	EB05	EB2F	EC5A
341	EB0E	EBDA	EC5B
342	EB0A	EB22	EC5C
343	EB1E	EB06	EC5D
344	EB13	EB12	EC5E
345	EB9B	EB22	EC5F
346	EB26	EB0F	EC60
347	EB26	EB21	EC61
348	EB5A	EB11	EC62
349	EBBC	EB30	EC63
350	EB18	EB0F	EC64
351	EB6F	EB0F	EC65
352	EBAD	EB22	EC66
353	EB0D	EB0D	EC67
354	EB36	EB27	EC68
355	EBCA	EBD4	EC69
356	EB20	EB11	EC6A
357	EB08	EB29	EC6B
358	EB1A	EB0C	EC6C
359	EB6F	EB10	EC6D
360	EB2B	EB08	EC6E
361	EB14	EB0E	EC6F
362	EB1A	EB11	EC70
363	EC46	EB82	EC71
364	EB54	EB3A	EC72
365	EB01	EB27	EC73
366	EB37	EB0E	EC74
367	EB10	EB0B	EC75
368	EB09	EB24	EC76
369	EB4A	EB1F	EC77
370	EBBF	EB75	EC78
371	EB63	EB0C	EC79
372	EB79	EB12	EC7A
373	EB6A	EB0E	EC7B
374	EB53	EB0D	EC7C
375	EB39	EB07	EC7D
376	EB58	EB1C	EC7E
377	EB11	EB0D	EC7F
378	EB46	EB0E	EC80
379	EB0D	EB08	EC81
380	EB09	EB15	EC82
381	EB08	EB3B	EC83
382	EBAE	EB14	EC84
383	EB0B	EB6B	EC85
384	EB09	EB8D	EC86
385	EB00	EB24	EC87
386	EB0D	EB14	EC88
387	EB4C	EB51	EC89
388	EB19	EB16	EC8A
389	EC4B	EB51	EC8B
390	EB11	EB1C	EC8C
391	EB09	EB5D	EC8D
392	EB05	EB0C	EC8E
393	EB7B	EB50	EC8F
394	EB18	EB1C	EC90
395	EB04	EB25	EC91
396	EB14	EB1F	EC92
397	EB52	EB25	EC93
398	EB1A	EB0E	EC94
399	EC19	EB27	EC95
400	EB07	EB75	EC96
401	EB2D	EB0D	EC97
402	EB12	EB0E	EC98
403	EBDE	EB42	EC99
404	EB0D	EB29	EC9A
405	EB92	EB55	EC9B
406	EB0C	EB1C	EC9C
407	EB2A	EB8E	EC9D
408	EB05	EB99	EC9E
409	EB40	EB23	EC9F
410	EB00	EB68	ECA0
411	EB0B	EB4B	ECA1
412	EB0B	EB41	ECA2
413	EB53	EB12	ECA3
414	EB2D	EB2A	ECA4
415	EB15	EB21	ECA5
416	EB0A	EB1E	ECA6
417	EB08	EB13	ECA7
418	EB11	EB34	ECA8
419	EB10	EB31	ECA9
420	EC0D	EB1B	ECAA
421	EB17	EB28	ECAB
422	EB09	EB1C	ECAC
423	EB83	EB0F	ECAD
424	EB16	EB0B	ECAE
425	EB10	EC14	ECAF
426	EB0E	EB0C	ECB0
427	EB7A	EBDA	ECB1
428	EB15	EB47	ECB2
429	EB08	EB19	ECB3
430	EB0B	EB93	ECB4
431	EB12	EB1C	ECB5
432	EB0D	EB37	ECB6
433	EB41	EB0F	ECB7
434	EB1A	EC7A	ECB8
435	EB53	EB0B	ECB9
436	EB08	EB0A	ECBA
437	EB32	EB0F	ECBB
438	EB96	EBD3	ECBC
439	EB06	EB11	ECBD
440	EB05	EB0B	ECBE
441	EB12	EB2C	ECBF
442	EB08	EB34	ECC0
443	EB19	EB27	ECC1
444	EB07	EB15	ECC2
445	EB0A	EB28	ECC3
446	EB0B	EB32	ECC4
447	EB99	EB0A	ECC5
448	EB2B	EB34	ECC6
449	EB19	EBC5	ECC7
450	EB09	EB85	ECC8
451	EB17	EB27	ECC9
452	EB10	EB2A	ECCA
453	EB08	EB6C	ECCB
454	EB20	EB24	ECCC
455	EB4D	EC3E	ECCD
456	EB53	EB11	ECCE
457	EB4A	EB07	ECCF
458	EB0D	EB31	ECD0
459	EB30	EB0E	ECD1
460	EB54	EB11	ECD2
461	EB49	EB7C	ECD3
462	EB2F	EB1C	ECD4
463	EB42	EB2D	ECD5
464	EBE0	EB6D	ECD6
465	EB60	EB16	ECD7
466	EB13	EB07	ECD8
467	EB09	EB10	ECD9
468	EB2A	EB26	ECDA
469	EB1E	EB3C	ECDB
470	EB1F	EB0E	ECDC
471	EB0D	EB1A	ECDD
472	EB23	EB2B	ECDE
473	EB46	EB3D	ECDF
474	EB09	EB16	ECE0
475	EB0C	EC29	ECE1
476	EB38	EB31	ECE2
477	EB42	EB16	ECE3
478	EBC2	EB06	ECE4
479	EB13	EB1C	ECE5
480	EB0D	EB11	ECE6
481	EB04	EB20	ECE7
482	EB1B	EB09	ECE8
483	ECB2	EB18	ECE9
484	EB15	EB07	ECEA
485	EB49	EB09	ECEB
486	EB19	EB1C	ECEC
487	EB0A	EB36	ECED
488	EB09	EB2D	ECEE
489	EB0A	EB35	ECEF
490	EB1A	EB37	ECF0
491	EB02	EB27	ECF1
492	EB29	EB13	ECF2
493	EB0C	EB11	ECF3
494	EB09	EB4B	ECF4
495	EC71	EB07	ECF5
496	EB19	EB0A	ECF6
497	EB0A	EB84	ECF7
498	EB48	EB09	ECF8
499	EB20	EB19	ECF9
500	EB0A	EC9B	ECFA
501	EB56	EB2A	ECFB
502	EB31	EB21	ECFC
503	EB0B	EB86	ECFD
504	EB17	EB13	ECFE
505	EB25	EB06	ECFF
506	EB08	EB32	ED00
507	EB14	EB2B	ED01
508	EB27	EB75	ED02
509	EB08	EB21	ED03
510	EB6D	EBAC	ED04
511	EB86	EB00	ED05
512	EB64	EB27	ED06
513	EB3F	EB51	ED07
514	EC4C	ECDA	ED08
515	EB37	EB16	ED09
516	EB1A	EB32	ED0A
517	EB1F	EB09	ED0B
518	EB07	EB11	ED0C
519	EB17	EC66	ED0D
520	EB10	EC6D	ED0E
521	EB83	EB32	ED0F
522	EB02	EB26	ED10
523	EB17	EB2E	ED11
524	EB1A	EB0F	ED12
525	EB9A	EB26	ED13
526	EB09	EB0A	ED14
527	EB1A	EB2B	ED15
528	EBBD	EB15	ED16
529	EB12	EB62	ED17
530	EB33	EB06	ED18
531	EB06	EBAF	ED19
532	EB13	EB6B	ED1A
533	EB2A	EB5B	ED1B
534	EB13	EBF7	ED1C
535	EB33	EB19	ED1D
536	EB18	EB0A	ED1E
537	EB0B	EB30	ED1F
538	EB8C	EB7E	ED20
539	EB0B	EB22	ED21
540	EB03	EBA6	ED22
541	EB17	EB12	ED23
542	EB29	EC2A	ED24
543	EB80	EB3D	ED25
544	EB05	EB3B	ED26
545	EB0A	EB5F	ED27
546	EB70	EB0F	ED28
547	EB08	EBD9	ED29
548	EB07	EB35	ED2A
549	EB14	EB2C	ED2B
550	EB01	EB2F	ED2C
551	EB18	EB2C	ED2D
552	EBD2	EBAD	ED2E
553	EB10	EB0A	ED2F
554	EB0A	EB1B	ED30
555	EB02	EB3B	ED31
556	EBC8	EB17	ED32
557	EB08	EB10	ED33
558	EB16	EB2C	ED34
559	EB17	EB19	ED35
560	EBDF	EB23	ED36
561	EB17	EBA4	ED37
562	EB17	EB29	ED38
563	EB60	EB12	ED39
564	EB24	EB0E	ED3A
565	EB2A	EB16	ED3B
566	EB78	EB09	ED3C
567	EC39	EB09	ED3D
568	EB90	EB1A	ED3E
569	EB09	EB29	ED3F
570	EB20	EB8D	ED40
571	EB00	EB3B	ED41
572	EB05	EB39	ED42
573	EB1D	EB31	ED43
574	EB12	EB59	ED44
575	EB43	EB09	ED45
576	EB10	EB09	ED46
577	EB03	EB25	ED47
578	EB77	EB0E	ED48
579	EB0D	EB17	ED49
580	EB1F	EB51	ED4A
581	EB0A	EB51	ED4B
582	EB36	EB14	ED4C
583	EB81	EB19	ED4D
584	EB2D	ECEB	ED4E
585	EB8C	EB15	ED4F
586	EB2F	EB06	ED50
587	EB85	EB11	ED51
588	EB99	EB08	ED52
589	EB94	EBB2	ED53
590	EB20	EB0E	ED54
591	EB16	EB66	ED55
592	EB57	EB0C	ED56
593	EB35	EB08	ED57
594	EB69	EB0D	ED58
595	EB0B	EBE3	ED59
596	EB8B	EB1C	ED5A
597	EB53	EB13	ED5B
598	EB0A	EB23	ED5C
599	EB00	EB0D	ED5D
600	EB41	EB06	ED5E
601	EB57	EB06	ED5F
602	EB08	EB3A	ED60
603	EB20	EB14	ED61
604	EB8F	EB80	ED62
605	EBF5	EB0B	ED63
606	EB07	EB0C	ED64
607	EC33	EBFE	ED65
608	EB02	EB39	ED66
609	EB4E	EB0F	ED67
610	EBC7	EB80	ED68
611	EB10	EB42	ED69
612	EB1A	EB08	ED6A
613	EB0A	EB2A	ED6B
614	EB32	EB71	ED6C
615	EB09	EB1B	ED6D
616	ECFD	EB95	ED6E
617	EB02	EB0D	ED6F
618	EB30	EB12	ED70
619	EB00	EB87	ED71
620	EB10	EB37	ED72
621	EB09	EB28	ED73
622	EB35	EB67	ED74
623	EB20	EB07	ED75
624	EC62	EB1B	ED76
625	EB96	EB32	ED77
626	EB30	EB1E	ED78
627	EB33	EB0C	ED79
628	EB10	EB38	ED7A
629	EB25	EB0F	ED7B
630	EB2F	EB0A	ED7C
631	EB2A	EB13	ED7D
632	EBA8	EB16	ED7E
633	EB54	ECAA	ED7F
634	EB1A	EC89	ED80
635	EB05	EBC4	ED81
636	EB3D	EB21	ED82
637	EB0D	EB13	ED83
638	EB0D	EB83	ED84
639	EB2D	EC3A	ED85
640	EB12	EBC8	ED86
641	EB36	EB2D	ED87
642	EB2A	EB48	ED88
643	EB23	EB06	ED89
644	EB09	EC84	ED8A
645	EB28	EB11	ED8B
646	EB77	EB0D	ED8C
647	EB14	EB12	ED8D
648	EB48	EB19	ED8E
649	EB08	EBA3	ED8F
650	EB07	EB31	ED90
651	EB08	EB26	ED91
652	EB0B	EB77	ED92
653	EB24	EB16	ED93
654	EB0A	EB7D	ED94
655	EB06	EB19	ED95
656	EB10	EB20	ED96
657	EB18	EC4A	ED97
658	EB87	EB06	ED98
659	EB00	ED05	ED99
660	EB63	ECD2	ED9A
661	EB30	EB11	ED9B
662	EBE5	ECF7	ED9C
663	EB49	EB0E	ED9D
664	EB07	EB19	ED9E
665	EC9E	EB0E	ED9F
666	EB06	EBA9	EDA0
667	EB15	EB1B	EDA1
668	EB8D	EB27	EDA2
669	EB00	EBBE	EDA3
670	EB32	EB10	EDA4
671	EB0B	EB37	EDA5
672	EB41	EB09	EDA6
673	EC0D	EB4E	EDA7
674	EB30	EB1C	EDA8
675	ECA2	EB8A	EDA9
676	EC32	EC13	EDAA
677	EB0B	EB2B	EDAB
678	EB14	EBEC	EDAC
679	EB86	EB0E	EDAD
680	EB12	EB30	EDAE
681	EB80	EBB6	EDAF
682	EB43	EB0D	EDB0
683	EBB1	EB28	EDB1
684	EB49	EB55	EDB2
685	EB18	EB55	EDB3
686	EB20	EB12	EDB4
687	EB09	EB46	EDB5
688	EB08	EB15	EDB6
689	EB09	EB0B	EDB7
690	EB10	EB35	EDB8
691	EB0B	EB50	EDB9
692	EBC3	EC60	EDBA
693	EBF0	EB13	EDBB
694	EB90	EB10	EDBC
695	EBA0	EC01	EDBD
696	EB10	EB33	EDBE
697	EB1A	EB9D	EDBF
698	EB10	EC23	EDC0
699	EB54	ECD6	EDC1
700	EB0E	EB16	EDC2
701	EB14	EB18	EDC3
702	EB49	EB3D	EDC4
703	EB09	EB26	EDC5
704	EB1D	EB15	EDC6
705	EC03	EB24	EDC7
706	EB28	EB27	EDC8
707	EB0D	EBD9	EDC9
708	EB07	EC1A	EDCA
709	EB11	EB40	EDCB
710	EB1B	EB0E	EDCC
711	EB24	EB3D	EDCD
712	EB45	EB06	EDCE
713	EBED	EB12	EDCF
714	EB10	EB29	EDD0
715	EB11	EB37	EDD1
716	EB6A	EB83	EDD2
717	EB0C	EB31	EDD3
718	EB20	EB5D	EDD4
719	EC11	EB15	EDD5
720	EB3C	EB08	EDD6
721	EB17	EB2D	EDD7
722	EB3C	EBE1	EDD8
723	EB4C	EB09	EDD9
724	EB0A	EB60	EDDA
725	EB19	EB26	EDDB
726	EB0B	EB5B	EDDC
727	EB0A	EB29	EDDD
728	EB0B	EB1D	EDDE
729	EB18	EB10	EDDF
730	EBAF	EB62	EDE0
731	EB10	EB1B	EDE1
732	EB4B	EB09	EDE2
733	EB16	EB28	EDE3
734	EB19	EB6F	EDE4
735	EB34	EB08	EDE5
736	EB46	EB10	EDE6
737	EB67	EB0D	EDE7
738	EBE6	EB10	EDE8
739	EBAB	EB21	EDE9
740	EC58	EB2A	EDEA
741	EB4D	EB06	EDEB
742	EB0B	EC7C	EDEC
743	EB24	EBB5	EDED
744	EB14	EB21	EDEE
745	EB17	EB11	EDEF
746	EB56	EB06	EDF0
747	EB07	EB0F	EDF1
748	EB16	EB10	EDF2
749	EB36	EB19	EDF3
750	EB44	EB08	EDF4
751	EB43	EB19	EDF5
752	EB1F	EB21	EDF6
753	EB09	EB55	EDF7
754	EC2D	EBC3	EDF8
755	EB37	EB30	EDF9
756	EB24	EB19	EDFA
757	ECF0	ED22	EDFB
758	EB1F	EB76	EDFC
759	EC16	EB0F	EDFD
760	EB06	EB9B	EDFE
761	ED62	EB13	EDFF
762	EB13	EB78	EE00
763	EB1A	EBEC	EE01
764	EB0B	EB62	EE02
765	EB2D	EB11	EE03
766	EB8C	EB11	EE04
767	EB59	EC64	EE05
768	EB1E	EB31	EE06
769	EC1E	EB71	EE07
770	EB17	EBAE	EE08
771	EC68	EB22	EE09
772	EB18	EB11	EE0A
773	EB09	EB5F	EE0B
774	EB35	ECF5	EE0C
775	EB13	EB30	EE0D
776	EB1A	EC18	EE0E
777	EB11	EDAD	EE0F
778	EB00	EB27	EE10
779	EB1E	EC9D	EE11
780	EB36	EB0C	EE12
781	EB25	ECC0	EE13
782	EB4B	EB3D	EE14
783	EB10	EB65	EE15
784	EB18	EB14	EE16
785	EB03	EB0D	EE17
786	EB00	EB39	EE18
787	EB1D	EB1B	EE19
788	EB2A	EB08	EE1A
789	EB01	EB24	EE1B
790	EB36	EB1E	EE1C
791	EB4A	EB12	EE1D
792	EB1B	EB3D	EE1E
793	EB16	EC74	EE1F
794	EB0D	EB3A	EE20
795	EB0E	EB31	EE21
796	EB68	ED08	EE22
797	EB63	EB2F	EE23
798	EB39	EB0D	EE24
799	EB09	EB56	EE25
800	EBC2	EC9D	EE26
801	EB0C	ECF6	EE27
802	EB0A	EBB5	EE28
803	EB00	EB34	EE29
804	EB0A	EBAB	EE2A
805	EB0B	EC15	EE2B
806	EB94	EB26	EE2C
807	EB05	EB27	EE2D
808	EB77	EB12	EE2E
809	EB11	EB2C	EE2F
810	EC99	EBFA	EE30
811	ECEE	ECA0	EE31
812	EB46	EB19	EE32
813	EBA0	EB06	EE33
814	EB0D	EB2D	EE34
815	EB11	EB27	EE35
816	EB14	EB26	EE36
817	EB4B	EB01	EE37
818	EB4C	EB40	EE38
819	EB16	EB2A	EE39
820	EB14	EBE1	EE3A
821	EBE2	EB0F	EE3B
822	EB11	EB55	EE3C
823	EB18	EB9D	EE3D
824	EB64	EBD5	EE3E
825	EB1A	EB4E	EE3F
826	EB13	EB2C	EE40
827	EDCA	EB0C	EE41
828	EB07	EB4C	EE42
829	EB20	EBB4	EE43
830	EB37	EB11	EE44
831	EC99	EC90	EE45
832	EB09	EBB4	EE46
833	EB0D	EB28	EE47
834	EB0C	EB1F	EE48
835	EB10	EB49	EE49
836	EB24	EB3A	EE4A
837	EB0C	EB14	EE4B
838	EB17	EBF1	EE4C
839	EB36	EB29	EE4D
840	EBF3	EB1C	EE4E
841	EB57	EC6B	EE4F
842	EB02	EB44	EE50
843	EB08	EB18	EE51
844	ECB6	ECD9	EE52
845	EB12	EBCB	EE53
846	EB13	ECE3	EE54
847	ED88	EB16	EE55
848	EB6D	EB0E	EE56
849	EC79	EB0C	EE57
850	EB0A	EB38	EE58
851	EB0B	EB48	EE59
852	EB1F	EB0F	EE5A
853	EB37	EB1A	EE5B
854	EB0D	EB32	EE5C
855	EC3B	EB13	EE5D
856	EB36	EB07	EE5E
857	EB20	EB85	EE5F
858	EB17	EB1B	EE60
859	EB03	EB26	EE61
860	EB08	EB14	EE62
861	EB04	EB1E	EE63
862	EC1A	EB3D	EE64
863	EC11	EB31	EE65
864	EB14	EB48	EE66
865	EBB1	EC37	EE67
866	EB7E	EB1C	EE68
867	EB46	EBB8	EE69
868	EB59	EBB0	EE6A
869	EB10	EB2B	EE6B
870	ED65	EB1C	EE6C
871	EB17	EB0E	EE6D
872	EB17	EB5D	EE6E
873	EB64	EB26	EE6F
874	EB0A	EC08	EE70
875	EB49	EB76	EE71
876	EB20	EB29	EE72
877	EB0D	EB2A	EE73
878	EB0D	EB7F	EE74
879	EB35	ED04	EE75
880	EB52	ED5A	EE76
881	EB24	EBA4	EE77
882	EB11	EB2F	EE78
883	EB01	EB0B	EE79
884	ED77	EC18	EE7A
885	EB13	EB0C	EE7B
886	EB06	EC97	EE7C
887	EB20	EB2D	EE7D
888	EB52	ED09	EE7E
889	EB5E	ECC6	EE7F
890	EB08	EB2D	EE80
891	EB30	EB89	EE81
892	EBFF	EB10	EE82
893	EB0B	EB2E	EE83
894	EB50	EB0F	EE84
895	EB7F	EB3D	EE85
896	EB0A	EBFC	EE86
897	EB0C	EB59	EE87
898	EBCA	EB62	EE88
899	EDA3	EB3D	EE89
900	EC20	EB10	EE8A
901	EB20	EB4B	EE8B
902	EB58	EB11	EE8C
903	EB3F	EB25	EE8D
904	EB08	EB28	EE8E
905	EB20	EB6D	EE8F
906	EBB7	ED4E	EE90
907	EB90	ECD5	EE91
908	EB30	EB09	EE92
909	EB5E	ECB0	EE93
910	ECBC	EB08	EE94
911	EB18	EB71	EE95
912	EB27	EB09	EE96
913	EB6F	EBB0	EE97
914	EB0D	EB10	EE98
915	EB09	EB75	EE99
916	EB12	EB26	EE9A
917	EB18	EB3B	EE9B
918	EBDE	EB23	EE9C
919	EB66	EB14	EE9D
920	EBD7	EB55	EE9E
921	EB44	EB11	EE9F
922	EB0B	EB66	EEA0
923	EB0C	EB13	EEA1
924	EB79	EB07	EEA2
925	EB7A	EB56	EEA3
926	EB9E	EB1B	EEA4
927	EB10	EC12	EEA5
928	EB0E	EB21	EEA6
929	EB0A	EB2D	EEA7
930	EB64	EC26	EEA8
931	EB33	EB7F	EEA9
932	EB10	EB21	EEAA
933	EB14	EB5F	EEAB
934	EDC7	EB9F	EEAC
935	EB68	ECB0	EEAD
936	EB5D	EB3D	EEAE
937	EB09	ED9C	EEAF
938	EB0C	EC65	EEB0
939	ED11	EC07	EEB1
940	EBD3	EB26	EEB2
941	EB0D	EBA3	EEB3
942	EB6D	EBF9	EEB4
943	EC05	EB5B	EEB5
944	EB17	EB0F	EEB6
945	EB1B	EB76	EEB7
946	ED5E	EB11	EEB8
947	EB1A	EB2C	EEB9
948	EBC7	EE81	EEBA
949	EB16	EB1C	EEBB
950	EB0B	EB6A	EEBC
951	EB60	EB3D	EEBD
952	EB8B	EB0F	EEBE
953	EB16	ECC6	EEBF
954	EB3B	EB12	EEC0
955	EB58	EB10	EEC1
956	EB10	EB8E	EEC2
957	EB28	EB10	EEC3
958	EDDF	EBF2	EEC4
959	EBB1	EBF9	EEC5
960	EB2E	EBBF	EEC6
961	EB09	EB3F	EEC7
962	EB01	EC0A	EEC8
963	EBBD	EC1A	EEC9
964	EB49	EB11	EECA
965	ED1C	EB0F	EECB
966	EB1D	EB3C	EECC
967	EB01	EB3B	EECD
968	EB46	EB3A	EECE
969	EB08	EB2A	EECF
970	EB34	EB1C	EED0
971	EB07	EB38	EED1
972	EB1F	EB3D	EED2
973	EB09	EB6A	EED3
974	EB10	EB14	EED4
975	EB0E	EB19	EED5
976	EB44	EB35	EED6
977	EB1B	EBD6	EED7
978	EBA0	EB08	EED8
979	EB4D	EB11	EED9
980	EB04	EB0D	EEDA
981	EBA4	EB40	EEDB
982	EB15	EB1A	EEDC
983	EB5C	EB06	EEDD
984	EB16	EBA6	EEDE
985	EB20	EB3F	EEDF
986	EB0B	EC12	EEE0
987	EB08	EB51	EEE1
988	EB01	EB0D	EEE2
989	EB44	EB19	EEE3
990	EBB1	EBFE	EEE4
991	EB42	EB10	EEE5
992	EB5B	EB07	EEE6
993	EB36	EC66	EEE7
994	EC71	EB66	EEE8
995	EB10	EC8E	EEE9
996	EBD8	EB1C	EEEA
997	EB36	EB97	EEEB
998	EB11	EBD5	EEEC
999	EB00	EB54	EEED
1000	EB10	EB72	EEEE
1001	EB20	EBC6	EEEF
1002	EB7A	ED31	EEF0
1003	EB01	EBD5	EEF1
1004	EB17	ECE8	EEF2
1005	EB0A	EB40	EEF3
1006	ED15	EB10	EEF4
1007	EC1B	EC70	EEF5
1008	EB16	EB27	EEF6
1009	EC10	EB06	EEF7
1010	EB57	EC82	EEF8
1011	EB6B	EB15	EEF9
1012	EB0E	EB5B	EEFA
1013	EB29	EC0C	EEFB
1014	EBAA	EB13	EEFC
1015	EC3F	EB42	EEFD
1016	EB68	EB0D	EEFE
1017	EB94	EBA7	EEFF
1018	EB19	EB0C	EF00
1019	ED7D	EB0B	EF01
1020	EBF4	EB1C	EF02
1021	EB4D	EB8B	EF03
1022	EB0D	EB18	EF04
1023	EDFA	EB51	EF05
1024	EB09	EB37	EF06
1025	EB54	EB9B	EF07
1026	EB37	EB2A	EF08
1027	EB1D	EB0C	EF09
1028	EB7C	EB06	EF0A
1029	EB81	EB42	EF0B
1030	EB36	EB8B	EF0C
1031	EB11	EB11	EF0D
1032	EB0C	EBC9	EF0E
1033	EB0D	EB26	EF0F
1034	ED11	EB0C	EF10
1035	EB3F	EB34	EF11
1036	EB17	EB1A	EF12
1037	EB33	EB83	EF13
1038	EBCA	EB11	EF14
1039	ED0C	EB22	EF15
1040	EB2A	EB81	EF16
1041	EB28	EB71	EF17
1042	EC1D	EB70	EF18
1043	EC59	EBA6	EF19
1044	EB2E	EB2B	EF1A
1045	EBE6	EB16	EF1B
1046	EC20	EB0F	EF1C
1047	EB07	EB16	EF1D
1048	EB14	EB2A	EF1E
1049	EB2E	EB16	EF1F
1050	EB1B	EC35	EF20
1051	EB44	EB06	EF21
1052	EBEF	ED51	EF22
1053	EB0D	EB0A	EF23
1054	EC6A	EC60	EF24
1055	EB20	EDA7	EF25
1056	EB18	EBD4	EF26
1057	EB30	EB0F	EF27
1058	EB61	EB0F	EF28
1059	EB0B	ECD3	EF29
1060	EB10	EB17	EF2A
1061	EB2E	EE86	EF2B
1062	EBEB	EB2A	EF2C
1063	EB1B	EB9F	EF2D
1064	EB0A	EB26	EF2E
1065	EB02	EB86	EF2F
1066	EB28	EBA7	EF30
1067	EB09	ECA3	EF31
1068	EB15	EB0C	EF32
1069	EB44	EDD6	EF33
1070	EBCF	EBC5	EF34
1071	EB20	EB28	EF35
1072	EB1D	EB2C	EF36
1073	EE3A	EB1C	EF37
1074	EB10	EB84	EF38
1075	EB37	EC13	EF39
1076	EB3F	EB11	EF3A
1077	EB98	EB0F	EF3B
1078	EB08	EB8D	EF3C
1079	EB09	EB21	EF3D
1080	EBA1	EB16	EF3E
1081	ECBC	EB1C	EF3F
1082	EB63	EB64	EF40
1083	EB6C	EB0E	EF41
1084	EB06	EBB8	EF42
1085	EB0B	EB60	EF43
1086	EBE5	EBB0	EF44
1087	EB1B	EB1C	EF45
1088	EBA8	EB8E	EF46
1089	EB77	EB0C	EF47
1090	EB12	EB8A	EF48
1091	EB64	EB37	EF49
1092	EB57	EC89	EF4A
1093	EB0D	EB47	EF4B
1094	EB19	EBEF	EF4C
1095	EB06	EB76	EF4D
1096	EB35	ECDE	EF4E
1097	EDDA	EB0F	EF4F
1098	EB1E	EB12	EF50
1099	EB5E	EBA6	EF51
1100	EB5B	EB12	EF52
1101	EB17	EB61	EF53
1102	EB02	EB64	EF54
1103	EB27	EB8C	EF55
1104	EB47	EC55	EF56
1105	EB63	EB25	EF57
1106	EB72	EB13	EF58
1107	EBE3	EC7B	EF59
1108	EB69	ED7E	EF5A
1109	EBAA	EB0E	EF5B
1110	EED8	EB8E	EF5C
1111	EB09	EB6D	EF5D
1112	EB10	EB24	EF5E
1113	EB59	EB06	EF5F
1114	EB40	EB0F	EF60
1115	EB20	EBE8	EF61
1116	EB19	EC3E	EF62
1117	EB07	EB17	EF63
1118	EDD3	EB1C	EF64
1119	EB18	EC9F	EF65
1120	EB19	EDF4	EF66
1121	EB49	EB13	EF67
1122	ED42	EB09	EF68
1123	EB12	EB20	EF69
1124	EB1F	EB15	EF6A
1125	EB10	EB5E	EF6B
1126	EC85	ED01	EF6C
1127	EB0C	EC5A	EF6D
1128	EB09	EB32	EF6E
1129	EBA5	EB12	EF6F
1130	EC88	EDBF	EF70
1131	EB2C	EB21	EF71
1132	EBC3	EB23	EF72
1133	EBF8	EB29	EF73
1134	EB7F	EB58	EF74
1135	EB20	EB6A	EF75
1136	EB07	EB0A	EF76
1137	EB53	EB33	EF77
1138	EB1E	ED81	EF78
1139	EB11	EB7C	EF79
1140	EB19	EB10	EF7A
1141	EB11	EB26	EF7B
1142	EB20	ED0F	EF7C
1143	EC15	EB09	EF7D
1144	EBEA	EC57	EF7E
1145	EC51	EC1F	EF7F
1146	EB28	EB9D	EF80
1147	EB36	EB5D	EF81
1148	EDD0	EB38	EF82
1149	EB36	EC6F	EF83
1150	EB86	EB1C	EF84
1151	EB12	EB97	EF85
1152	EB28	EB19	EF86
1153	EC33	EC37	EF87
1154	EB29	EB12	EF88
1155	EB7F	ED67	EF89
1156	EB00	EB47	EF8A
1157	EE15	EDAF	EF8B
1158	EB66	EB10	EF8C
1159	EB0A	EB4C	EF8D
1160	EB20	EB46	EF8E
1161	EB48	EB13	EF8F
1162	EB02	EB54	EF90
1163	EB34	EB21	EF91
1164	EBA1	EB4B	EF92
1165	EB50	EB2A	EF93
1166	EB61	EB21	EF94
1167	EB2A	EB12	EF95
1168	EB0B	EB4C	EF96
1169	EB88	EB0F	EF97
1170	EB2C	ECD7	EF98
1171	EB0D	EBB4	EF99
1172	EB32	EB09	EF9A
1173	EB16	EB12	EF9B
1174	EB74	EB1E	EF9C
1175	ED99	EC43	EF9D
1176	EB88	EB1C	EF9E
1177	EB0A	EB3D	EF9F
1178	EB00	EB5E	EFA0
1179	EB20	EB1A	EFA1
1180	EB7F	EB0E	EFA2
1181	EC50	EB14	EFA3
1182	EB17	EE89	EFA4
1183	EB7A	EB14	EFA5
1184	EBA5	EC2A	EFA6
1185	EB3F	EB0E	EFA7
1186	EB15	EB55	EFA8
1187	EB35	EDB2	EFA9
1188	EC3D	EB32	EFAA
1189	EB66	EB07	EFAB
1190	EB89	EB21	EFAC
1191	EC2F	EC5C	EFAD
1192	EB90	EB58	EFAE
1193	EB42	EB11	EFAF
1194	ED95	EC2C	EFB0
1195	ECF2	EB22	EFB1
1196	EB57	EB92	EFB2
1197	EB20	EBCB	EFB3
1198	EC10	EB10	EFB4
1199	EB5C	EB09	EFB5
1200	EB4A	EB0C	EFB6
1201	EB2B	EB1C	EFB7
1202	EB7A	EB1F	EFB8
1203	EB32	EB1F	EFB9
1204	EB5A	EB08	EFBA
1205	EB59	EB0F	EFBB
1206	EDF0	EC73	EFBC
1207	EBED	EB19	EFBD
1208	ED7F	EBF8	EFBE
1209	EB0C	ED3D	EFBF
1210	EB36	EB13	EFC0
1211	EB0A	EBDC	EFC1
1212	EB4E	ED26	EFC2
1213	EB0C	EB16	EFC3
1214	EB0A	EB3E	EFC4
1215	ED87	EBF2	EFC5
1216	EB69	EDCB	EFC6
1217	EB02	EBD8	EFC7
1218	EB2D	EB3C	EFC8
1219	EB3A	EB0E	EFC9
1220	EB91	EB51	EFCA
1221	EB0A	EB21	EFCB
1222	EB36	EBCB	EFCC
1223	EBA5	EC2B	EFCD
1224	EC77	EB14	EFCE
1225	ED4D	EB0E	EFCF
1226	EB81	EC23	EFD0
1227	EEFE	EB55	EFD1
1228	EB30	EB19	EFD2
1229	EB2D	EE0D	EFD3
1230	EB13	ED08	EFD4
1231	EFAE	EB1A	EFD5
1232	EB3F	EB3D	EFD6
1233	EB64	ED39	EFD7
1234	EB11	EB14	EFD8
1235	EB19	EDA4	EFD9
1236	EB38	EB70	EFDA
1237	EC49	EB1C	EFDB
1238	EBEB	EB79	EFDC
1239	EB20	EC84	EFDD
1240	EB43	EB17	EFDE
1241	EB3C	EB18	EFDF
1242	EC03	EB86	EFE0
1243	ECF4	EB7B	EFE1
1244	EB57	EC54	EFE2
1245	EB17	EB8B	EFE3
1246	EC45	EC45	EFE4
1247	EBE5	EB74	EFE5
1248	EB14	EB2F	EFE6
1249	EB6B	ED3E	EFE7
1250	EB65	EEE8	EFE8
1251	EB42	EB12	EFE9
1252	EB13	EB15	EFEA
1253	EB87	EC9F	EFEB
1254	EB13	EB69	EFEC
1255	EBA0	EB0F	EFED
1256	EB12	EB78	EFEE
1257	EBB8	EB1C	EFEF
1258	EB1A	EC54	EFF0
1259	EB0A	EB4B	EFF1
1260	EB35	EB3C	EFF2
1261	EB15	EB2C	EFF3
1262	EB2A	EB27	EFF4
1263	EB01	EB53	EFF5
1264	ECCF	ED8C	EFF6
1265	EFE0	EC87	EFF7
1266	EB4B	EB0E	EFF8
1267	EB49	EB12	EFF9
1268	EB14	EBAE	EFFA
1269	EBC6	EBC6	EFFB
1270	EBB8	EB19	EFFC
1271	ED66	EB23	EFFD
1272	EB36	EB11	EFFE
1273	EBF1	EDA2	EFFF
1274	EB0B	EB1F	F000
1275	EB45	EB08	F001
1276	ED06	EB1C	F002
1277	EB57	EB4E	F003
1278	EC1E	EF17	F004
1279	EBB9	ED12	F005
1280	EBEE	EB0C	F006
1281	EB63	EB24	F007
1282	EB28	EB2F	F008
1283	EB19	EB5D	F009
1284	EB13	EB53	F00A
1285	EB6A	EB3D	F00B
1286	EB09	ED0F	F00C
1287	EB20	EB08	F00D
1288	EB4B	EB19	F00E
1289	EB4A	ECF8	F00F
1290	EB1A	EB34	F010
1291	EB0B	EB31	F011
1292	EB94	EB19	F012
1293	EB68	EB0C	F013
1294	EB54	EBAF	F014
1295	EB09	EB31	F015
1296	EB78	EB0E	F016
1297	EB24	EC16	F017
1298	EB24	EB1A	F018
1299	ECE4	ED3B	F019
1300	EB20	EB56	F01A
1301	EB06	ECAA	F01B
1302	EB0A	EBD3	F01C
1303	EB88	EB2C	F01D
1304	EB17	EB16	F01E
1305	EB4D	EB08	F01F
1306	EB0C	EBB0	F020
1307	EB12	EB16	F021
1308	EB32	ED4A	F022
1309	EB36	EBA4	F023
1310	ECFE	ED47	F024
1311	EB72	ED3D	F025
1312	EB1A	EB42	F026
1313	EB5E	EB0E	F027
1314	EB39	EC40	F028
1315	EB11	EB21	F029
1316	EC28	EB23	F02A
1317	EDC3	EB42	F02B
1318	EB15	EF67	F02C
1319	ED18	ECD5	F02D
1320	EB11	EB15	F02E
1321	EB03	EB1C	F02F
1322	EBA1	EB0E	F030
1323	EB72	EB31	F031
1324	EB20	EB15	F032
1325	EB5D	EC1F	F033
1326	EB4C	EB0A	F034
1327	EB46	EB2A	F035
1328	EB57	EB32	F036
1329	ED40	EB14	F037
1330	EB28	ED8E	F038
1331	EB11	EBF5	F039
1332	EB33	EB28	F03A
1333	EF2F	EB16	F03B
1334	EB06	EBDD	F03C
1335	EB6B	EB31	F03D
1336	EB31	EB32	F03E
1337	EB37	EB0F	F03F
1338	EB17	EBC9	F040
1339	EB5D	EB41	F041
1340	ED1B	EB16	F042
1341	EB35	ED07	F043
1342	EB11	EB12	F044
1343	EB09	EBA3	F045
1344	EC5D	ED3B	F046
1345	EB3A	EB06	F047
1346	EB07	EC8E	F048
1347	EC77	EC53	F049
1348	ED61	EDA2	F04A
1349	EB02	EC31	F04B
1350	EB17	EB0D	F04C
1351	EB19	EBB5	F04D
1352	EB3C	EB0E	F04E
1353	EBAE	EB0F	F04F
1354	EB09	EBD1	F050
1355	EB0D	EBDB	F051
1356	EB0E	EB09	F052
1357	EBF3	EB95	F053
1358	EB65	EED7	F054
1359	EB94	ECEC	F055
1360	EB29	EB0D	F056
1361	EE1D	EE68	F057
1362	EB0D	EB59	F058
1363	EB2D	EB27	F059
1364	EC2E	EB30	F05A
1365	EB4A	EB5F	F05B
1366	EB32	EB1C	F05C
1367	EB99	EB67	F05D
1368	EB02	ECD2	F05E
1369	EBE2	EB1C	F05F
1370	EB88	EB41	F060
1371	EB36	EB12	F061
1372	EB0B	EB21	F062
1373	EB1E	EB15	F063
1374	EBA8	EB71	F064
1375	EB5B	EB21	F065
1376	EB10	EB27	F066
1377	EB32	EB8C	F067
1378	EB1A	EB12	F068
1379	EB77	EB16	F069
1380	EB20	EB32	F06A
1381	EBA0	EB16	F06B
1382	EB42	EB14	F06C
1383	EB74	EB06	F06D
1384	EB13	EBCB	F06E
1385	EB07	EB1B	F06F
1386	EBFF	EB2F	F070
1387	EB46	EB76	F071
1388	EB52	EB97	F072
1389	EB47	EBB4	F073
1390	EBFD	EB40	F074
1391	EB0B	ECE7	F075
1392	EBAF	EB78	F076
1393	EB8F	EE0A	F077
1394	EB33	EB74	F078
1395	EB0E	EB0A	F079
1396	EB24	EB12	F07A
1397	EB4E	EB0E	F07B
1398	EF58	EB2A	F07C
1399	EB4A	EBD0	F07D
1400	EB0B	ED93	F07E
1401	EB0E	EB12	F07F
1402	EB09	EC74	F080
1403	ECE1	EB15	F081
1404	EB28	EC0A	F082
1405	EB80	EB0D	F083
1406	EB43	EB35	F084
1407	EB81	EB59	F085
1408	EB18	EB26	F086
1409	EB1A	EB1B	F087
1410	EB36	EB0E	F088
1411	EB2E	EB0C	F089
1412	EB10	EB2F	F08A
1413	EC16	ECBB	F08B
1414	EF0B	EB77	F08C
1415	EB17	EBB5	F08D
1416	EB01	EBA6	F08E
1417	EB8F	EC7B	F08F
1418	EB28	EB4D	F090
1419	EE1B	EBD1	F091
1420	EC87	EB0E	F092
1421	EBAD	EB1A	F093
1422	EBFD	EB6F	F094
1423	EC86	EB14	F095
1424	EB17	EB24	F096
1425	EB2B	EB15	F097
1426	EB0B	EB75	F098
1427	EC30	EBE9	F099
1428	EBD2	EB07	F09A
1429	EB4D	EE5A	F09B
1430	EB06	EB12	F09C
1431	ECD1	EC0A	F09D
1432	EBB9	EBD1	F09E
1433	EBE7	EB1F	F09F
1434	EB07	EB73	F0A0
1435	EC6C	EB88	F0A1
1436	EE29	EB26	F0A2
1437	EB12	EB46	F0A3
1438	EB49	EB40	F0A4
1439	EB29	EB10	F0A5
1440	EEFC	EBB2	F0A6
1441	EB09	EE6A	F0A7
1442	EC8A	EB53	F0A8
1443	EBBD	EE01	F0A9
1444	EB18	EB90	F0AA
1445	EB19	EB0E	F0AB
1446	EB5F	EB24	F0AC
1447	ECC8	EECB	F0AD
1448	EB4A	EB7E	F0AE
1449	EB06	EB2D	F0AF
1450	EB4D	EB37	F0B0
1451	EB92	EB0D	F0B1
1452	EB37	EB76	F0B2
1453	EB35	EE55	F0B3
1454	EB17	ED0B	F0B4
1455	EC07	EF1C	F0B5
1456	EC28	EB0E	F0B6
1457	EB1E	EB0F	F0B7
1458	EB97	EB30	F0B8
1459	EFB0	EB0B	F0B9
1460	EB48	EB3D	F0BA
1461	EB36	EE97	F0BB
1462	EB2A	EB2F	F0BC
1463	EC73	EB2C	F0BD
1464	EB0B	EB46	F0BE
1465	EC56	EB1A	F0BF
1466	EB62	EF56	F0C0
1467	ED0A	EB3D	F0C1
1468	EB96	ED70	F0C2
1469	EB0D	EB41	F0C3
1470	EB81	EDAE	F0C4
1471	EB44	EB0C	F0C5
1472	EB05	EB54	F0C6
1473	EB20	EF3B	F0C7
1474	EB85	EB27	F0C8
1475	EC03	EEEA	F0C9
1476	EB36	ED7C	F0CA
1477	EB4D	EBEF	F0CB
1478	EB5B	EB0D	F0CC
1479	EB14	EB66	F0CD
1480	EB28	EB0B	F0CE
1481	EC45	EB4B	F0CF
1482	EB69	EC54	F0D0
1483	ECAB	EBFD	F0D1
1484	EB4B	EB2A	F0D2
1485	EB10	EC00	F0D3
1486	EB3F	EB1C	F0D4
1487	EDAA	EB21	F0D5
1488	EE49	EB1C	F0D6
1489	EB10	EB50	F0D7
1490	EEEE	EC65	F0D8
1491	EB17	ED2F	F0D9
1492	EB35	EB14	F0DA
1493	EB71	EB21	F0DB
1494	EB4D	EE38	F0DC
1495	EB06	EBFF	F0DD
1496	EB7F	EB15	F0DE
1497	EB0A	EB3A	F0DF
1498	ED59	EEC5	F0E0
1499	EB70	EB07	F0E1
1500	EB92	EB09	F0E2
1501	EB97	EB0D	F0E3
1502	EB16	EC2C	F0E4
1503	EBEF	ECD7	F0E5
1504	EB1B	EB11	F0E6
1505	EB1E	EB0D	F0E7
1506	EB65	EE66	F0E8
1507	EE4D	EDB1	F0E9
1508	EB0A	EC4D	F0EA
1509	EB1A	EB26	F0EB
1510	EB29	EBF0	F0EC
1511	EB20	EBA9	F0ED
1512	EB4D	EB16	F0EE
1513	EB16	EB33	F0EF
1514	EB13	EB21	F0F0
1515	EC30	EC64	F0F1
1516	EB15	EB23	F0F2
1517	EC79	EBAD	F0F3
1518	EB13	EB2F	F0F4
1519	EB23	EC6E	F0F5
1520	EDA0	ED39	F0F6
1521	EB29	EB07	F0F7
1522	EB70	EB0E	F0F8
1523	EB44	EB12	F0F9
1524	EB0E	EB1F	F0FA
1525	EBEB	EB11	F0FB
1526	ED7C	EB46	F0FC
1527	EBED	EBB0	F0FD
1528	EB24	EB10	F0FE
1529	EBAA	EBB6	F0FF
1530	EBB8	EB22	F100
1531	EB85	EB3D	F101
1532	ECCC	EEB2	F102
1533	EB0D	ECE8	F103
1534	ECA0	EC3D	F104
1535	EB5C	EB19	F105
1536	EB13	EB2E	F106
1537	EB13	EB22	F107
1538	EB16	EE2E	F108
1539	EB09	EB62	F109
1540	EB0A	EB95	F10A
1541	EB08	EB75	F10B
1542	EB16	EB47	F10C
1543	EB81	EB0C	F10D
1544	EB90	EB19	F10E
1545	EC47	EBCB	F10F
1546	EB52	EF37	F110
1547	EBDC	EB0F	F111
1548	EB60	EBF7	F112
1549	EBA5	EB09	F113
1550	EB0D	EB8D	F114
1551	EB1D	EB0E	F115
1552	EB36	ED63	F116
1553	EB12	EC2E	F117
1554	EB09	EB34	F118
1555	EB25	ECDC	F119
1556	EE42	EB31	F11A
1557	EBE2	EB27	F11B
1558	EB15	EB7E	F11C
1559	EC5A	EBA1	F11D
1560	EB12	EBAC	F11E
1561	EB07	EE01	F11F
1562	EB20	EB9B	F120
1563	EB33	EB16	F121
1564	EB18	EB42	F122
1565	EB08	EC8F	F123
1566	EB1E	EB19	F124
1567	EB0B	EB24	F125
1568	EB33	EEC6	F126
1569	EB65	EEB4	F127
1570	EEC9	EB9F	F128
1571	EB2B	EB21	F129
1572	EC8D	EB3D	F12A
1573	EB17	ED63	F12B
1574	ED68	EB76	F12C
1575	EB63	EC31	F12D
1576	EB20	EC41	F12E
1577	EB1E	EB61	F12F
1578	EB8D	EB34	F130
1579	EC55	EB0B	F131
1580	EB79	EB09	F132
1581	EB79	EB11	F133
1582	EB28	EBFD	F134
1583	EB44	EB14	F135
1584	EB00	EBC5	F136
1585	EB4D	EE9B	F137
1586	EB36	EF01	F138
1587	ED32	EB0D	F139
1588	EB17	EB97	F13A
1589	ED38	EC0C	F13B
1590	EB96	EC9B	F13C
1591	EB65	EE21	F13D
1592	EB2A	EC7D	F13E
1593	EB68	EB0E	F13F
1594	EF99	ECB3	F140
1595	EB4A	EB08	F141
1596	EBC8	EB0A	F142
1597	EB19	ECAD	F143
1598	EB65	ED04	F144
1599	EB82	EB6E	F145
1600	EB20	EC98	F146
1601	EB29	EDB7	F147
1602	EB52	EEFA	F148
1603	EB22	EB21	F149
1604	EB19	EB0B	F14A
1605	EB0A	EB6B	F14B
1606	EB36	EB28	F14C
1607	EB20	EB83	F14D
1608	EBE5	EB15	F14E
1609	EE22	EB08	F14F
1610	EBCF	EBAB	F150
1611	EB13	EB8E	F151
1612	EB0E	EB24	F152
1613	EB0D	EB61	F153
1614	ED35	EBC3	F154
1615	EB20	EBA3	F155
1616	EB10	EB85	F156
1617	EB2D	EB6D	F157
1618	EB5B	EB30	F158
1619	EB65	EDFB	F159
1620	EB6A	EB55	F15A
1621	EB33	EDED	F15B
1622	EFCE	EB08	F15C
1623	EB59	EB16	F15D
1624	EB33	EB11	F15E
1625	EB6C	EB11	F15F
1626	EB68	ECE3	F160
1627	EB19	EB6D	F161
1628	EC9E	EBA9	F162
1629	EB5C	EB0E	F163
1630	EB96	ECDF	F164
1631	EE31	EB0F	F165
1632	EB0C	EB21	F166
1633	EDBC	EB84	F167
1634	EBC6	EBB2	F168
1635	EB18	EB48	F169
1636	EC4E	EDD9	F16A
1637	EB18	EB32	F16B
1638	EB0A	EB5B	F16C
1639	ED99	EB0A	F16D
1640	EB36	EF26	F16E
1641	EEF8	ECD4	F16F
1642	EC2E	EB12	F170
1643	EBAA	EB25	F171
1644	EEAD	EB6E	F172
1645	EB6A	EB2A	F173
1646	EB1A	EB2E	F174
1647	EB13	EBB5	F175
1648	EB09	EB23	F176
1649	EB18	ECF2	F177
1650	EB0B	EB45	F178
1651	EB34	EB0F	F179
1652	ED83	EC42	F17A
1653	EB08	EE04	F17B
1654	EB77	EB3D	F17C
1655	EB80	EB12	F17D
1656	EB2A	EB10	F17E
1657	EB19	EB2C	F17F
1658	EE22	EB1C	F180
1659	EC30	EB16	F181
1660	EB07	EB78	F182
1661	EB17	EB3E	F183
1662	EB0E	EB8D	F184
1663	F0CA	EB5B	F185
1664	EB35	EE0E	F186
1665	EB49	EC35	F187
1666	EBA4	EB22	F188
1667	EB05	EBC5	F189
1668	EBA9	EB15	F18A
1669	EC33	EB28	F18B
1670	EE79	EBF4	F18C
1671	EB8F	EFBD	F18D
1672	EB27	EB11	F18E
1673	EB4B	EBA2	F18F
1674	EB3F	EB1B	F190
1675	EB0C	EB29	F191
1676	EB57	EB2B	F192
1677	EBDE	EB09	F193
1678	EB52	EB16	F194
1679	EB06	EBE0	F195
1680	EBFF	EB0E	F196
1681	EB4D	EB74	F197
1682	EB47	EB3D	F198
1683	EB44	EB16	F199
1684	EBB1	EB3C	F19A
1685	EB0E	ED31	F19B
1686	EB38	F101	F19C
1687	EB19	EB28	F19D
1688	EB6C	EB75	F19E
1689	EB31	EB09	F19F
1690	EB4D	EB07	F1A0
1691	EB0B	F0B9	F1A1
1692	EB58	EB15	F1A2
1693	EB16	EB13	F1A3
1694	EB1A	EB66	F1A4
1695	EB0A	EBA4	F1A5
1696	EC86	EB18	F1A6
1697	EB07	EB61	F1A7
1698	EE2B	ED34	F1A8
1699	EB27	EB2C	F1A9
1700	EF30	EBB6	F1AA
1701	EB9D	EB0F	F1AB
1702	ED92	EB8E	F1AC
1703	ECA4	EB2A	F1AD
1704	EC42	EB3D	F1AE
1705	EB51	EB21	F1AF
1706	EB5D	EB84	F1B0
1707	EB06	ECD6	F1B1
1708	EB57	EB1B	F1B2
1709	EB14	ECF8	F1B3
1710	EB4A	EB0E	F1B4
1711	EB37	EB09	F1B5
1712	EB6D	EB0D	F1B6
1713	EC03	ED05	F1B7
1714	EB72	EC5A	F1B8
1715	ED75	EB18	F1B9
1716	EB35	EDFB	F1BA
1717	F006	EB5D	F1BB
1718	EE03	EB71	F1BC
1719	EB17	F0FC	F1BD
1720	EB41	EB2C	F1BE
1721	EB26	EB08	F1BF
1722	ECCF	EBE9	F1C0
1723	EB6E	EBD9	F1C1
1724	EC1F	EB22	F1C2
1725	EB0B	EB73	F1C3
1726	EED9	EB7E	F1C4
1727	EB27	EB0C	F1C5
1728	EF29	EB1C	F1C6
1729	EB0E	EC06	F1C7
1730	EB29	EB11	F1C8
1731	EC1E	F0BD	F1C9
1732	EB17	EC81	F1CA
1733	EBA5	EE80	F1CB
1734	ECFE	EE44	F1CC
1735	EB92	EB3D	F1CD
1736	ED23	ED25	F1CE
1737	EC3C	EECC	F1CF
1738	EB64	F070	F1D0
1739	EB96	EB19	F1D1
1740	EC15	EB1A	F1D2
1741	EB06	EEB9	F1D3
1742	EB35	ED48	F1D4
1743	EB1F	EB10	F1D5
1744	EB0D	EB60	F1D6
1745	EBFA	EB13	F1D7
1746	EB16	EB1F	F1D8
1747	EE23	EC0F	F1D9
1748	EDC1	EC8C	F1DA
1749	EBDD	EC65	F1DB
1750	EB48	EB3A	F1DC
1751	EEDD	EBBC	F1DD
1752	EB32	EB12	F1DE
1753	EC51	EB84	F1DF
1754	EB20	EB37	F1E0
1755	EB06	EB08	F1E1
1756	EDC1	EB11	F1E2
1757	EC26	EB14	F1E3
1758	EBBD	EE84	F1E4
1759	EBA2	EB0E	F1E5
1760	EB5E	EB80	F1E6
1761	EB08	EBF3	F1E7
1762	EB76	EB21	F1E8
1763	EB20	EB40	F1E9
1764	EB09	EB8C	F1EA
1765	EB63	ECFF	F1EB
1766	EE25	EB09	F1EC
1767	EC01	EB3B	F1ED
1768	EB20	EF2B	F1EE
1769	EB5E	EC3A	F1EF
1770	EB36	ED6C	F1F0
1771	ED69	EB07	F1F1
1772	EB18	EB62	F1F2
1773	EB42	EB0E	F1F3
1774	EB0D	EB1B	F1F4
1775	EB2D	EB60	F1F5
1776	EB14	EB84	F1F6
1777	EB1D	EB11	F1F7
1778	EC56	ECF3	F1F8
1779	EB6B	F00B	F1F9
1780	EB2C	EB15	F1FA
1781	EB6D	EB10	F1FB
1782	EB0D	EB78	F1FC
1783	EB14	EB34	F1FD
1784	EB10	EB30	F1FE
1785	EB09	EBA4	F1FF
1786	EB4B	EB11	F200
1787	EB18	EB21	F201
1788	EB18	EB0B	F202
1789	EB42	EB21	F203
1790	EB88	EB26	F204
1791	EB65	F0F5	F205
1792	EB01	EBC4	F206
1793	EB19	EB95	F207
1794	ED49	EC9F	F208
1795	EF8C	EB1F	F209
1796	EFA5	EB79	F20A
1797	EB85	EB10	F20B
1798	EBD6	EC20	F20C
1799	EB10	EB9B	F20D
1800	EB5E	EC74	F20E
1801	EB3F	EEF1	F20F
1802	EBC2	EC91	F210
1803	EB5D	EB10	F211
1804	EB7F	EB19	F212
1805	ECC3	EB27	F213
1806	EB4D	EDA4	F214
1807	EC48	EB1C	F215
1808	EB11	EB53	F216
1809	EB10	EB68	F217
1810	EE48	EBF6	F218
1811	EB14	EB23	F219
1812	EC07	F218	F21A
1813	EC39	EC0C	F21B
1814	EB65	ECF5	F21C
1815	EDEF	EB22	F21D
1816	EB3B	EB08	F21E
1817	EBA0	EB13	F21F
1818	EB2D	EB0F	F220
1819	EB11	EC5E	F221
1820	EE61	EBD3	F222
1821	ED2C	EB2C	F223
1822	EDAE	EB0A	F224
1823	EB17	EBA3	F225
1824	EB47	EB4C	F226
1825	EC0B	EB51	F227
1826	EF96	ECE0	F228
1827	EB07	EB13	F229
1828	EB58	EB12	F22A
1829	EB4A	EC44	F22B
1830	EB0C	EBA1	F22C
1831	EBF7	EB0F	F22D
1832	EB32	EB26	F22E
1833	EB37	EB10	F22F
1834	EBA8	EB09	F230
1835	EB1B	ECBA	F231
1836	EC3F	EB26	F232
1837	EB19	EB09	F233
1838	EB6E	EB14	F234
1839	EB0C	EB1A	F235
1840	EB2A	EC22	F236
1841	EC4A	EB5C	F237
1842	EF74	EBB2	F238
1843	EB6C	EB62	F239
1844	EC01	EB27	F23A
1845	EB7F	EB32	F23B
1846	EB18	EDBC	F23C
1847	EB28	EB08	F23D
1848	EFDF	EBA9	F23E
1849	EB06	EB14	F23F
1850	EB6E	EB6C	F240
1851	EB24	F222	F241
1852	ECC0	EB08	F242
1853	EB36	EC38	F243
1854	EC16	EB7E	F244
1855	EB12	EB22	F245
1856	EB62	EB32	F246
1857	EB5C	EB29	F247
1858	EB06	EB3D	F248
1859	EF53	EB1C	F249
1860	EC25	EB21	F24A
1861	ECAB	F20D	F24B
1862	ED10	EB12	F24C
1863	EB6F	F239	F24D
1864	EE32	EB40	F24E
1865	EB5D	EB09	F24F
1866	EB35	EDAF	F250
1867	EB0D	EBF3	F251
1868	EB2D	EBE9	F252
1869	EDB9	EB67	F253
1870	EB23	EB2C	F254
1871	ED84	EB1F	F255
1872	ED4D	EB40	F256
1873	EB08	EC26	F257
1874	EB2A	EB84	F258
1875	EC9E	EB2F	F259
1876	EDD7	EB3C	F25A
1877	EB18	EB40	F25B
1878	EB3C	EB1A	F25C
1879	EB1A	EC6B	F25D
1880	EBD2	EF8F	F25E
1881	EB69	EB25	F25F
1882	EC31	EB23	F260
1883	EB54	EC97	F261
1884	EBD2	EB0C	F262
1885	EC76	EDFD	F263
1886	EBA5	EC0C	F264
1887	EB66	EB3A	F265
1888	EE73	ED5C	F266
1889	EB55	EB21	F267
1890	EB26	EB2C	F268
1891	EDD1	EBD1	F269
1892	EB20	EF6A	F26A
1893	EB28	EBB9	F26B
1894	EB33	EB60	F26C
1895	EB2B	EB14	F26D
1896	ED77	EB23	F26E
1897	EB0D	EB6C	F26F
1898	EB60	EB11	F270
1899	EBC0	EB21	F271
1900	EB64	EB09	F272
1901	EB87	EC0C	F273
1902	EF23	EB62	F274
1903	EB0C	EB22	F275
1904	EB66	EB13	F276
1905	EBCA	F274	F277
1906	EB35	F188	F278
1907	EC50	EB0E	F279
1908	ED7F	ECB5	F27A
1909	EB14	EEE6	F27B
1910	EB72	EEAE	F27C
1911	EB19	EBE5	F27D
1912	EB0A	EB3F	F27E
1913	EB35	EFE5	F27F
1914	EB0D	EB3F	F280
1915	EB1E	EC91	F281
1916	EB11	EB13	F282
1917	EB8D	F0BA	F283
1918	EB06	EB32	F284
1919	EDC1	EB4C	F285
1920	EB00	EBA6	F286
1921	EB31	EB10	F287
1922	EC76	EF9B	F288
1923	ED73	EBB9	F289
1924	EBA1	EB0F	F28A
1925	EB42	EB13	F28B
1926	EC05	EC0F	F28C
1927	EB1D	EB91	F28D
1928	EBC3	EB22	F28E
1929	ECA8	EB64	F28F
1930	EB81	F18C	F290
1931	EB52	EB59	F291
1932	EB37	EBA8	F292
1933	EB20	EB6E	F293
1934	EB20	F05F	F294
1935	EB0B	EB49	F295
1936	EB46	EBD6	F296
1937	EB5A	EB15	F297
1938	EB43	EB29	F298
1939	EB24	EC58	F299
1940	EB23	EB1C	F29A
1941	EB06	EB09	F29B
1942	EC93	EB1C	F29C
1943	EB0C	EFD5	F29D
1944	EB52	EB8B	F29E
1945	ED57	EB7F	F29F
1946	EB0D	ED3C	F2A0
1947	EB1D	EB13	F2A1
1948	EB07	EB10	F2A2
1949	EB33	EB29	F2A3
1950	EB07	EBC1	F2A4
1951	EB06	EBD6	F2A5
1952	EB14	EB11	F2A6
1953	EB72	EB0A	F2A7
1954	EC6F	EB84	F2A8
1955	EB2D	EB10	F2A9
1956	EB0D	EB34	F2AA
1957	EB08	EFBA	F2AB
1958	EBF4	EB1F	F2AC
1959	EB3A	EB2B	F2AD
1960	EB36	EF39	F2AE
1961	EB4D	EC94	F2AF
1962	EB0E	EBAE	F2B0
1963	EB01	EB34	F2B1
1964	EB15	EB9D	F2B2
1965	EB88	F078	F2B3
1966	EB07	EBAB	F2B4
1967	EB4B	EB76	F2B5
1968	EC9A	EE3D	F2B6
1969	EBE3	EB31	F2B7
1970	EC3F	EB23	F2B8
1971	EB57	EC36	F2B9
1972	EF5D	EBB9	F2BA
1973	EBE2	EB2C	F2BB
1974	EB08	EB41	F2BC
1975	EB0D	F042	F2BD
1976	EB17	F1F1	F2BE
1977	EBDF	EC22	F2BF
1978	EFE6	EB1F	F2C0
1979	EB4D	EB0E	F2C1
1980	ECF9	EE95	F2C2
1981	EB2D	EB02	F2C3
1982	EB30	EB2F	F2C4
1983	EB2D	EBA0	F2C5
1984	EB4B	EB71	F2C6
1985	EC8A	EB16	F2C7
1986	EB6A	EBA9	F2C8
1987	EB20	EB8C	F2C9
1988	EB17	EBD4	F2CA
1989	EB1A	EB0A	F2CB
1990	EB2F	EB11	F2CC
1991	EB91	EB24	F2CD
1992	EC3C	EF68	F2CE
1993	EB57	ED67	F2CF
1994	EB42	EB30	F2D0
1995	EB08	EDE0	F2D1
1996	F22C	F109	F2D2
1997	EB34	EC65	F2D3
1998	EB19	EB37	F2D4
1999	EB36	EBC9	F2D5
2000	EB59	ED2D	F2D6
2001	EB5E	EE2E	F2D7
2002	EB12	EB7E	F2D8
2003	EE8F	EB9E	F2D9
2004	EB29	F157	F2DA
2005	EB06	EB40	F2DB
2006	EB19	EE38	F2DC
2007	EB4D	EDC8	F2DD
2008	EB0A	EBB2	F2DE
2009	EB33	EF11	F2DF
2010	EBB8	EB62	F2E0
2011	EB17	EB1E	F2E1
2012	EB58	EB31	F2E2
2013	EB17	EB50	F2E3
2014	EB33	F0E2	F2E4
2015	EB0D	EB53	F2E5
2016	EB74	EB34	F2E6
2017	EDB5	F03F	F2E7
2018	EC96	EB15	F2E8
2019	EB6F	EB16	F2E9
2020	ED54	EE3B	F2EA
2021	EE4B	EB71	F2EB
2022	EB02	EC7D	F2EC
2023	EB70	EB11	F2ED
2024	EB28	EE32	F2EE
2025	EFFB	EB0F	F2EF
2026	EB0D	F028	F2F0
2027	EBC8	EB3D	F2F1
2028	EB23	EB0D	F2F2
2029	EB63	EB1F	F2F3
2030	EB52	F02B	F2F4
2031	EBA5	EB15	F2F5
2032	EB5E	EFD8	F2F6
2033	EB09	EB7E	F2F7
2034	EB4C	F2E0	F2F8
2035	EDDE	EB91	F2F9
2036	EB39	EB1A	F2FA
2037	EB5E	EB4C	F2FB
2038	EF44	EB2C	F2FC
2039	EB40	EB4B	F2FD
2040	EB96	EF36	F2FE
2041	EC94	EB22	F2FF
2042	EB28	EBB2	F300
2043	EB29	EBE9	F301
2044	EB08	EF73	F302
2045	EB43	EB16	F303
2046	EB64	EB3A	F304
2047	EB45	EDB6	F305
2048	EC49	EB08	F306
2049	EEAD	EC53	F307
2050	EB5A	EBD8	F308
2051	EB2F	EB2C	F309
2052	EC09	EB0F	F30A
2053	EB13	EB48	F30B
2054	EB58	EB13	F30C
2055	EB47	EEC1	F30D
2056	EC8F	EB0D	F30E
2057	EB0D	EB6A	F30F
2058	EE37	EBC4	F310
2059	EBCA	EB8A	F311
2060	ECCC	EB11	F312
2061	EB6E	EB16	F313
2062	EBCE	EF1F	F314
2063	EB31	EB0E	F315
2064	EB0A	ECDF	F316
2065	EEFD	EBAA	F317
2066	EEA3	EB1C	F318
2067	EBA4	EB7E	F319
2068	EE37	EB86	F31A
2069	EB6A	EB13	F31B
2070	EB0C	EF00	F31C
2071	EB0A	EC5F	F31D
2072	EB44	EBB7	F31E
2073	EFF8	EB23	F31F
2074	EECE	ED4E	F320
2075	EB16	EDD9	F321
2076	EB46	EB8A	F322
2077	EC4E	EB3B	F323
2078	EB1A	EB49	F324
2079	EB39	EE99	F325
2080	EB13	ED47	F326
2081	ECC4	EB37	F327
2082	EB13	EB3C	F328
2083	ECC8	EBD5	F329
2084	EB65	EF7D	F32A
2085	F01B	EB12	F32B
2086	EB4D	EC34	F32C
2087	EC75	EC12	F32D
2088	EB11	EB23	F32E
2089	EB24	EB41	F32F
2090	EB06	EBD7	F330
2091	EB20	EB60	F331
2092	EC4B	EDCB	F332
2093	EB05	EBA6	F333
2094	EB4A	EB8A	F334
2095	EB2B	EB0F	F335
2096	EB3F	ED82	F336
2097	EB33	EB17	F337
2098	EB10	EB73	F338
2099	EB19	EC34	F339
2100	EC86	EF41	F33A
2101	EBE3	EEC5	F33B
2102	EB28	ED9D	F33C
2103	ED38	EDB1	F33D
2104	EB86	EB95	F33E
2105	EBAA	EB09	F33F
2106	EB06	EB15	F340
2107	EBB9	EB2C	F341
2108	EB06	EB0E	F342
2109	EC6C	EB10	F343
2110	EBC9	EB0D	F344
2111	EB5A	EB31	F345
2112	EB02	EB34	F346
2113	EB40	EBD0	F347
2114	EC30	ED2D	F348
2115	EFDC	EB14	F349
2116	EB09	EC13	F34A
2117	EBDD	EB22	F34B
2118	EB01	EB0E	F34C
2119	EB2C	ED51	F34D
2120	EB5C	EB0C	F34E
2121	EE03	EBFC	F34F
2122	EB16	EBB8	F350
2123	EB29	EB16	F351
2124	EB17	ED6C	F352
2125	EB43	EB0C	F353
2126	EB29	EB18	F354
2127	EB1A	EB2F	F355
2128	F21C	EB1C	F356
2129	EB15	F283	F357
2130	EB3F	EB10	F358
2131	EB35	EF1A	F359
2132	EB52	EB40	F35A
2133	EB2E	EC01	F35B
2134	ECF9	EB66	F35C
2135	EB2C	F19A	F35D
2136	EB7A	F145	F35E
2137	EF3C	EB4C	F35F
2138	EB05	EB74	F360
2139	EB18	EBAB	F361
2140	EB0A	EB73	F362
2141	EB0C	EB12	F363
2142	ED00	EB0B	F364
2143	EB1A	F03E	F365
2144	EB0E	EB26	F366
2145	EB1F	EBD6	F367
2146	EB28	EB5C	F368
2147	EB10	EB18	F369
2148	EE9C	EBFA	F36A
2149	EB2E	EB8E	F36B
2150	EB0E	EBEC	F36C
2151	EB09	EB2A	F36D
2152	EB4B	EE8C	F36E
2153	EB0B	EC8E	F36F
2154	EB4C	EB21	F370
2155	EC51	EEC2	F371
2156	EB4E	ECBE	F372
2157	EB4E	EB15	F373
2158	EB48	EC8A	F374
2159	EB38	EB06	F375
2160	EB0D	EFFD	F376
2161	EB75	EF55	F377
2162	EE6E	EB14	F378
2163	EFE3	EB84	F379
2164	EE43	EB08	F37A
2165	EB97	EE3B	F37B
2166	EDC2	EB09	F37C
2167	EFF7	EB3D	F37D
2168	EB0A	EC17	F37E
2169	EB16	EC43	F37F
2170	EE72	EB0D	F380
2171	EBA2	ECFB	F381
2172	EB81	EB37	F382
2173	EB29	EBD7	F383
2174	EB7B	ED30	F384
2175	EEA3	EB08	F385
2176	ED72	EB23	F386
2177	EB5D	EB11	F387
2178	EB96	EDC8	F388
2179	EB19	EC59	F389
2180	EB10	EB10	F38A
2181	EB05	EBDB	F38B
2182	EB27	EB22	F38C
2183	EBAD	EB8C	F38D
2184	EC2A	EB28	F38E
2185	EB20	EB10	F38F
2186	EC2F	EFB1	F390
2187	EB69	EB27	F391
2188	ECB1	EB1C	F392
2189	F242	EB0A	F393
2190	EB09	EB9B	F394
2191	EB39	EB11	F395
2192	EBCB	EB0F	F396
2193	EB14	EB0A	F397
2194	EBC8	EB2F	F398
2195	EB62	EB0D	F399
2196	EB09	EB30	F39A
2197	EB19	EB8B	F39B
2198	EB7A	EFEF	F39C
2199	F104	EB34	F39D
2200	EB58	EBB2	F39E
2201	EB19	EB25	F39F
2202	EB4D	ECAD	F3A0
2203	EB0B	EC17	F3A1
2204	ED69	EB77	F3A2
2205	EB06	EB16	F3A3
2206	EB13	F386	F3A4
2207	EB2B	EB13	F3A5
2208	EBA7	EB2A	F3A6
2209	EB8C	EDB6	F3A7
2210	EB0D	F02A	F3A8
2211	F07E	EB12	F3A9
2212	EE1D	EF8D	F3AA
2213	EFB9	EB55	F3AB
2214	EB2B	EB11	F3AC
2215	EB29	EB19	F3AD
2216	EB29	EF36	F3AE
2217	EC15	ED34	F3AF
2218	EB2B	EB1F	F3B0
2219	EBE6	EB12	F3B1
2220	EB0D	EBA9	F3B2
2221	EE33	EB13	F3B3
2222	EBC9	EB0F	F3B4
2223	EB9F	EB26	F3B5
2224	EB18	EB9C	F3B6
2225	EB08	EBD1	F3B7
2226	EBA5	EB08	F3B8
2227	EB10	EB3B	F3B9
2228	EB33	EB1A	F3BA
2229	EB52	EB09	F3BB
2230	EB90	EB0E	F3BC
2231	EB01	EBBE	F3BD
2232	EC8D	ECB7	F3BE
2233	EEC9	EC9C	F3BF
2234	EB48	EB10	F3C0
2235	EB36	F158	F3C1
2236	EB2B	EB06	F3C2
2237	EC40	EB0C	F3C3
2238	EB50	EB30	F3C4
2239	EB20	EE6A	F3C5
2240	F1F5	EB30	F3C6
2241	EBE4	EB31	F3C7
2242	EB1A	EB0B	F3C8
2243	EB6E	EB07	F3C9
2244	EFB2	ED2C	F3CA
2245	EBA0	EB19	F3CB
2246	EB5C	EB26	F3CC
2247	EB29	EB15	F3CD
2248	EB20	EBB1	F3CE
2249	EC32	EDA8	F3CF
2250	EB56	EB08	F3D0
2251	EB5E	EB08	F3D1
2252	EB4A	EBEC	F3D2
2253	ED3F	ED89	F3D3
2254	EB65	ED55	F3D4
2255	EB1A	EB9F	F3D5
2256	F2E3	EF1E	F3D6
2257	EBB5	EB0F	F3D7
2258	EB77	EEC8	F3D8
2259	EB96	EB4B	F3D9
2260	EE2B	EB1A	F3DA
2261	EB48	EB76	F3DB
2262	EB17	EE97	F3DC
2263	EB3F	EEB7	F3DD
2264	EBF8	EB26	F3DE
2265	EB33	EB15	F3DF
2266	ECE0	EC2C	F3E0
2267	ED54	EEB6	F3E1
2268	EB14	EBE9	F3E2
2269	EB08	EB9B	F3E3
2270	EB92	EB8A	F3E4
2271	EB08	EBB5	F3E5
2272	EB20	ECA3	F3E6
2273	EFB2	EB01	F3E7
2274	ED5F	EB4E	F3E8
2275	EE83	EB1F	F3E9
2276	ED18	EF38	F3EA
2277	EB2A	ED5C	F3EB
2278	ED87	EB23	F3EC
2279	EB72	F0FE	F3ED
2280	EB36	EB2F	F3EE
2281	EB77	EB8E	F3EF
2282	F001	EB31	F3F0
2283	ED7F	EB12	F3F1
2284	EB0A	F083	F3F2
2285	EB36	ECFB	F3F3
2286	EB09	EB60	F3F4
2287	ED09	EBAC	F3F5
2288	EB09	EE82	F3F6
2289	EB02	EED0	F3F7
2290	EE7D	ECA0	F3F8
2291	EB0B	EDBD	F3F9
2292	EBB4	EB13	F3FA
2293	EB09	EB90	F3FB
2294	EB52	F292	F3FC
2295	EB1D	EB07	F3FD
2296	EB15	EB10	F3FE
2297	EB20	EB48	F3FF
2298	EB09	EB40	F400
2299	F178	F196	F401
2300	EB6C	EB0D	F402
2301	EB58	EB51	F403
2302	EB16	EB80	F404
2303	EB0C	F069	F405
2304	F257	EB0A	F406
2305	EB07	EBCC	F407
2306	EF49	EBD1	F408
2307	EBC2	ECDD	F409
2308	EB10	ECE2	F40A
2309	F3C3	EB0D	F40B
2310	EE39	EB12	F40C
2311	EFDC	EDEE	F40D
2312	EB44	EB13	F40E
2313	EB3F	EB76	F40F
2314	EB15	EB0F	F410
2315	EC14	EB0F	F411
2316	EB36	EB1B	F412
2317	EB15	EBBF	F413
2318	EB87	EC4A	F414
2319	EB5C	EB12	F415
2320	EB65	EB08	F416
2321	EB11	F059	F417
2322	EBA2	EB0C	F418
2323	EE29	EC61	F419
2324	EB87	EE24	F41A
2325	EDB5	EFBB	F41B
2326	EFF7	ED82	F41C
2327	EB88	EDE4	F41D
2328	EB46	EBAF	F41E
2329	EB0D	ED9F	F41F
2330	EB09	EBB1	F420
2331	EB99	EB47	F421
2332	EB64	EC44	F422
2333	EC76	EBD3	F423
2334	EB17	ECF1	F424
2335	EB13	EB61	F425
2336	EF3E	EB89	F426
2337	EB57	EB0F	F427
2338	EB10	EBAB	F428
2339	EFC3	EBE9	F429
2340	EF0C	F336	F42A
2341	ED62	EBD7	F42B
2342	EB2F	EB18	F42C
2343	F0A5	EC64	F42D
2344	EBA5	EDE6	F42E
2345	EB0A	EB3C	F42F
2346	EB0C	ED14	F430
2347	EB0D	EDE0	F431
2348	EB10	EB9F	F432
2349	EF86	EB1D	F433
2350	EB1E	EEC3	F434
2351	EC22	EC2E	F435
2352	EC85	ED3E	F436
2353	EB38	F07A	F437
2354	EB4D	ECBD	F438
2355	EBBA	EB10	F439
2356	ED98	EB25	F43A
2357	EBA2	EB15	F43B
2358	EB2D	F050	F43C
2359	EC8B	EB21	F43D
2360	EB32	EB21	F43E
2361	EB11	EB0A	F43F
2362	EF5E	F3E2	F440
2363	EEA9	EC52	F441
2364	EB9F	EB18	F442
2365	EB43	EC06	F443
2366	F04B	EB84	F444
2367	EB46	EB12	F445
2368	EC13	EB13	F446
2369	EB2D	EE8E	F447
2370	EB0E	EBB8	F448
2371	EB64	EBF5	F449
2372	EB09	EB18	F44A
2373	EB57	EBB8	F44B
2374	EBBB	EB1B	F44C
2375	EB70	EB0C	F44D
2376	EB7A	EB16	F44E
2377	EC27	EB21	F44F
2378	EB24	EB30	F450
2379	EE34	EB10	F451
2380	EB50	EB0A	F452
2381	EB16	EB0C	F453
2382	EB1A	EB23	F454
2383	EB4A	EB53	F455
2384	EB1F	EB14	F456
2385	EB30	EB8B	F457
2386	EB12	ED4B	F458
2387	EB33	ED55	F459
2388	EB0A	EC8F	F45A
2389	EB10	EB9C	F45B
2390	F0E8	ECAC	F45C
2391	EB12	F073	F45D
2392	EB07	EC00	F45E
2393	EB0D	EBB5	F45F
2394	EB18	EBDB	F460
2395	EB1F	EB47	F461
2396	EB5E	EB28	F462
2397	ED1B	EB12	F463
2398	EE43	EB1C	F464
2399	EB97	EEB6	F465
2400	EB07	ECC9	F466
2401	EB30	EB2D	F467
2402	EB19	EE5A	F468
2403	EB65	EDB2	F469
2404	EB20	EB5A	F46A
2405	F13E	EB0F	F46B
2406	EB02	EB74	F46C
2407	EB19	EF45	F46D
2408	EB06	EB29	F46E
2409	EB12	EC41	F46F
2410	F037	ED2B	F470
2411	EB9D	EB2C	F471
2412	EB13	EB42	F472
2413	EBC8	EB34	F473
2414	EB7B	EB0F	F474
2415	EB07	EB93	F475
2416	EB4B	EB3C	F476
2417	F003	EC21	F477
2418	EB00	EC03	F478
2419	EB38	EB61	F479
2420	EB7F	EBAC	F47A
2421	EEEF	EBB2	F47B
2422	EF13	EB08	F47C
2423	ECE1	EB31	F47D
2424	ED4D	EC52	F47E
2425	EB1E	EBF7	F47F
2426	EF74	ECBB	F480
2427	ED0D	EB21	F481
2428	EB60	EB32	F482
2429	ECA2	EBD8	F483
2430	EF0C	EFD6	F484
2431	EE20	ED85	F485
2432	EB26	EB1C	F486
2433	EB2D	EBF1	F487
2434	EB57	EC7A	F488
2435	F322	EB0C	F489
2436	EFC1	EB31	F48A
2437	EB0D	EBC9	F48B
2438	EB37	EB13	F48C
2439	EB16	EB42	F48D
2440	EB28	ECC3	F48E
2441	EB09	EC28	F48F
2442	EB72	EBB0	F490
2443	EB1E	ECDD	F491
2444	EB1A	EB24	F492
2445	EB20	EC10	F493
2446	EB0A	EE18	F494
2447	EC92	EB14	F495
2448	ED60	ED85	F496
2449	EB09	EB69	F497
2450	EB07	EB69	F498
2451	EBD8	EB26	F499
2452	ECD9	EF08	F49A
2453	EB39	EB14	F49B
2454	EC63	EB61	F49C
2455	EB7F	EB1A	F49D
2456	EB10	EBC1	F49E
2457	EBBD	F00E	F49F
2458	F023	EB21	F4A0
2459	EB3A	EB0F	F4A1
2460	EB10	F11B	F4A2
2461	ECF4	F36C	F4A3
2462	EB10	EB4A	F4A4
2463	EB11	EB16	F4A5
2464	EC1B	EFB1	F4A6
2465	EB31	EB11	F4A7
2466	EB07	EB18	F4A8
2467	EC85	F1A4	F4A9
2468	EB10	F0C6	F4AA
2469	EB08	F142	F4AB
2470	EB30	EBF4	F4AC
2471	EB35	EE0B	F4AD
2472	EB33	EB14	F4AE
2473	EC3B	F2AC	F4AF
2474	EE5C	EB0B	F4B0
2475	EB6D	EB02	F4B1
2476	EBB7	F080	F4B2
2477	EBB6	EB21	F4B3
2478	EB09	ED5B	F4B4
2479	EB11	EB3F	F4B5
2480	EB24	ECD5	F4B6
2481	EC2B	EB23	F4B7
2482	EDC0	EB2C	F4B8
2483	EB09	EB83	F4B9
2484	EB09	EF28	F4BA
2485	EC1B	EBE8	F4BB
2486	EB09	F0A6	F4BC
2487	EB7A	EB24	F4BD
2488	EF35	EBB9	F4BE
2489	EE9C	EC90	F4BF
2490	EB17	EB25	F4C0
2491	EB09	EF2B	F4C1
2492	EB20	F187	F4C2
2493	EB14	EB16	F4C3
2494	EB44	EB28	F4C4
2495	EBDE	EDF9	F4C5
2496	ECFF	ED91	F4C6
2497	EB12	EDF2	F4C7
2498	EB52	ED4B	F4C8
2499	EB0E	EB22	F4C9
2500	EB6E	EB1B	F4CA
2501	EB87	EDBC	F4CB
2502	EF1E	EB19	F4CC
2503	EB46	EB18	F4CD
2504	EB8B	EB12	F4CE
2505	EB0A	EB61	F4CF
2506	EB14	EBA1	F4D0
2507	EB17	EBCB	F4D1
2508	EB4D	EBC5	F4D2
2509	EB65	ECDE	F4D3
2510	F08C	EC9C	F4D4
2511	F06A	EB8A	F4D5
2512	F0D7	EECA	F4D6
2513	EB0C	EBB4	F4D7
2514	EB2A	ECDF	F4D8
2515	EB12	EB32	F4D9
2516	EB20	ED9C	F4DA
2517	EB1B	EB14	F4DB
2518	EB5D	EB61	F4DC
2519	EB35	F03B	F4DD
2520	EB17	EB5B	F4DE
2521	EB60	EC7F	F4DF
2522	EC92	EC53	F4E0
2523	EB3B	EB1C	F4E1
2524	EB0C	EC4D	F4E2
2525	EB1D	F034	F4E3
2526	EB59	EBE9	F4E4
2527	EB2C	EB31	F4E5
2528	F2CD	EDFD	F4E6
2529	EB59	EB08	F4E7
2530	F141	EFED	F4E8
2531	EB0B	ECFB	F4E9
2532	F058	EB26	F4EA
2533	EB36	ED0B	F4EB
2534	EB0D	EE04	F4EC
2535	F0E7	EC4D	F4ED
2536	EC0B	EB8A	F4EE
2537	EB0A	EE85	F4EF
2538	EB19	F06D	F4F0
2539	F137	EB1C	F4F1
2540	EB10	EDBB	F4F2
2541	F3D6	EB14	F4F3
2542	EB2F	EB21	F4F4
2543	F192	EB10	F4F5
2544	EB35	EB11	F4F6
2545	EB6C	EB08	F4F7
2546	EBA8	EBBF	F4F8
2547	EB16	EDA8	F4F9
2548	EB49	EC4A	F4FA
2549	EBC2	ED81	F4FB
2550	EB39	EB21	F4FC
2551	EB35	EB2D	F4FD
2552	EB80	EB0C	F4FE
2553	EB33	EB12	F4FF
2554	EC15	EB8E	F500
2555	EB24	EC70	F501
2556	EB18	EB23	F502
2557	EB81	EB49	F503
2558	EB0D	ED10	F504
2559	EEFD	EBFA	F505
2560	EB44	EB29	F506
2561	EB81	EB2A	F507
2562	EC1E	EB25	F508
2563	EB35	EB80	F509
2564	EC49	EB21	F50A
2565	EB84	EB21	F50B
2566	EF08	EB1C	F50C
2567	EB28	EBEF	F50D
2568	EB1A	EB58	F50E
2569	EB46	ECBE	F50F
2570	EB08	EEDB	F510
2571	EB12	EB34	F511
2572	EEAB	EB31	F512
2573	EB10	EBF2	F513
2574	EC85	F40B	F514
2575	EB14	EDCD	F515
2576	EB2D	EB08	F516
2577	EE28	EB0D	F517
2578	EB27	EB15	F518
2579	EB0A	EB31	F519
2580	EB06	EB30	F51A
2581	EC1B	EC5C	F51B
2582	EB90	EBBC	F51C
2583	F0FB	EBFC	F51D
2584	EB09	EB61	F51E
2585	F460	EB11	F51F
2586	EB1E	EB29	F520
2587	F000	EE6B	F521
2588	EC7B	EB12	F522
2589	EF81	EC53	F523
2590	EC06	EB55	F524
2591	EB85	EB08	F525
2592	F05E	EB15	F526
2593	EB4B	ECB7	F527
2594	EB36	EB32	F528
2595	EB16	EB15	F529
2596	EB4B	EB10	F52A
2597	EB1D	EBEC	F52B
2598	F156	EB40	F52C
2599	EB16	EB8B	F52D
2600	EB19	EC5A	F52E
2601	EC32	EC57	F52F
2602	EB6E	EB11	F530
2603	EB81	EDB9	F531
2604	EB56	EB12	F532
2605	EB50	EB10	F533
2606	EB54	F0A2	F534
2607	EBAA	EB4C	F535
2608	EBFE	EB0B	F536
2609	EB5D	ECBF	F537
2610	EB50	EB32	F538
2611	EB08	EB23	F539
2612	EC35	EBC5	F53A
2613	EC11	EB61	F53B
2614	EB8C	EB10	F53C
2615	EB27	EBD7	F53D
2616	ED92	EEC8	F53E
2617	EB33	EB0E	F53F
2618	EBD8	EB2C	F540
2619	EB7C	EB08	F541
2620	EB4B	EB8B	F542
2621	EB5D	ED2C	F543
2622	F20C	EB1C	F544
2623	F113	EC41	F545
2624	ED56	EF9E	F546
2625	EB07	F00E	F547
2626	EB00	EBD8	F548
2627	EB40	EDCC	F549
2628	EC03	EBD8	F54A
2629	ED57	EB2A	F54B
2630	F4B1	EB08	F54C
2631	EC0E	F36B	F54D
2632	EB20	EB78	F54E
2633	EC1D	ED28	F54F
2634	EB65	EF1A	F550
2635	EB97	EB2C	F551
2636	EB07	EDB3	F552
2637	EB05	EB25	F553
2638	EB9E	EB31	F554
2639	EB3A	EBD9	F555
2640	EC06	EFA7	F556
2641	F095	EBD1	F557
2642	EB6C	EE10	F558
2643	EB00	EB0E	F559
2644	ED3A	EB58	F55A
2645	ED50	EB3D	F55B
2646	F14E	ECD4	F55C
2647	EE3F	EB1C	F55D
2648	EB4C	EB07	F55E
2649	EB17	EB32	F55F
2650	EC77	EBD1	F560
2651	EB1B	EB83	F561
2652	EBA9	EB31	F562
2653	EB60	EB76	F563
2654	EB73	EB1C	F564
2655	EB43	F215	F565
2656	EB17	F02C	F566
2657	EE50	EB10	F567
2658	EC5D	EB16	F568
2659	EB19	EB74	F569
2660	EB20	EBE6	F56A
2661	EC96	EB31	F56B
2662	EB20	EC97	F56C
2663	ED24	EB1C	F56D
2664	EB9A	EBFB	F56E
2665	EB16	EB8A	F56F
2666	EB33	EB3F	F570
2667	EB13	EB0A	F571
2668	EB87	EB34	F572
2669	EB16	EB37	F573
2670	EE1C	EB1C	F574
2671	EB0D	EB75	F575
2672	F3F8	EB0F	F576
2673	EB02	EB4A	F577
2674	EFB3	EB22	F578
2675	EB06	EBA2	F579
2676	EE59	ED6C	F57A
2677	EB83	EB2C	F57B
2678	EF40	EB2B	F57C
2679	EB8F	EB18	F57D
2680	EB36	EB3E	F57E
2681	F07D	EB21	F57F
2682	ED5F	ED67	F580
2683	EB20	EFB4	F581
2684	EB77	EB10	F582
2685	EB63	ED89	F583
2686	EB4A	ECD4	F584
2687	ED56	EB88	F585
2688	EFFA	EB0D	F586
2689	EB65	EB6F	F587
2690	EB0B	EF7E	F588
2691	EB09	EB42	F589
2692	EB96	EB18	F58A
2693	EB1F	EB11	F58B
2694	F036	EB3D	F58C
2695	EE74	EB15	F58D
2696	EB09	EB74	F58E
2697	EB8B	EB1B	F58F
2698	EFD0	EB2C	F590
2699	F10C	EB0F	F591
2700	EB04	EB9C	F592
2701	EB9F	EB39	F593
2702	EC32	EB3D	F594
2703	EB17	ECEA	F595
2704	EB35	EB19	F596
2705	EB0D	EC6D	F597
2706	EB60	EB0E	F598
2707	EB92	EB0E	F599
2708	EB1D	EB06	F59A
2709	ED10	F216	F59B
2710	EB15	EB51	F59C
2711	EB10	EB40	F59D
2712	EB0D	EC07	F59E
2713	ED4F	EB0F	F59F
2714	EB24	ED8D	F5A0
2715	EC6A	EB0C	F5A1
2716	F0BF	EB3B	F5A2
2717	EB1B	EB12	F5A3
2718	EB08	EDD8	F5A4
2719	EB6E	EB09	F5A5
2720	EB19	EBC3	F5A6
2721	EBBF	EE10	F5A7
2722	EC47	EFAA	F5A8
2723	EB16	ED4A	F5A9
2724	EBE6	EBE0	F5AA
2725	EB7F	EBDF	F5AB
2726	EB23	EB08	F5AC
2727	EDDC	EB0D	F5AD
2728	ED2E	EB26	F5AE
2729	ECCA	EBD5	F5AF
2730	F140	EB2C	F5B0
2731	EBC0	EB08	F5B1
2732	EB06	EBD0	F5B2
2733	EB72	ED14	F5B3
2734	EB5F	EB34	F5B4
2735	EB72	EB2C	F5B5
2736	EB9E	EB61	F5B6
2737	EB87	EB62	F5B7
2738	EC5E	EB0B	F5B8
2739	EBA4	EEF3	F5B9
2740	EB58	EB32	F5BA
2741	EBCE	EB31	F5BB
2742	EC48	EB3D	F5BC
2743	EB70	EB15	F5BD
2744	EB10	EB61	F5BE
2745	F525	EB06	F5BF
2746	EB26	EB95	F5C0
2747	F2FB	EB71	F5C1
2748	EB2E	EC07	F5C2
2749	EB0B	F24E	F5C3
2750	EB0D	EF1C	F5C4
2751	EB24	EB13	F5C5
2752	EB16	EBA0	F5C6
2753	EB05	EB1E	F5C7
2754	EB13	EB2B	F5C8
2755	EB20	EB77	F5C9
2756	EB0A	EDA6	F5CA
2757	EB4B	EBAC	F5CB
2758	EF4B	EB27	F5CC
2759	EBDF	EC18	F5CD
2760	EB59	EB13	F5CE
2761	EB10	EBE9	F5CF
2762	EB08	EBC0	F5D0
2763	EB29	EB25	F5D1
2764	EB73	EB71	F5D2
2765	ED1E	EB26	F5D3
2766	EB12	EBA3	F5D4
2767	EB0B	F11D	F5D5
2768	EB16	EB21	F5D6
2769	EB5E	EDA8	F5D7
2770	EB3C	EB1C	F5D8
2771	EB12	EBF0	F5D9
2772	EB10	EB54	F5DA
2773	EF6B	EB8B	F5DB
2774	EBDB	EB2C	F5DC
2775	EB36	EB1A	F5DD
2776	EEA0	EB5B	F5DE
2777	EB72	EB78	F5DF
2778	F0AE	EB2B	F5E0
2779	EB73	EBB6	F5E1
2780	EFB6	EBA6	F5E2
2781	EF13	EB1C	F5E3
2782	EB09	EB2F	F5E4
2783	EB3C	EB10	F5E5
2784	EC6A	EB23	F5E6
2785	EB30	EF93	F5E7
2786	EB09	EBE2	F5E8
2787	EB62	EB2C	F5E9
2788	EDAB	EB13	F5EA
2789	EF57	EC20	F5EB
2790	EC20	EB2E	F5EC
2791	EC2D	EE95	F5ED
2792	EB0E	F091	F5EE
2793	EB5E	EC5C	F5EF
2794	EB36	F168	F5F0
2795	EB92	EB0C	F5F1
2796	EC02	EB0A	F5F2
2797	EB26	EB1B	F5F3
2798	EB80	EB13	F5F4
2799	EC93	EB95	F5F5
2800	EB12	EB24	F5F6
2801	EB8D	EB14	F5F7
2802	ECCC	EBD3	F5F8
2803	F217	EB2E	F5F9
2804	EF5F	EB3D	F5FA
2805	EB18	EBBF	F5FB
2806	EB28	EB4C	F5FC
2807	EB7C	EB28	F5FD
2808	EB19	ED7B	F5FE
2809	EC35	EB0B	F5FF
2810	EB65	EECF	F600
2811	EB28	F111	F601
2812	EB67	EB0E	F602
2813	EB20	EB0B	F603
2814	EB13	EBDF	F604
2815	EC09	EB21	F605
2816	EB9F	EB21	F606
2817	EC34	EB0B	F607
2818	EB17	EC38	F608
2819	EB03	EB24	F609
2820	F478	EB06	F60A
2821	ECF4	F258	F60B
2822	EB15	EB2B	F60C
2823	F0A3	EB55	F60D
2824	EB19	EE9B	F60E
2825	EB74	EB11	F60F
2826	EB1B	EB19	F610
2827	EB65	F1B3	F611
2828	EB58	EB9C	F612
2829	EB87	EB66	F613
2830	EB7C	EB13	F614
2831	ECE6	EB7C	F615
2832	EBFE	EB0F	F616
2833	EFA0	EB22	F617
2834	EB09	EBFF	F618
2835	EB11	EB22	F619
2836	EC22	EB7E	F61A
2837	ECBA	EB6D	F61B
2838	EB00	EBD5	F61C
2839	EC0E	ECFB	F61D
2840	EB28	EB48	F61E
2841	EB0D	EC14	F61F
2842	EB72	EC29	F620
2843	EBB9	EEB9	F621
2844	EFA1	EB0B	F622
2845	EB46	EB15	F623
2846	EB11	EB58	F624
2847	EBE6	EB19	F625
2848	EB16	EB30	F626
2849	EB57	EB07	F627
2850	EB5E	EB47	F628
2851	EB12	EF37	F629
2852	EB20	EBD7	F62A
2853	EBEB	EB10	F62B
2854	EB57	EB37	F62C
2855	ED44	EB0F	F62D
2856	EB7A	EE1B	F62E
2857	ECAB	EB11	F62F
2858	ED95	EB6C	F630
2859	EC55	EC38	F631
2860	EFE4	EB0F	F632
2861	EB87	F513	F633
2862	EBCA	EC7F	F634
2863	EC4E	EB12	F635
2864	EB24	F1F6	F636
2865	EBA2	EB31	F637
2866	EC45	EC0A	F638
2867	ED1D	ED7E	F639
2868	EB46	EB37	F63A
2869	EB2D	EB23	F63B
2870	EB6D	EF7A	F63C
2871	F421	EB18	F63D
2872	EB12	EB1B	F63E
2873	EB44	EB1A	F63F
2874	EEDC	EB3B	F640
2875	EC9A	EB23	F641
2876	EF80	EB0F	F642
2877	EB7C	EB16	F643
2878	EC92	EBD1	F644
2879	EB29	EB1C	F645
2880	F01A	EB09	F646
2881	EC32	EB51	F647
2882	F0B0	EB55	F648
2883	EB64	EB2F	F649
2884	EB70	EB09	F64A
2885	EB59	EE51	F64B
2886	EB0C	EB32	F64C
2887	EC05	ECDE	F64D
2888	EE74	EBDF	F64E
2889	EB20	EB0A	F64F
2890	EB44	EB0E	F650
2891	EE2C	EB1C	F651
2892	EB43	EB14	F652
2893	EB70	EB08	F653
2894	EE83	EE1E	F654
2895	EB23	EB8A	F655
2896	EB10	EBCC	F656
2897	EF49	ED2B	F657
2898	EB09	F09E	F658
2899	EB35	EB12	F659
2900	EB37	EB12	F65A
2901	EB9A	EBE1	F65B
2902	ED55	EB07	F65C
2903	EB4E	EB0D	F65D
2904	ED1F	EBB6	F65E
2905	EB10	F2A8	F65F
2906	EB10	EB4D	F660
2907	EB8F	F2C8	F661
2908	EB07	EB47	F662
2909	EB66	EDF1	F663
2910	EBA4	EB11	F664
2911	EBEE	EB16	F665
2912	EB0E	EB82	F666
2913	EB4E	EB61	F667
2914	EB3F	ECBE	F668
2915	F3BD	EB13	F669
2916	EC3A	EB23	F66A
2917	EFA6	EB1C	F66B
2918	EB46	EB16	F66C
2919	EB16	EB16	F66D
2920	EB1A	F1D3	F66E
2921	EB57	EB47	F66F
2922	EB43	EB11	F670
2923	EC04	EB0C	F671
2924	EB06	EB0A	F672
2925	EB20	EB31	F673
2926	EB36	EBB5	F674
2927	EB18	EB37	F675
2928	EE5E	EF02	F676
2929	ED79	EECC	F677
2930	F3A2	EE48	F678
2931	F096	EBAD	F679
2932	EB49	EC5E	F67A
2933	F377	EB1F	F67B
2934	EB15	EF27	F67C
2935	EB88	EB11	F67D
2936	EDE3	EB22	F67E
2937	EB57	F03E	F67F
2938	EC06	EDE6	F680
2939	F00D	EB48	F681
2940	EB0B	ECD1	F682
2941	EB17	EF39	F683
2942	EB16	EB3B	F684
2943	EB20	EB7F	F685
2944	EC9A	EB25	F686
2945	EB08	EC37	F687
2946	EB09	EDD2	F688
2947	EC5D	EC65	F689
2948	EF72	EB1C	F68A
2949	EB09	EB27	F68B
2950	EB39	EB3A	F68C
2951	ED00	EB8A	F68D
2952	EC39	EFA8	F68E
2953	EBC2	EB29	F68F
2954	EB8E	EB21	F690
2955	EB2C	EB61	F691
2956	EB2B	EBC0	F692
2957	EB77	F223	F693
2958	EB6E	EBA0	F694
2959	EC28	EB1C	F695
2960	EE73	EB2F	F696
2961	EB10	EB28	F697
2962	EB20	EB74	F698
2963	EB86	EB76	F699
2964	EB5E	ED4A	F69A
2965	EBFE	EB2B	F69B
2966	EB33	EE8D	F69C
2967	F14D	EC3D	F69D
2968	EB5B	EB11	F69E
2969	EB06	EB50	F69F
2970	EB41	EB51	F6A0
2971	EB6A	ECAD	F6A1
2972	ECC4	EB1E	F6A2
2973	EB0A	EB50	F6A3
2974	EB5E	ED25	F6A4
2975	ECE6	EB42	F6A5
2976	EB45	F5BC	F6A6
2977	EB14	EC5C	F6A7
2978	EBA5	EDB7	F6A8
2979	F051	EB0E	F6A9
2980	F41E	EC80	F6AA
2981	EB2E	EE1E	F6AB
2982	EB06	EC19	F6AC
2983	EC85	F2DB	F6AD
2984	EB13	EBF6	F6AE
2985	EB08	ED9F	F6AF
2986	ED9A	EB21	F6B0
2987	EF54	EB1C	F6B1
2988	EDA5	EBBC	F6B2
2989	EC50	EB4C	F6B3
2990	EC0E	ECA3	F6B4
2991	EB08	EFFC	F6B5
2992	EB29	EC09	F6B6
2993	EB05	EBEF	F6B7
2994	EB0D	EB42	F6B8
2995	ED55	EB09	F6B9
2996	EBAC	EB21	F6BA
2997	ECFE	ECE3	F6BB
2998	EB09	F0FD	F6BC
2999	EB5E	EC43	F6BD
3000	F07B	EBB6	F6BE
3001	EBA5	EBF1	F6BF
3002	EB52	EEA1	F6C0
3003	EB32	EB8A	F6C1
3004	F3EE	EF9E	F6C2
3005	EB09	ED48	F6C3
3006	EE7C	ECDC	F6C4
3007	EB43	EBB7	F6C5
3008	EB7A	F0D4	F6C6
3009	EB20	EC6F	F6C7
3010	EB08	F076	F6C8
3011	EBB5	EBB2	F6C9
3012	EC2A	ECC3	F6CA
3013	EB6E	EB21	F6CB
3014	EB08	F1CA	F6CC
