র	2007585	1
ক	1539183	1
ন	1410398	1
ৰ	1051464	1
ত	920208	1
ল	909672	1
।	848669	1
স	789510	1
এ	784392	1
য়	754354	2
ম	748282	1
ই	716569	1
ব	659368	1
প	657377	1
আ	639283	1
হ	586227	1
অ	541468	1
বি	503787	2
কা	479355	2
জ	429012	1
মা	416992	2
উ	393563	1
নি	390973	2
বা	389345	2
১	384808	1
না	377186	2
তা	371879	2
রে	371088	2
তি	368975	2
য়া	357485	3
ও	352475	1
গ	346668	1
সা	345180	2
রা	340629	2
তে	339513	2
লে	339446	2
শ	329389	1
লা	326171	2
কে	323470	2
টি	301597	2
য়ে	293837	3
নে	286372	2
দ	283549	1
ভা	276235	2
০	271384	1
পা	262021	2
দে	261117	2
চ	254527	1
ৰা	243885	2
লি	242472	2
বে	241985	2
৯	236601	1
প্র	228271	3
হা	225544	2
ণ	225433	1
রি	222520	2
ছি	213692	2
২	212653	1
ৰি	198521	2
-	182678	1
ট	173883	1
সে	172740	2
ৰু	167898	2
ছে	165009	2
হি	163808	2
দি	162382	2
জা	161953	2
মি	157122	2
বং	154093	2
যা	152723	2
সং	152267	2
মে	150261	2
শি	146465	2
খ	138846	1
ছ	134136	1
টা	131468	2
দা	129965	2
প্ৰ	126854	3
চা	123094	2
ভি	122824	2
ষ	122390	1
লো	122018	2
ৱ	118864	1
নী	118120	2
পু	117008	2
ৰে	116666	2
৮	116349	1
কি	115316	2
৫	108577	1
থ	105240	1
নু	104511	2
ধা	104182	2
খা	100704	2
গু	100198	2
থে	98280	2
৭	97462	1
৬	96398	1
ৱা	94203	2
ব্য	92836	3
৩	92416	1
শে	92243	2
সি	91810	2
৪	91489	1
জে	91136	2
চি	90086	2
ধ	89468	1
মু	89412	2
ফ	87462	1
তী	86276	2
কো	86272	2
ভ	84990	1
শা	84126	2
ন্য	83264	3
জি	83024	2
স্থা	80240	4
থা	79375	2
যো	78868	2
গা	78545	2
ন্ত	76466	3
পে	74532	2
ওঁ	73559	2
ক্ষ	70800	3
ত্র	70545	3
পি	70013	2
যে	67905	2
ৎ	67593	1
রু	66617	2
ডি	66453	2
মূ	65814	2
যু	65554	2
রী	63983	2
লী	63045	2
নো	61951	2
ক্ত	61522	3
ক্তি	61067	4
প্রা	60705	4
দু	60677	2
সু	60465	2
লৈ	56986	2
হৈ	56656	2
খে	55833	2
গে	55155	2
টে	54602	2
পূ	54501	2
ৰী	53663	2
ঘ	53324	1
ড	53152	1
কু	52216	2
জী	52130	2
রো	50930	2
ধি	48247	2
খ্যা	47873	4
বু	47824	2
দ্যা	47220	4
গো	46991	2
'	46907	1
শ্ব	46824	3
য	46510	1
তু	46351	2
চে	45978	2
ষা	45831	2
ত্ৰ	45519	3
ন্ন	45286	3
হে	45113	2
টো	44781	2
ত্ত	44649	3
ক্ষা	44327	4
শু	44071	2
ড়া	43329	3
বাং	42800	3
দী	41682	2
জ্ঞা	41499	4
কৃ	41231	2
ধ্য	41114	3
ছা	40446	2
ধ্যে	40084	4
ণে	39673	2
ণা	39645	2
জু	39258	2
ড়	39015	2
মো	39014	2
দ্ধ	38328	3
ন্যা	38120	4
সূ	37969	2
ম্ব	37242	3
মী	36894	2
ঞ্চ	36801	3
বো	36687	2
’	36639	1
ত্ব	36495	3
ত্য	35811	3
.	35797	1
ডে	35490	2
থ্য	34554	3
ফা	34310	2
ষ্ট	33997	3
ডা	33811	2
ফি	33678	2
ৱে	33328	2
হু	33217	2
ভূ	33197	2
বী	32490	2
গ্র	31700	3
হো	31649	2
চ্চি	31404	4
শী	31216	2
কী	30982	2
র্ব	30706	3
,	30682	1
ণি	30333	2
ষ্ঠা	30324	4
ম্প	30206	3
গী	29853	2
মৃ	29706	2
র্থ	29630	3
তো	29434	2
র্য	29402	3
ক্ষে	29130	4
পো	29047	2
ক্ষি	28577	4
ড়ি	28409	3
গ্ৰ	28233	3
ধী	27999	2
ছু	27931	2
ঠ	27655	1
স্বা	27570	4
সী	27475	2
গি	27450	2
বৃ	27434	2
ন্ম	27041	3
অ্	26855	2
ফে	26605	2
য়ো	26164	3
ব্যা	26156	4
য়ী	26046	3
প্ৰা	26016	4
লু	25745	2
স্তা	25464	4
ফু	25392	2
ল্প	25246	3
ন্দ	25015	3
স্ত	24643	3
স্থি	24542	4
ভে	24427	2
স্ব	24303	3
ণী	24183	2
খি	23822	2
ষ্টি	23805	4
ণ্ড	23648	3
র্ণ	23603	3
অং	23422	2
৷	23396	1
দ্বা	22602	4
চ্চ	22266	3
থি	22244	2
ধু	22216	2
ৰো	22082	2
গ্রা	21832	4
র্ত	21720	3
দ্য	21615	3
চু	21597	2
কৈ	21352	2
তৃ	21213	2
হী	21065	2
বৈ	21061	2
ত্যা	21027	4
ম্যা	20890	4
শ্চি	20643	4
ন্ড	20631	3
ঙ্গ	20568	3
ন্তু	20203	4
চী	20189	2
ঠি	20174	2
ঠা	19988	2
স্কা	19859	4
সো	19855	2
ড়ে	19823	3
ত্যু	19626	4
র্ম	19527	3
র্কি	19395	4
ইং	19189	2
ত্রে	19026	4
প্ত	18943	3
জ্য	18783	3
ত্তি	18713	4
স্ট	18150	3
প্রি	18135	4
খু	18132	2
ষ্টা	18075	4
ক্র	17863	3
স্য	17637	3
ন্দ্র	17491	5
ক্রি	17442	4
ক্যা	17408	4
সৈ	17262	2
ল্লে	17094	4
)	16569	1
ষ্ঠ	16469	3
য়ি	16145	3
ষে	16091	2
ম্পা	16065	4
ম্ভ	16036	3
যি	15959	2
ব্দ	15940	3
শো	15681	2
ল্যা	15425	4
দ্ধে	15314	4
পৃ	15193	2
ৰূ	15155	2
ঙ্গে	14935	4
র্শ	14806	3
র্মা	14792	4
র্বা	14791	4
ন্ধ	14754	3
দ্বি	14710	4
ক্স	14659	3
ৰ্ণ	14626	3
জো	14625	2
তৈ	14454	2
ঞ্জ	14441	3
নৈ	14427	2
ন্দু	14272	4
স্কৃ	14250	4
ন্ট	14244	3
ষ্ঠি	14123	4
ন্দি	14038	4
ৰ্থ	13927	3
গ্য	13726	3
রূ	13641	2
ন্স	13605	3
র্ড	13523	3
ধ্যা	13435	4
র্তী	13019	4
ঐ	12870	1
খ্রি	12657	4
‘	12567	1
ঘা	12500	2
র্ক	12491	3
ঙা	12479	2
ৰ্ম	12474	3
স্ক	12317	3
স্টা	12289	4
ষ্ট্র	12268	5
ৰ্য	12218	3
ম্পি	12191	4
স্তু	12107	4
ন্থ	12069	3
সৃ	12069	2
জ্যে	11998	4
ন্ত্র	11936	5
বঁ	11888	2
ছো	11620	2
স্থ	11397	3
শ্বা	11373	4
ষি	11211	2
ভো	11193	2
ব্রি	11147	4
ক্টো	11139	4
ন্দো	11125	4
ঙ	11037	1
ক্ৰ	11001	3
পী	10909	2
ত্রি	10854	4
স্টে	10792	4
দূ	10720	2
খ্য	10658	3
ন্দ্ৰ	10642	5
ঘো	10632	2
ৰ্ব	10558	3
র্গ	10497	3
প্টে	10473	4
ব্দী	10436	4
য়ু	10419	3
দ্ধা	10409	4
শ্য	10393	3
ঢা	10365	2
চ্ছে	10306	4
র্চ	10299	3
ৰ্ত	10100	3
দ্ধি	10078	4
%	10046	1
ঙ্গী	10026	4
ৰ্মা	10009	4
টু	9999	2
স্কু	9983	4
ৱি	9940	2
র্ট	9888	3
মৌ	9810	2
সাং	9753	3
দৃ	9733	2
ভু	9705	2
/	9665	1
ল্পী	9664	4
ল্লা	9592	4
র্ষ	9556	3
ন্তা	9552	4
হিঃ	9546	3
ত্রা	9491	4
ঠে	9412	2
ক্লা	9256	4
ত্ম	9234	3
ব্দে	9117	4
ৱী	9111	2
সিং	9006	3
টী	8957	2
প্রে	8920	4
খো	8917	2
ন্ডে	8869	4
গাঁ	8836	3
ৰ্শ	8824	3
শ্রে	8813	4
দ্বী	8756	4
ঙ্গা	8749	4
ষ্ণ	8732	3
হৃ	8725	2
ন্তি	8704	4
ফো	8552	2
দ্র	8533	3
র্জ	8401	3
গ্রে	8380	4
র্জা	8376	4
র্যা	8186	4
ন্টা	8151	4
স্যা	8092	4
ণ্য	7922	3
ৰ্বা	7838	4
শ্বে	7788	4
দৈ	7764	2
তাঁ	7665	3
কৌ	7654	2
চৌ	7645	2
র্কে	7601	4
ন্দা	7562	4
ত্ত্ব	7440	5
র্বে	7409	4
দ্রা	7372	4
ঞ্জি	7326	4
যৌ	7233	2
স্বী	7187	4
ত্রী	7115	4
নৃ	7094	2
র্তি	7082	4
ৰ্ষ	7079	3
(	7072	1
স্তি	7008	4
ণ্ডি	6985	4
ক্ট	6966	3
“	6929	1
প্ৰি	6916	4
প্যা	6833	4
ঝা	6764	2
স্প	6737	3
ষ্ট্ৰী	6704	6
গ্রি	6701	4
"	6631	1
ন্ডা	6596	4
ম্মা	6588	4
ন্টি	6553	4
ব্রা	6505	4
গৈ	6490	2
ত্যে	6485	4
ফ্রি	6433	4
ল্য	6398	3
শ্ৰে	6380	4
ম্ম	6367	3
র্মী	6364	4
ম্বা	6359	4
ম্প্র	6344	5
গ্ৰী	6299	4
ৰ্গ	6280	3
ঔ	6276	1
স্না	6264	4
চো	6237	2
ট্য	6222	3
ষ্ট্রে	6207	6
ঙ্ক	6189	3
পৌ	6183	2
ম্রা	6171	4
ঈ	6156	1
দো	6129	2
শৈ	6106	2
ম্পূ	6085	4
ডো	6003	2
হ্যা	5997	4
শ্র	5878	3
ণু	5861	2
ন্ত্ৰ	5840	5
জ্ঞ	5827	3
ন্ত্রী	5789	6
”	5784	1
র্স	5783	3
ভ্য	5734	3
ষ্ট্ৰ	5731	5
ষ্ঠী	5726	4
ত্ৰী	5722	4
কিং	5712	3
ষ্কা	5704	4
ৰ্ক	5671	3
ণ্ট	5631	3
হ্ম	5580	3
পাঁ	5569	3
গৃ	5521	2
ভী	5511	2
গ্ৰা	5505	4
ক্ৰি	5456	4
বাঁ	5445	3
খী	5443	2
প্রো	5442	4
শ্ৰী	5401	4
নং	5396	2
স্টি	5396	4
ত্বে	5391	4
চ্যা	5388	4
দ্দে	5338	4
ন্মা	5266	4
ন্ধু	5240	4
র্থী	5226	4
ধে	5198	2
ভৌ	5186	2
ব্ৰ	5185	3
ন্না	5179	4
ট্ট	5166	3
ন্দী	5163	4
ক্রা	5158	4
র্মে	5125	4
শ্যে	5096	4
র্মি	5092	4
র্তৃ	5081	4
জ্যো	5077	4
কূ	5053	2
কং	5039	2
প্তা	4962	4
ঋ	4919	1
ফ্রা	4908	4
ত্যি	4876	4
ক্য	4875	3
শং	4860	2
ন্ধা	4850	4
ন্ধী	4830	4
মাং	4822	3
স্পে	4810	4
শ্রী	4793	4
দ্ভি	4764	4
ত্তা	4752	4
ঞ্চা	4706	4
ল্ড	4690	3
ব্রু	4656	4
–	4655	1
প্ৰে	4641	4
লিং	4625	3
সৌ	4613	2
গ্রী	4604	4
হ্যি	4583	4
ঢ়া	4573	3
ন্সি	4567	4
ন্ডি	4558	4
ষ্য	4547	3
আঁ	4526	2
ব্র	4455	3
ঞ্জা	4449	4
গ্যা	4435	4
জৈ	4428	2
ট্রা	4388	4
র্ন	4383	3
ডু	4348	2
হ্য	4345	3
ম্ন	4325	3
দ্দি	4323	4
র্ঘ	4303	3
বৌ	4272	2
লং	4215	2
ন্তে	4208	4
কাং	4202	3
ন্সে	4198	4
র্টি	4187	4
দ্যু	4142	4
ৰ্ড	4126	3
ম্য	4123	3
ত্ৰি	4111	4
ণ্ডে	4084	4
র্দি	4076	4
র্বো	4071	4
ক্সি	4064	4
র্ভু	4059	4
ষ্ট্য	4007	5
ন্টে	3997	4
প্ল	3988	3
ক্ষ্য	3984	5
র্থা	3972	4
ৰ্যা	3969	4
স্থ্য	3948	5
ণ্ডা	3863	4
ক্ষু	3850	4
ক্রে	3850	4
ল্লি	3831	4
ষী	3804	2
ঘি	3794	2
দ্ম	3792	3
ট্র	3776	3
র্ভ	3772	3
ত্ৰা	3761	4
র্তা	3758	4
ণ্টা	3749	4
তঃ	3731	2
ড়ী	3730	3
র্দে	3723	4
ক্ষী	3699	4
ন্ধি	3691	4
ত্ন	3664	3
গৌ	3648	2
ন্ত্রি	3636	6
র্বি	3634	4
ঞ্জী	3624	4
শ্ৰ	3621	3
ঙে	3620	2
ঢ়ি	3607	3
গ্ৰে	3598	4
স্ত্র	3589	5
ক্লি	3576	4
টিং	3558	3
ন্দে	3541	4
ণ্ঠ	3521	3
ষ্ণু	3513	4
ৰ্মী	3490	4
:	3484	1
ল্ম	3468	3
ব্ৰি	3467	4
দ্যো	3462	4
ম্ভা	3449	4
র্ধ	3445	3
নৌ	3420	2
ষ্টে	3420	4
ঝে	3409	2
ঘু	3397	2
ন্তঃ	3397	4
ব্ৰু	3373	4
য়্যা	3365	5
স্মৃ	3360	4
স্ত্রী	3345	6
চ্ছা	3344	4
ধ্ব	3316	3
ঝ	3312	1
ক্তা	3287	4
স্তৃ	3282	4
ক্সা	3278	4
ৰ্জ	3270	3
ল্লী	3267	4
ক্রো	3254	4
ৰ্তি	3239	4
দ্ৰ	3237	3
সাঁ	3230	3
ন্ত্ৰী	3222	6
ট্রি	3213	4
ৰ্তী	3212	4
র্সি	3208	4
রং	3187	2
শ্লে	3173	4
ত্ত্বি	3168	6
ঙ্গি	3146	4
জ্যি	3127	4
ধ্বং	3117	4
স্ট্রে	3093	6
ল্পে	3090	4
প্লে	3083	4
কাঁ	3082	3
স্কো	3061	4
ঞ্জে	3027	4
ঢ়	3020	2
তাং	3008	3
ৰ্চ	3003	3
প্লা	2972	4
জ্যা	2971	4
র্থে	2930	4
ত্ত্বে	2911	6
চ্ছি	2910	4
র্নি	2896	4
ন্দ্রী	2891	6
খ্ৰী	2862	4
ৰ্ট	2851	3
দ্ব	2843	3
্	2841	1
চ্চা	2820	4
ঘূ	2813	2
ন্ত্রে	2811	6
দ্ভূ	2797	4
°	2797	1
চ্ছ	2795	3
ম্বি	2786	4
ৰং	2778	2
বিং	2753	3
র্সে	2721	4
ম্প্ৰ	2717	5
য্য	2678	3
ক্সে	2678	4
স্ট্রি	2675	6
দ্রু	2667	4
চাঁ	2637	3
দাঁ	2615	3
ৰ্ভ	2610	3
র্ণা	2607	4
র্ল	2599	3
ম্ভি	2598	4
হাঁ	2593	3
স্কে	2592	4
ভ্যা	2588	4
ঘে	2588	2
ত্মা	2579	4
র্ধা	2578	4
ষ্ম	2570	3
প্তি	2560	4
ঙ্কা	2556	4
ব্ল	2516	3
শূ	2514	2
ক্কা	2508	4
ফ্যা	2484	4
ৰ্ভু	2483	4
শ্বি	2482	4
বেং	2475	3
হ্নি	2467	4
দ্ভা	2466	4
র্ডে	2449	4
ট্টা	2442	4
গ্রু	2442	4
দৌ	2418	2
ৰ্য্য	2406	5
ভ্র	2401	3
ঝি	2395	2
র্টে	2384	4
ন্থা	2383	4
ৰ্থা	2357	4
ন্ব	2351	3
থু	2326	2
ক্ষ্মী	2325	6
ত্তী	2323	4
ড়ো	2315	3
ত্থা	2313	4
ট্রো	2312	4
হ্ন	2269	3
চূ	2260	2
ন্	2257	2
নূ	2248	2
ট্রে	2248	4
গ্ন	2247	3
ন্তী	2244	4
ন্দ্রে	2237	6
জ্জা	2235	4
স্ম	2230	3
ব্যাং	2229	5
ক্রী	2225	4
ন্থে	2221	4
ঙ্গো	2220	4
ঙি	2218	2
দ্রো	2208	4
ঊ	2206	1
স্ত্ৰ	2196	5
ঞ্চি	2194	4
ব্ৰা	2185	4
ধূ	2184	2
দ্রি	2175	4
শ্যা	2159	4
ৰ্মি	2147	4
দ্ৰা	2142	4
হঁ	2141	2
র্জি	2117	4
ত্নী	2116	4
হিং	2101	3
ভৃ	2090	2
র্তে	2089	4
মিং	2082	3
ল্ল	2068	3
ফ্রে	2062	4
ক্ৰা	2056	4
ব্দু	2049	4
র্না	2049	4
য়ং	2043	3
র্তু	2034	4
ল্ট	2034	3
স্ট্যা	2030	6
ল্	2026	2
র্গা	2013	4
ন্ধে	2011	4
য়াং	2002	4
ন্নি	1996	4
র্ণি	1993	4
থো	1990	2
ঠ্য	1977	3
ন্মু	1966	4
ব্রে	1964	4
ক্ৰী	1962	4
পৌঁ	1956	3
র্জে	1938	4
ক্ষাং	1919	5
খুঁ	1912	3
র্ভা	1911	4
ণ্টি	1906	4
রিং	1895	3
র্গে	1892	4
নঃ	1884	2
ভ্ৰ	1881	3
ট্যা	1875	4
র্ষে	1862	4
ন্যে	1847	4
ষু	1823	2
ন্দ্ৰী	1816	6
স্কি	1815	4
ব্লি	1808	4
স্টো	1805	4
ত্তে	1804	4
জ্ব	1795	3
ম্ৰা	1787	4
র্ষি	1775	4
ম্মু	1771	4
ৱৈ	1771	2
ঙ্গু	1733	4
ৰ্জা	1706	4
গ্নি	1683	4
র্যে	1679	4
র্নে	1674	4
ড্রা	1668	4
ম্বে	1642	4
ঠো	1633	2
দ্দী	1630	4
র্ঘ্য	1629	5
স্পি	1616	4
ড়ু	1612	3
নিং	1605	3
ঢ়ো	1601	3
ব্ব	1598	3
কোঁ	1596	3
আং	1585	2
ম্	1564	2
হ্রা	1558	4
হ্বা	1553	4
ৰ্কে	1550	4
ন্ত্ৰি	1540	6
ন্মে	1526	4
ডী	1524	2
ক্	1519	2
ম্মে	1517	4
চিং	1505	3
র্থি	1499	4
ত্ত্বা	1477	6
হ্মা	1475	4
দ্ভ	1474	3
ৰ্ণা	1468	4
ন্সা	1466	4
ণ্ডী	1458	4
র্প	1453	3
ব্ধ	1449	3
ৰ্কী	1449	4
ৰ্বি	1447	4
র্ধে	1436	4
র্শি	1432	4
ট্টো	1431	4
ৰ্ধ	1429	3
ব্যু	1427	4
ম্বো	1426	4
হ্র	1426	3
ষ্ক	1425	3
স্ত্ৰী	1411	6
স্	1408	2
ফাঁ	1394	3
ৰ্ঘ	1383	3
শৃ	1380	2
স্পা	1375	4
ন্ডো	1364	4
ম্পে	1360	4
শ্ন	1357	3
মৈ	1355	2
সঁ	1353	2
ল্ডে	1351	4
ৰ্প	1349	3
ত্মি	1347	4
র্ডা	1346	4
ৰ্টি	1344	4
র্চা	1343	4
ঠী	1341	2
ষ্প	1338	3
ত্রু	1334	4
র্লি	1330	4
ৰ্দি	1326	4
ৰ্তা	1325	4
ন্থী	1324	4
চৈ	1323	2
ফ্ৰি	1322	4
ৰ্বে	1312	4
ৰ্ছ	1310	3
ল্টি	1309	4
লৌ	1306	2
ৰ্বো	1300	4
খাঁ	1296	3
গ্লো	1291	4
স্মা	1287	4
য্যে	1285	4
ৰ্দে	1282	4
জ্জ্ব	1277	5
ফ্লা	1276	4
র্পো	1274	4
ণ্ডু	1272	4
ফ্ৰা	1270	4
ড্রো	1264	4
ৰ্গা	1257	4
শ্রু	1255	4
স্ক্রি	1254	6
স্যু	1250	4
ণো	1249	2
শ্চ	1242	3
ল্টা	1232	4
ক্রু	1231	4
দ্বো	1225	4
ৰ্থী	1223	4
চ্যু	1218	4
ধ্রু	1211	4
ন্বি	1211	4
জং	1207	2
ঙ্কি	1203	4
ল্যে	1195	4
ট্ৰি	1195	4
ক্ষ্ম	1193	5
যুঁ	1192	3
পুঁ	1191	3
ট্ৰে	1189	4
ব্ল্যা	1187	6
শ্চা	1182	4
ন্দ্রি	1182	6
ৰ্কি	1180	4
দ্বৈ	1177	4
ব্যে	1176	4
শ্মী	1174	4
ঙ্খ	1173	3
নিঃ	1169	3
ঞা	1169	2
ষো	1165	2
ফী	1165	2
শ্মি	1161	4
ৰ্ষি	1155	4
গ্ধ	1152	3
মিঃ	1151	3
র্টা	1145	4
স্মি	1141	4
র্দা	1136	4
ন্নী	1134	4
ব্বা	1129	4
হং	1127	2
ন্দ্যো	1124	6
ম্বু	1121	4
বেঁ	1120	3
ৰোঁ	1116	3
ভং	1109	2
ক্ৰে	1109	4
স্তো	1104	4
ম্বী	1102	4
ব্লা	1096	4
ষ্কৃ	1092	4
র্ল্ড	1091	5
শিং	1087	3
দ্	1076	2
ক্তৃ	1073	4
ঝু	1072	2
ফ্র	1067	3
ঙু	1065	2
হ্	1062	2
র্শ্ব	1060	5
ক্লো	1060	4
ট্ৰ	1060	3
স্ফো	1059	4
শৃং	1057	3
দ্ৰো	1057	4
ৰ্ঘ্য	1045	5
র্ভি	1043	4
ৰ্চা	1039	4
কুঁ	1037	3
উঁ	1036	2
ছী	1036	2
[	1035	1
ড্যা	1028	4
চ্য	1018	3
ক্ষ্যে	1017	6
দুঃ	1007	3
ষ্ট্রী	1006	6
ক্ল	1004	3
ন্তো	1004	4
ক্তে	1000	4
ধো	1000	2
গ্নে	997	4
স্লা	991	4
দ্রে	989	4
ভ্রা	983	4
ট্ৰা	983	4
স্ট্রা	975	6
স্টু	974	4
সোঁ	973	3
স্ত্রে	972	6
রাং	971	3
ৰ্ণি	971	4
এ্	970	2
—	969	1
গ্র্যা	964	6
দ্মা	963	4
ৰাং	963	3
ঙ্কে	961	4
ৰ্হি	960	4
জ্জ	959	3
স্তে	959	4
জ্বা	955	4
র্শে	949	4
র্ণে	948	4
ক্টে	937	4
ল্পি	933	4
র্কা	933	4
স্বে	933	4
ৰ্ধা	932	4
জিং	930	3
স্ট্রো	929	6
ঢে	927	2
র্ডি	924	4
ট্	923	2
॰	921	1
কেঁ	912	3
প্ল্যা	909	6
ফ্লে	909	4
থী	904	2
ফ্লো	900	4
ৰ্ল	900	3
ন্টু	899	4
চ্	898	2
শ্লি	894	4
প্লি	894	4
ন্দ্বী	891	6
ব্লু	891	4
ট্র্যা	891	6
মং	888	2
ৰ্জী	888	4
ষ্ঠে	886	4
দ্দ	885	3
ফাং	885	3
র্দ	884	3
ব্ৰে	877	4
1	875	1
ত্বা	871	4
পিং	870	3
ন্ন্যা	868	6
ষ্ট্ৰে	863	6
শ্লো	858	4
ন্মি	857	4
ক্লে	849	4
প্পা	843	4
র্চে	842	4
স্যে	842	4
ন্ধ্যা	841	6
ব্রো	838	4
ড্রি	838	4
হ্ৰা	838	4
স্প্যা	833	6
ভ্ৰা	831	4
শ্ৰু	821	4
ফ্ৰে	821	4
ৰ্ভা	810	4
ত্তো	805	4
ম্মি	801	4
ত্মী	801	4
জ্জি	799	4
ডিং	796	3
কিঃ	795	3
স্লো	791	4
ঢো	790	2
ঝুঁ	784	3
ভঁ	783	2
র্দু	781	4
ষ্টু	781	4
ণ্টে	774	4
ঘাঁ	773	3
ষ্ণা	770	4
ভৈ	767	2
ড্রে	765	4
ৰৈ	762	2
চাং	761	3
প্তে	759	4
ত্র্য	755	5
ব্বি	754	4
ব্ধি	752	4
গ্লা	751	4
ন্থি	751	4
থ্যা	746	4
ঙী	743	2
ধ্ৰু	740	4
স্পো	736	4
ব্র্যা	725	6
ঙ্কু	719	4
খ্রী	718	4
0	716	1
স্র	711	3
প্য	710	3
দ্বে	710	4
র্ভে	706	4
ণ্ডো	704	4
স্নে	703	4
স্রা	702	4
গং	702	2
শ্ম	701	3
ণ্যে	694	4
ফ্ট	693	3
র্ভূ	688	4
থৈ	685	2
ন্ত্ৰা	683	6
প্ট	679	3
ঞ্জু	675	4
দ্ধৃ	674	4
প্ন	674	3
গ্ৰি	674	4
হাং	670	3
হূ	669	2
ৰ্থি	668	4
খোঁ	667	3
ত্ৰু	665	4
ৰ্জু	662	4
য়ূ	661	3
ষ্টী	658	4
ছূ	656	2
ঞ্চে	655	4
ভ্যু	654	4
র্ষা	653	4
ন্সী	649	4
গ্নী	649	4
ন্ত্রা	648	6
ন্টো	643	4
এঁ	642	2
ছ্	640	2
ত্	639	2
র্শা	638	4
ল্টে	638	4
ড্র	637	3
ন্দ্বি	632	6
ক্ষো	631	4
ৰিং	631	3
ফৌ	630	2
ক্ক	626	3
ঞি	624	2
গোঁ	620	3
হ্ৰ	618	3
দ্ৰু	616	4
ন্ডী	613	4
ৰ্জি	612	4
ঢ	611	1
হেঁ	611	3
ৰ্শি	608	4
স্টী	607	4
হ্যে	606	4
র্দ্র	604	5
ন্ট্রা	601	6
ষ্ণে	597	4
ৰ্চি	587	4
র্ধ্ব	582	5
ব্লে	580	4
লেং	580	3
ষ্যা	574	4
2	570	1
ল্ক	569	3
নাং	569	3
ৰ্থে	569	4
ক্যে	567	4
তং	566	2
ন্মো	561	4
ল্ডিং	557	5
দ্যে	553	4
ত্ৰে	552	4
শ্রা	551	4
কঁ	551	2
গ্রো	548	4
‎	546	1
ট্টি	546	4
স্ৰা	543	4
ক্টি	542	4
জ্ঞে	540	4
প্টা	535	4
ডাঃ	534	3
থ্রি	533	4
র্নী	526	4
য়ঃ	524	3
ঙ্ঘ	523	3
ক্কো	523	4
ঢু	522	2
ল্ডা	521	4
য্যা	521	4
দ্দা	519	4
র্ঘ্যে	518	6
প্রী	518	4
স্রো	518	4
রৌ	518	2
ৰ্দ	514	3
ন্ডু	512	4
ফ্লু	509	4
ল্লু	505	4
ছাঁ	504	3
স্তী	502	4
চ্যে	501	4
প্ৰী	501	4
জ্জী	499	4
॥	498	1
সিঁ	495	3
ন্দ্রা	494	6
ঙ্কো	494	4
ড্ৰ	492	3
দ্ভু	488	4
ষ্ট্ৰি	488	6
ড্	487	2
ৰ্তে	487	4
ৰ্ল্ড	487	5
ৰ্মে	484	4
ৰ্লি	483	4
যাং	480	3
খৃ	479	2
´	477	1
পৈ	477	2
ছিং	477	3
র্যো	472	4
গ্লু	472	4
যাঁ	471	3
ক্র্যা	471	6
র্	470	2
ব্বী	468	4
দং	467	2
ক্টা	467	4
ৰ্টা	466	4
লাং	464	3
র্ধি	460	4
লোঁ	458	3
র্জু	458	4
ভাঁ	457	3
ঠু	457	2
ড্ৰা	450	4
হ্ব	449	3
ড্ৰে	448	4
ৰ্নি	447	4
র্ষী	444	4
ন্দ্ৰি	444	6
ম্পৃ	443	4
ঞ্চু	442	4
মোঃ	442	3
তেঁ	441	3
ঝো	440	2
র্জী	439	4
ৰ্গি	437	4
ফ্ৰ	435	3
থ্যে	434	4
প্লো	434	4
ন্ট্রি	434	6
ৰ্গী	433	4
ৰ্ক্স	431	5
গাং	430	3
গ্	430	2
ভিং	427	3
চ্ছু	427	4
ঙ্কিং	426	5
ন্ধ্ৰ	425	5
ফ্	424	2
লুং	424	3
পুং	423	3
ঘোঁ	423	3
ৰ্তৃ	422	4
ঢ়ী	421	3
ন্নে	419	4
ক্ট্র	419	5
ত্স	417	3
ৰ্য্যা	417	6
শ্রি	416	4
ম্ফ	416	3
ফ্ল	416	3
স্থূ	414	4
ৰেং	413	3
র্লা	411	4
স্ক্যা	409	6
ট্যু	408	4
পাং	408	3
গ্ম	407	3
য়িং	407	4
ন্বে	406	4
ডঃ	405	2
জঁ	404	2
]	403	1
ম্ভে	402	4
প্	400	2
গ্নাং	400	5
গ্ৰু	400	4
9	397	1
ছোঁ	395	3
ৰ্দা	393	4
যী	392	2
+	392	1
প্লু	390	4
র্সা	386	4
ৰ্ত্ত	386	5
ষ্কে	385	4
ৰ্কা	385	4
ত্বি	384	4
ৰ্টে	384	4
ফ্ল্যা	382	6
স্ফি	380	4
র্শী	377	4
পেঁ	377	3
ন্ট্রো	376	6
ৰ্গে	376	4
ৰ্ন	376	3
ক্যু	374	4
ঝাঁ	373	3
র্তো	372	4
ঠোঁ	372	3
ঢ়ে	372	3
ষ্ট্যে	371	6
স্ট্র	371	5
ৰ্চী	371	4
অঁ	370	2
র্কো	370	4
ফোঁ	370	3
রৈ	368	2
লঃ	368	2
হ্লা	368	4
শ্ৰা	368	4
র্দী	361	4
ন্দ্ব	361	5
ঘ্র	359	3
ন্যু	359	4
র্গি	358	4
ম্যু	358	4
এং	358	2
ক্কি	356	4
র্স্ট	354	5
ৰ্ডা	351	4
স্ট্রী	350	6
ল্পা	350	4
ল্ফ	349	3
গ্লি	349	4
ঘৃ	348	2
ন্দ্ৰা	348	6
প্রু	347	4
শ্রো	346	4
স্টিং	345	5
স্ফ	345	3
গ্ল	345	3
ম্র	344	3
ম্নো	344	4
র্টু	343	4
ন্ঠ	343	3
শৌ	341	2
ব্	341	2
পং	341	2
দ্ৰি	337	4
ক্ট্ৰ	337	5
ম্পো	336	4
র্গী	336	4
ক্সিং	335	5
ত্ৰ্য	335	5
ব্যি	333	4
ষ্মে	332	4
জ্	331	2
ফ্লি	331	4
ধাঁ	329	3
ৰ্ত্তি	328	6
শ্বু	327	4
শ্নে	325	4
জাং	325	3
ৰ্ত্তী	325	6
টং	324	2
ৰ্যো	324	4
ত্ম্য	320	5
ক্লী	320	4
ন্ধ্র	319	5
চ্চু	317	4
−	316	1
গুঁ	313	3
স্ফু	313	4
ৰ্দু	311	4
স্বৈ	310	4
ম্ভী	310	4
ৰ্ষা	310	4
ৱ্য	309	3
ৰ্ণে	309	4
টাং	307	3
র্দো	306	4
ৰ্ডি	306	4
গ্বে	305	4
ঢেঁ	305	3
র্ক্স	304	5
ণ্ণ	304	3
র্ডিং	302	5
3	302	1
প্নে	300	4
র্কী	299	4
ষ্ক্রি	298	6
স্ট্রিং	297	7
ল্কা	296	4
ৱাং	294	3
ত্না	293	4
ক্ৰো	293	4
ৰ্ডে	293	4
ন্যূ	292	4
জোঁ	291	3
=	290	1
ক্ষ্ণ	290	5
ষ্ঠু	290	4
গ্লে	290	4
5	290	1
ধোঁ	290	3
র্য্য	289	5
চং	288	2
র্মু	287	4
র্জ্য	286	5
পঁ	286	2
খৈ	286	2
ন্ড্রু	284	6
ফৈ	282	2
ভ্	281	2
ন্ডিং	281	5
স্ৰ	279	3
র্চি	278	4
4	278	1
স্ত্রো	277	6
জ্র	277	3
দ্বু	276	4
চেং	276	3
গ্যাং	276	5
ঘী	275	2
ল্যাং	275	5
ট্রু	274	4
ইঁ	273	2
রাঁ	273	3
প্টি	273	4
তৌ	272	2
স্ফী	272	4
শ্ৰি	272	4
ন্ড্র	271	5
র্মো	271	4
ঢি	270	2
ণ্ঠে	269	4
র্থো	267	4
সুঁ	267	3
ধ্যু	266	4
ব্দি	264	4
ঞ	264	1
ৰ্চে	264	4
র্লো	263	4
ৰ্দ্ধ	263	5
8	261	1
পিঁ	261	3
ৰ্ভি	261	4
ম্ৰ	260	3
স্ট্রং	259	6
ভ্রূ	258	4
ধৃ	257	2
প্স	256	3
ম্নে	253	4
ভূঁ	252	3
স্ট্র্যা	252	8
র্টিং	252	5
র্পি	252	4
ফ্রো	251	4
টেং	251	3
ৰ্তু	250	4
ষ্টো	250	4
ল্লো	249	4
র্নো	248	4
ভেঁ	247	3
স্ত্রা	244	6
খ্যি	243	4
6	243	1
ক্ষ্মা	242	6
স্থ্যে	240	6
স্পৃ	240	4
র্পে	240	4
জাঁ	240	3
ফ্র্যা	239	6
ম্যে	238	4
ন্ত্রাং	238	7
ত্পা	237	4
জ্যু	237	4
ষ্ট্ৰা	237	6
স্ফূ	236	4
7	236	1
ফেঁ	236	3
গ্নু	235	4
স্লি	233	4
ৰ্না	232	4
দাং	230	3
ন্টিং	229	5
ঞ্জো	229	4
ফ্রাং	229	5
ল্মী	228	4
ক্যাং	224	5
ন্ত্যে	224	6
ঢৌ	224	2
ৰ্ৱ	224	3
হঃ	223	2
ণ্যা	222	4
থিং	222	3
ণাং	221	3
ব্যং	221	4
ঙ্ক্ষা	220	6
তূ	220	2
দ্ব্য	219	5
জৌ	219	2
য়াঁ	219	4
ছেঃ	218	3
ল্কে	218	4
ন্ড্রি	218	6
ত্সা	215	4
ৰ্নে	214	4
দ্র্য	213	5
ভাং	213	3
শ্	213	2
ৰ্টু	213	4
ৰ্খা	213	4
ক্ল্যা	211	6
রঃ	211	2
ন্নু	211	4
ভোঁ	211	3
ড্ড	210	3
ৰ্জে	210	4
স্থে	209	4
ক্ব	209	3
ত্নে	209	4
ল্টো	208	4
ৱো	208	2
র্থাং	206	5
ক্কু	206	4
জঃ	206	2
ৰ্নী	206	4
ল্কি	205	4
শ্চে	205	4
ল্গু	205	4
হুঁ	205	3
ড্ডা	204	4
ন্ধো	204	4
ঘেঁ	203	3
ক্মি	202	4
থ্ৰি	202	4
ষ্টাং	201	5
স্তূ	201	4
আঃ	201	2
ৰ্টী	201	4
থ্রা	200	4
হোঁ	200	3
স্ত্ৰো	200	6
ট্যাং	199	5
ৰ্ছি	199	4
খ্রিঃ	198	5
ৰ্শী	197	4
ম্ল	196	3
ন্ত্য	195	5
র্গো	195	4
ষ্ঠাং	195	5
ক্ষ্ণৌ	195	6
ষ্পী	195	4
প্প	195	3
ট্টু	195	4
গঁ	195	2
স্লে	194	4
ঘ্ন	193	3
শ্লী	193	4
|	193	1
র্কিং	192	5
দ্ৰৌ	192	4
ভ্লা	190	4
র্বাং	188	5
ম্ভু	188	4
ক্ৰু	187	4
ৰ্ভূ	187	4
র্ফ	184	3
দ্দু	183	4
শ্লা	183	4
জ্ৰ	182	3
ম্পু	181	4
জ্ঞী	181	4
ষ্পা	180	4
ধৈ	180	2
র্কু	180	4
ষ্টিং	180	5
ভেং	180	3
×	179	1
র্ডো	179	4
গ্না	179	4
প্ৰো	179	4
খৌ	179	2
ন্ধ্য	177	5
ক্ট্রো	177	6
মেং	177	3
ছুঁ	176	3
দ্দৌ	176	4
র্বী	176	4
স্ল্যা	176	6
মঃ	176	2
ব্রী	176	4
ণ্ড্ৰ	175	5
ল্পো	174	4
ক্কে	174	4
স্ক্ৰী	174	6
ক্ষ্যা	173	6
ত্থি	173	4
ছৌ	172	2
লূ	172	2
ৱু	172	2
র্মূ	171	4
ৰ্ণী	171	4
স্পু	170	4
র্ণী	170	4
স্পী	170	4
থোঁ	170	3
ৱঁ	170	2
ড্ডী	168	4
র্সিং	167	5
;	167	1
শাঁ	166	3
ক্সো	166	4
লোঃ	166	3
ণ্ঠা	166	4
ডাং	165	3
ঢ়ু	164	3
স্প্রিং	163	7
ণঃ	162	2
ষাঁ	162	3
ল্ব	162	3
র্লে	161	4
ত্রৈ	160	4
তিঃ	160	3
কোং	160	3
ৰৌ	160	2
ড্ৰি	160	4
চ্ছ্বা	159	6
ত্র্যে	159	6
র্ত্য	159	5
র্চু	159	4
হুং	159	3
থ্রো	158	4
শ্ৰো	158	4
র্গু	156	4
ব্দা	156	4
থ্বী	156	4
গ্যে	156	4
পূঃ	156	3
দ্গী	156	4
ষ্যে	155	4
ৰ্শ্ব	155	5
ৰ্	155	2
ৰ্ধি	155	4
হ্নে	153	4
র্বৈ	153	4
টৌ	153	2
ত্রো	152	4
সঃ	152	2
র্নিং	152	5
র্ন্ত	151	5
?	150	1
ঊঁ	150	2
ল্যু	149	4
খং	149	2
ৰ্দ্ৰ	148	5
ট্টে	146	4
প্টো	146	4
সাঃ	146	3
ষ্ক্ৰি	146	6
ৱেঁ	146	3
শ্বিং	146	5
থ্ৰ	146	3
ডং	145	2
হৌ	145	2
ৰ্মু	145	4
ছৈ	144	2
কঃ	143	2
লিঃ	143	3
পঃ	142	2
ৰ্ডিং	142	5
র্লিং	141	5
ধৌ	141	2
তুং	141	3
ণ্টু	140	4
ফ্ৰী	140	4
ন্সিং	139	5
ঢ্য	139	3
থৌ	139	2
ন্দূ	139	4
র্শ্বে	138	6
ঠেং	138	3
ৰ্মূ	138	4
ফ্ৰেং	138	5
ষ্পে	137	4
র্পা	137	4
শঃ	136	2
র্খা	136	4
ক্লু	136	4
ৎে	136	2
হ্মী	135	4
স্ত্য	135	5
ণ্ডিং	135	5
ঢ়ৈ	135	3
ণ্ট্ৰে	135	6
ু	134	1
স্নো	133	4
দ্রী	133	4
ড্যু	133	4
ণ্ড্র	132	5
ৰ্ভে	132	4
ল্ডি	131	4
শ্ল	131	3
_	131	1
র্যু	130	4
থ্	130	2
স্খ	130	3
রুং	130	3
ভ্রং	129	4
ঞ্ছি	129	4
জ্জু	129	4
প্ৰু	129	4
শ্যি	128	4
র্ঘা	128	4
র্মিং	128	5
ঞ্ছ	128	3
ট্টী	128	4
ৰ্ণাং	128	5
ৰ্ম্ম	127	5
জ্জে	126	4
গ্নো	126	4
ৰ্বী	126	4
ৰ্পি	126	4
শুঁ	125	3
প্লাং	125	5
গ্ল্যা	124	6
ন্দ্বে	124	6
ম্ভ্রা	124	6
ন্ড্রো	124	6
ঙো	124	2
ম্ভ্ৰা	124	6
ন্দ্রো	123	6
প্পি	123	4
ব্যো	123	4
প্পো	123	4
হেং	123	3
ৰ্ক্সে	123	6
নেঃ	122	3
•	121	1
ড্ডি	121	4
ট্যে	121	4
ফ্রঁ	121	4
ঝোঁ	121	3
চেঁ	121	3
প্লেং	121	5
ষ্মা	120	4
ষ্ঠ্য	120	5
মুং	120	3
য়	120	1
ঙ্	119	2
ক্কী	119	4
ক্বা	118	4
ক্সু	118	4
£	118	1
র্শ্বী	118	6
ৰ্থ্য	118	5
ৰ্শা	117	4
ৰ্হ	117	3
র্থ্য	116	5
উং	116	2
গিং	116	3
গ্ন্যা	116	6
জেং	116	3
ৰ্ছে	116	4
ৰ্ব্ব	116	5
ঙ্ক্ষি	115	6
ম্পং	115	4
ম্মী	115	4
ঘঁ	115	2
খ্	114	2
খাং	113	3
দ্রৌ	113	4
স্ন	113	3
ছাঃ	113	3
দ্ধো	112	4
মঁ	112	2
₹	112	1
ৰ্পো	112	4
ফ্ৰাং	112	5
র্হ	111	3
ল্মে	111	4
প্যাঁ	111	5
খ্ৰীঃ	111	5
খৃঃ	110	3
ঙ্খা	110	4
ম্লা	110	4
ক্ট্রি	110	6
ভ্ৰূ	110	4
ৰ্শ্বি	110	6
স্ক্ৰি	110	6
ৰ্ষ্ট	110	5
র্ব্য	109	5
দ্ৰী	109	4
হ্মে	108	4
শ্যু	108	4
ম্না	108	4
ৰ্ঘে	108	4
খ্ৰি	108	4
ধঃ	107	2
ছাং	107	3
তঁ	106	2
ন্মঃ	106	4
থ্ৰী	106	4
ঠাঁ	105	3
ছেঁ	104	3
লাে	104	3
শাং	103	3
>	103	1
ৰাঁ	103	3
ত্থ	102	3
€	102	1
ত্তু	101	4
দ্বৃ	101	4
ঘ্য	101	3
গেং	99	3
চুং	98	3
উঃ	97	2
ল্টী	97	4
শেঁ	97	3
ণ্টো	97	4
৺	97	1
ম্ভো	96	4
ন্দ্য	96	5
ষাং	96	3
লাঁ	96	3
টাঁ	96	3
শ্বী	96	4
ণ্টিং	96	5
ম্প্ৰী	96	6
ট্ৰু	96	4
ঃ	95	1
থাং	95	3
স্ত্রি	95	6
র্শ্বি	95	6
দ্মি	95	4
ফিং	95	3
ন্দ্ৰে	95	6
হ্নু	95	4
ৰ্পা	95	4
বঃ	94	2
ব্জি	94	4
ম্ফো	94	4
ঞ্চী	94	4
বুং	94	3
য়েং	94	4
ষ্ট্রা	93	6
থ্রে	93	4
গ্যো	93	4
ন্ত্ব	93	5
ম্ব্ৰি	93	6
গূ	92	2
চুঁ	92	3
প্পু	92	4
র্দৃ	92	4
লেঃ	92	3
ৰুং	92	3
ৰ্ব্বো	92	6
ত্প	91	3
…	91	1
ঙ্ঘা	91	4
ক্সী	91	4
যূ	90	2
জ্বী	90	4
ঙ্কী	90	4
খ্যাঃ	89	5
ষং	89	2
ফ্র্যাং	89	7
যঁ	89	2
র্টো	88	4
অা	88	2
চঁ	88	2
ভ্রু	88	4
ষ্প্রা	88	6
স্ল	88	3
র্ধ্বে	88	6
ৰ্ত্য	88	5
দ্দো	87	4
জিঃ	87	3
ত্ৰাং	87	5
নীং	86	3
′	86	1
হ্যাঁ	86	5
ঞ্ছা	86	4
পেং	86	3
প্না	85	4
স্হা	84	4
ল্মি	84	4
র্বু	84	4
৳	84	1
ৰ্ফ	84	3
দ্ৰে	84	4
ল্ট্রা	83	6
ভুঁ	83	3
জ্যৈ	83	4
ধঁ	83	2
স্নি	83	4
ণ্ড্য	83	5
ণ্ড্ৰি	83	6
ঘ্রা	82	4
জ্জো	82	4
ছেং	82	3
দঃ	81	2
দ্র্যে	81	6
থ্রু	81	4
ন্ড্	81	4
ল্স	81	3
ত্ত্বী	81	6
ভ্ৰং	81	4
!	80	1
রেঃ	80	3
দ্ঘা	80	4
ত্কা	80	4
ছং	80	2
ষ্ট্যা	79	6
ফ্রু	79	4
সেং	79	3
প্লী	79	4
ণ্ট্ৰি	79	6
গ্ন্যু	78	6
ন্ড্রা	78	6
ফুঁ	78	3
ব্ৰী	78	4
য়ে	78	2
শ্ছে	77	4
ৰ্ধ্ব	77	5
র্সী	76	4
থ্র	76	3
র্ম্যা	75	6
র্য্যে	75	6
ষ্ট্ৰো	75	6
বোঁ	74	3
শ্না	74	4
থাঃ	74	3
স্মী	74	4
র্সো	74	4
ঘ্নি	74	4
ক্ষ্যং	74	6
কুং	74	3
টুং	74	3
ফ্ৰো	74	4
সূঁ	73	3
ম্নাং	73	5
ল্থ	73	3
স্প্রে	73	6
ধ্যাং	73	5
ঝৌ	73	2
ত্ৰৈ	73	4
ব্বৈ	73	4
স্কী	72	4
তুঁ	72	3
ম্পিং	72	5
ল্টু	72	4
ফ্টে	72	4
র্জিং	72	5
ঝং	72	2
মোঁ	71	3
চ্যাং	71	5
ক্লিং	71	5
স্বি	71	4
ডেং	71	3
ষ্কি	71	4
ন্নো	70	4
চোঁ	70	3
ৰ্থাং	70	5
ৰ্দ্ধি	70	6
ৰ্খ	70	3
শ্বো	70	4
প্পে	69	4
ম্প্যা	69	6
র্হি	69	4
ণ্ব	69	3
স্ক্লে	69	6
ৰ্কিং	69	5
ৰ্পে	69	4
ম্প্রী	68	6
দ্গ	68	3
ছিঁ	68	3
ল্ক্য	68	5
ৰ্মিং	68	5
ৰ্দো	68	4
†	67	1
মৃঃ	67	3
থ্ৰা	67	4
ন্ত্র্য	66	7
ম্ভূ	66	4
গ্মী	66	4
ন্ট্	66	4
ব্লো	66	4
রাঃ	66	3
ল্দো	66	4
র্থং	66	4
ঘিঁ	66	3
ণ্ন	65	3
বূ	65	2
প্পী	65	4
ৰ্দৃ	65	4
ঘ্নে	64	4
ম্লী	64	4
ৰ্ফি	64	4
গেঁ	63	3
মেঁ	63	3
ড্রু	63	4
খ্যে	63	4
প্সি	63	4
গ্ৰো	63	4
ৰ্চু	63	4
ৰ্ণো	63	4
ন্টী	62	4
ট্ৰো	62	4
রেং	61	3
স্থু	61	4
র্জো	61	4
ম্ফু	61	4
ষ্ট্রি	61	6
আ্	61	2
স্ট্	61	4
ওং	61	2
স্মে	61	4
ৰ্ধাং	61	5
ড়্গ	60	4
প্র্যা	60	6
ম্ফি	60	4
নোং	60	3
ন্য়	60	4
ণ্টী	60	4
ৱ্	60	2
ম্ব্ৰ	60	5
দ্রূ	59	4
ঌ	59	1
মাঃ	59	3
ম্মো	58	4
ব্রং	58	4
সেঁ	58	3
য়া	58	2
গ্বি	57	4
ম্লে	57	4
কৃৃ	57	3
ৰ্লিং	57	5
স্খা	56	4
জুঁ	56	3
খিঁ	56	3
ৰ্চিং	56	5
ৱোঁ	56	3
ৰ্ছী	56	4
ৰ্দ্ধা	56	6
প্ল্যাং	55	7
ন্দ্ব্বি	55	8
ল্ডো	55	4
­	55	1
ধ্বী	55	4
স্মো	55	4
প্ৰাং	55	5
স্প্রি	54	6
ল্গা	54	4
র্দ্ধ	54	5
*	54	1
ব্দাং	54	5
থং	54	2
ন্ড্রে	54	6
র্ভো	54	4
ড্র্যা	54	6
ঙ্ঘে	54	4
ক্ষ্বা	54	6
ডৌ	54	2
ৰ্মো	54	4
ন্ঠে	53	4
ম্ফা	53	4
ৰঃ	53	2
ঘুঁ	52	3
ব্বু	52	4
ফ্রী	52	4
ঠ্যে	52	4
ম্প্রে	52	6
ধং	52	2
দঁ	52	2
য়্য	52	4
―	52	1
শ্ৰূ	52	4
ে	51	1
র্ট্রে	51	6
ণ্ট্ৰ	51	5
ষ্পু	50	4
ম্ব্রি	50	6
মাঁ	50	3
স্ক্রী	50	6
স্ট্রু	50	6
চ্চে	50	4
চ্যূ	50	4
স্ত্ত	50	5
লৃ	50	2
ণ্ণু	50	4
শঁ	50	2
ঘৈ	50	2
ম্ৰে	50	4
ৰ্লে	50	4
স্ৰো	50	4
ৰ্ষী	50	4
ফ্রাঁ	49	5
তাঃ	49	3
য়ুং	49	4
শ্নো	49	4
য়ঁ	49	3
ক্তো	49	4
শ্মে	49	4
ল্কী	49	4
ৰ্ম্মা	49	6
ঘ্ৰ	49	3
ৰ্ব্য	49	5
মোং	48	3
র্ফি	48	4
নাে	48	3
ত্যুঃ	48	5
দ্মে	48	4
ড়িং	48	4
ঘ্ৰে	48	4
ৰ্দ্দি	48	6
চ্ছেঃ	47	5
খ্য়া	47	5
ম্নী	47	4
ন্জি	47	4
স্ফিং	47	5
ৰ্ছা	47	4
ড্ৰী	47	4
র্হে	46	4
স্রু	46	4
র্ধাং	46	5
গ্যু	46	4
ণ্ম	46	3
ন্তৌ	46	4
ৰ্কো	46	4
ইংঃ	46	3
ঙ্ক্ষী	45	6
ন্সো	45	4
ন্ট্রে	45	6
স্ক্রু	45	6
র্নু	45	4
দোঁ	45	3
ন্থো	45	4
র্ত্যে	45	6
র্ব্ব	45	5
৹	45	1
ছ্যু	45	4
ভ্ৰু	45	4
ফেং	44	3
ত্বী	44	4
গ্গা	44	4
ন্যি	44	4
র্ত্রে	44	6
ৰ্ণিং	44	5
ষ্ণাং	44	5
র্গ্যা	43	6
য়্যে	43	5
ব্বে	43	4
ন্ট্যা	43	6
ণ্ঠী	43	4
লাঃ	43	3
হ্মো	43	4
ৰ্স	43	3
ৰ্ডো	43	4
ৰ্লা	43	4
ৰ্থং	43	4
ৰ্ট্ছ	43	5
ঙ্গ্যা	42	6
নাঃ	42	3
প্তী	42	4
ন্দ্ব্বী	42	8
ন্জ	42	3
র্ম্প	42	5
ডাঁ	42	3
ড্রিং	42	5
রোঁ	42	3
খ্রীঃ	42	5
শুং	42	3
চোং	42	3
দ্ৰ্য	42	5
খ্ৰা	42	4
স্ত্ৰি	42	6
যাে	41	3
√	41	1
স্ক্রা	41	6
স্ক্র্যা	41	8
ষ্ফো	41	4
ফঁ	41	2
ন্দং	41	4
তিং	41	3
দিং	41	3
ৰ্জো	41	4
ৰ্শ্বী	41	6
থ্ৰো	41	4
ত্ত্য	40	5
ম্পাং	40	5
দুং	40	3
ভ্যাং	40	5
জ়ে	40	3
র্ত্ত	40	5
জ্বি	40	4
শ্মা	40	4
ব্বো	40	4
ঙ্খি	40	4
ক্টিং	40	5
ঠৈ	40	2
ক্ৰং	40	4
ক্ট্ৰি	40	6
স্ং	39	3
স্রে	39	4
ম্পী	39	4
ঙ্কৃ	39	4
ৰ্সং	39	4
থ্ৰু	39	4
ৰ্লো	39	4
ৰ্ত্তা	39	6
ৰ্শ্বে	39	6
রেঁ	38	3
শ্যাং	38	5
দ্দ্যে	38	6
বেঃ	38	3
ঙ্ক্রো	38	6
ষ্কো	38	4
া	38	1
ড্ৰো	38	4
ত্ক্ষ	38	5
ন্ধঃ	38	4
স্ম্যা	38	6
মূ্হ	38	4
ক্যো	37	4
র্ট্রা	37	6
গঃ	37	2
ত্মো	37	4
ঠুঁ	37	3
জ়	37	2
ক্ষ্মে	37	6
বাঃ	37	3
ৰ্বাং	37	5
ব্জা	36	4
ব্য়	36	4
র্খ	36	3
টঃ	36	2
শ্ছি	36	4
ড়ং	36	3
ম্যাং	36	5
স্যাঁ	36	5
ম্লি	36	4
ৰ্যু	36	4
রাে	35	3
ঞ্ঝা	35	4
র্য়	35	4
র্ফে	35	4
র্গ্র	35	5
স্ন্যা	35	6
২ঃ	35	2
র্য়া	35	5
চ্ছৃ	35	4
নঁ	35	2
ত্র্	35	4
ম্রো	35	4
★	35	1
বিঃ	35	3
র্থ্রো	35	6
ৰ্ঘা	35	4
ৰ্গু	35	4
ধুঁ	34	3
র্ল্ডে	34	6
র্ত্তি	34	6
র্থ্যা	34	6
র্থঃ	34	4
র্ক্সে	34	6
ল্ল্যে	34	6
ল্ট্রি	34	6
র্ভিং	34	5
য়ৈ	34	3
ফং	34	2
কাঃ	34	3
ধিং	34	3
ক্স্	34	4
জ্ঞো	34	4
ৰ্বৃ	34	4
ক্ছ	34	3
স্ত্ৰা	34	6
ৰ্ম্মি	34	6
ভঃ	33	2
স্ফে	33	4
ষ্ট্	33	4
ণ্ডাং	33	5
টূ	33	2
র্ণো	33	4
য়্	33	3
ক্ম	33	3
ধাং	33	3
″	33	1
ঝাং	33	3
ড্ডু	33	4
→	33	1
প্রাঃ	33	5
পূঁ	33	3
ঞ্চো	33	4
ণ্ঠি	33	4
ৰ্ভী	33	4
ৰ্নিং	33	5
ল্য়া	32	5
লোং	32	3
উ্	32	2
ষ্পি	32	4
ন্দুঃ	32	5
র্ভী	32	4
রঁ	32	2
ল্মো	32	4
ৱাঁ	32	3
স্প্ৰে	32	6
ৰ্ৱে	32	4
ত্যূ	31	4
ই্	31	2
বৃৃ	31	3
জ়া	31	3
গ্গ	31	3
র্ধ্য	31	5
সুং	31	3
স্হি	31	4
স্লু	31	4
ন্দ্	31	4
ৰ্ধে	31	4
স্ক্র	31	5
নাঁ	31	3
ব্ৰং	31	4
ৰ্কু	31	4
ণ্ট্ৰী	31	6
স্প্ৰিং	31	7
শ্বাং	31	5
ঝী	31	2
টোং	30	3
থ্য়	30	4
র্ঘে	30	4
র্দ্য	30	5
স্তোঁ	30	5
জোং	30	3
দেং	30	3
মেঃ	30	3
য়ৌ	30	3
ধ্যি	30	4
ন্হ	29	3
ত্রঃ	29	4
ক্যি	29	4
র্পূ	29	4
ন্যো	29	4
ম্প্	29	4
য়াঃ	29	4
ন্সু	29	4
ভ্যূ	29	4
সেঃ	29	3
স্রং	29	4
স্থী	29	4
ঞাঁ	29	3
ৰ্বৈ	29	4
ঁ	28	1
পোঁ	28	3
ভ্রে	28	4
²	28	1
ণং	28	2
ম্যাঁ	28	5
ঙ্খী	28	4
য়্যি	28	5
র্স্ক	28	5
ফ্ফ	28	3
হ্ণ	28	3
ল্ত	28	3
ৰ্চ্চা	28	6
ঘ্ৰা	28	4
ৰ্ব্বা	28	6
খ্ৰীং	28	5
ৰ্টো	28	4
হ্মি	27	4
য়েঁ	27	4
ন্দ্ব্ব	27	7
ম্প্লে	27	6
ন্ত্রো	27	6
র্জ্যে	27	6
ম্যো	27	4
ং	27	1
ল্বা	27	4
ক্মী	27	4
স্প্ল্যা	27	8
স্ক্	27	4
তেঃ	27	3
জেঃ	27	3
⁄	27	1
ৰ্শো	27	4
ৰ্ন্ত	27	5
ৱিং	27	3
শ্চু	26	4
স্মু	26	4
র্ঝ	26	3
জ্বে	26	4
লঁ	26	2
ত্নি	26	4
তোঁ	26	3
ক্যং	26	4
তৃৃ	26	3
ল্বে	26	4
স্প্লি	26	6
নুং	26	3
ন্বা	26	4
ন্ত্ত	26	5
থূ	26	2
ল্ফা	26	4
লৈং	26	3
ৰ্প্ৰ	26	5
ণ্ড্ৰে	26	6
ত্যং	25	4
র্স্টে	25	6
ন্দ্যে	25	6
হ্য়	25	4
ক্রূ	25	4
র্ফা	25	4
র্সু	25	4
ঞ্জিং	25	5
স্ক্রো	25	6
য়্যু	25	5
০ঃ	25	2
য়োঁ	25	4
র্দ্দ	25	5
চ্ছ্ব	25	5
টাঃ	25	3
ৰ্য্যো	25	6
ট্ছ	25	3
ট্ৰী	25	4
ড্ৰু	25	4
বাে	24	3
জ্য়	24	4
জ়ি	24	3
দাঃ	24	3
·	24	1
ক্বে	24	4
ক্বি	24	4
ব্জ	24	3
ল্ম্	24	4
ণ্	24	2
˚	24	1
৬ঃ	24	2
চ্চী	24	4
ঽ	24	1
ল্যাঁ	24	5
খ্মে	24	4
ৰ্ট্ৰে	24	6
ৱেং	24	3
ভ্ৰি	24	4
ল্ট্ৰা	24	6
য্	23	2
ড্য	23	3
ইঃ	23	2
স্যাং	23	5
কেঃ	23	3
ম্ফে	23	4
ল্টিং	23	5
স্যো	23	4
হ্নী	23	4
গাে	23	3
‚	23	1
ত্জ	23	3
ন্ঠা	23	4
ন্মূ	23	4
ৰ্গো	23	4
ছ্ত	23	3
ষ্প্ৰা	23	6
ম্ব্ৰে	23	6
স্ত্ৰিং	23	7
ভ্রি	22	4
±	22	1
চঃ	22	2
৩ঃ	22	2
র্ডী	22	4
র্বৃ	22	4
র্দ্ধা	22	6
কেং	22	3
গিঁ	22	3
ঞ্	22	2
খুং	22	3
ন্স্	22	4
শ্ত	22	3
ক্ষ্মি	22	6
ঞে	22	2
ণ্ড্	22	4
ঠং	22	2
ৰ্দৈ	22	4
ম্ছ	22	3
ল্ছ	22	3
ৰ্থো	22	4
থ্লী	22	4
তাে	21	3
চ্চো	21	4
ধ্য়ে	21	5
গ্রাঁ	21	5
ল্ড্	21	4
÷	21	1
স্কৃৃ	21	5
ষ্মি	21	4
ধ্	21	2
জ্যঁ	21	4
প্যু	21	4
গ্রঁ	21	4
র্ব্বো	21	6
ধ্বা	21	4
হ্যাং	21	5
ডুং	21	3
$	21	1
প্রৌ	21	4
ষঃ	21	2
খেঁ	21	3
রিঃ	21	3
দেঁ	21	3
ম্ভ্র	21	5
শ্নি	21	4
ক্ষৌ	21	4
ষ্ট্ৰু	21	6
ঢ়োঁ	21	4
ৰ্নো	21	4
ণ্ট্	21	4
ন্ত্ৰো	21	6
ৰ্চ্চ	21	5
ৰ্লী	21	4
ড়	21	1
ম্প্রা	20	6
ল্কো	20	4
ঙ্খে	20	4
প্সা	20	4
টিঁ	20	3
ম্স	20	3
ন্ট্র	20	5
ক্বী	20	4
স্প্লে	20	6
প্টিং	20	5
ঞ্চিং	20	5
স্যি	20	4
ব্লাং	20	5
পোং	20	3
থঃ	20	2
র্যী	20	4
র্জ্জ	20	5
স্ফা	20	4
ফ্লী	20	4
ৰোং	20	3
স্ক্ৰে	20	6
জ্ৰা	20	4
ম্প্ৰে	20	6
ৰাঃ	20	3
ৰ্শ্বা	20	6
ঞাং	20	3
য়াে	19	4
প্টী	19	4
দ্ধং	19	4
র্সং	19	4
র্ক্	19	4
জ়্	19	3
ফ্যাং	19	5
ল্ভা	19	4
ত্বঃ	19	4
৫ঃ	19	2
ম্বিং	19	5
ণ্বি	19	4
র্দূ	19	4
ঝিঁ	19	3
দ্ভো	19	4
ি	19	1
ফ্ফা	19	4
গ্বৈ	19	4
ৰ্দ্দে	19	6
পুু	19	3
ন্ক	19	3
ভ্রো	19	4
ক্ষাঃ	19	5
ম্ব্	19	4
ট্জ	19	3
র্ফিং	19	5
ত্কৃ	19	4
র্লু	19	4
ষ্টং	19	4
ক্তী	19	4
ন্মী	19	4
থ্বি	19	4
যু্দ্ধ	19	6
ছঃ	19	2
ফুং	19	3
ফ্ৰু	19	4
ন্দ্ৰো	19	6
ণ্ড্ৰু	19	6
দ্ৰূ	19	4
ন্ট্ৰে	19	6
ব্লেং	19	5
ৰ্টিং	19	5
শ্রূ	18	4
ন্জে	18	4
ত্য়	18	4
র্দ্ব	18	5
ভ়া	18	3
ষ্ফ	18	3
নোঁ	18	3
তেং	18	3
জ্রে	18	4
ঠুং	18	3
থ্রী	18	4
ন্জা	18	4
র্ত্রী	18	6
ঘুং	18	3
দ্ধু	18	4
ষ্	18	2
লেঁ	18	3
ব্রিং	18	5
স্লিং	18	5
থুঁ	18	3
খ্ৰু	18	4
ৰ্পূ	18	4
ক্লেং	18	5
ৰ্ম্প	18	5
ণ্ড্ৰা	18	6
ৰ্ত্তে	18	6
ছৗ	18	2
ন্ত্ৰাং	18	7
ত্যঃ	17	4
ঘাং	17	3
জ্ঞি	17	4
দৌঁ	17	3
ল্মা	17	4
খ্য়	17	4
স্প্রা	17	6
ল্ট্	17	4
জ্যাঁ	17	5
ত্সে	17	4
হ্না	17	4
ক্ষ্মৌ	17	6
স্বো	17	4
তুঃ	17	3
জুং	17	3
র্য্যা	17	6
শেং	17	3
জিঁ	17	3
র্ধ্যে	17	6
স্তাঁ	17	5
লীঃ	17	3
ভাঃ	17	3
৮ঃ	17	2
ন্বী	17	4
য়্যো	17	5
ণূ	17	2
স্ক্ল	17	5
র্ট্	17	4
ফূ	17	2
র্ধ্বা	17	6
ত্ক	17	3
হিঁ	17	3
প্র্যু	17	6
ন্ত্ৰে	17	6
ৰ্ণ্ট	17	5
নু্হ	17	4
থেং	17	3
ৰ্দী	17	4
থ্ৰে	17	4
স্ত্ৰে	17	6
ৰ্ছ্	17	4
ঙ্ঘি	16	4
ন্থু	16	4
ধ্য়	16	4
নিঁ	16	3
ডোং	16	3
ন্দঃ	16	4
কিঁ	16	3
ষ্ক্রী	16	6
ব্স	16	3
চ্চৌ	16	4
খঁ	16	2
ভ্লে	16	4
ড়ৈ	16	3
ষ্ণো	16	4
খঃ	16	2
ন্ড্যা	16	6
নেং	16	3
৭ঃ	16	2
থ্র্যা	16	6
র্ফু	16	4
﻿	16	1
স্হ	16	3
মৃৃ	16	3
চিঁ	16	3
ল্ড্রে	16	6
হ্যু	16	4
সিংে	16	4
ক্তু	16	4
ক্নে	16	4
পৃঃ	16	3
ব্যী	16	4
গ্বা	16	4
স্সে	16	4
র্ন্ড	16	5
ব্ৰো	16	4
ৰ্ফে	16	4
ষ্ট্ৰং	16	6
ড়া	16	2
র্র	15	3
র্ন্স	15	5
ক্ট্রা	15	6
ছুং	15	3
১ঃ	15	2
দ্যি	15	4
গ্স	15	3
মুু	15	3
ল্ল্যা	15	6
গ্ধা	15	4
ন্ধ্রে	15	6
ন্নৌ	15	4
ম্ত	15	3
ষ্কু	15	4
ষ্টঃ	15	4
ফাঃ	15	3
🌀	15	1
মাে	15	3
র্ত্র	15	5
ভিঃ	15	3
ন্ধ্যে	15	6
ঘঃ	15	2
ট্রী	15	4
দ্গা	15	4
ন্দ্ব্ব্বি	15	10
প্তাং	15	5
র্ত্তা	15	6
প্সে	15	4
খূ	15	2
ত্যাং	15	5
ৰ্ড্	15	4
ৰ্ৰ	15	3
চেঃ	15	3
ৰ্ট্	15	4
ৰ্ম্মী	15	6
ৰ্ষ্টে	15	6
ম্ৰি	15	4
ট্যো	14	4
ত্য়ু	14	5
সোং	14	3
ক্রৌ	14	4
প্যাং	14	5
র্ন্	14	4
জেঁ	14	3
~	14	1
আা	14	2
যাা	14	3
প্নো	14	4
হ্ণি	14	4
ন্দ্রঃ	14	6
র্থ্যে	14	6
র্দ্বি	14	6
ব্লঁ	14	4
ক্ষ্ন	14	5
ওঃ	14	2
হেঃ	14	3
ষ্মী	14	4
●	14	1
ন্চ	14	3
থেঁ	14	3
ক্বু	14	4
দ্যাং	14	5
ত্থু	14	4
দ্গু	14	4
ঢং	14	2
ল্তা	14	4
র্যাং	14	5
ল্ফে	14	4
দ্য়া	14	5
স্প্রু	14	6
ণ্মা	14	4
শোঁ	14	3
ষ্প্র	14	5
ফ্টা	14	4
ৰ্জ্য	14	5
ৰ্শে	14	4
ণ্ট্ৰা	14	6
ৰ্ডু	14	4
ৰ্চ্	14	4
জ্ৰাং	14	5
র্স্কে	13	6
র্ত্র্	13	6
র্ষ্ট	13	5
স্কিং	13	5
স্থৈ	13	4
র্দ্ধে	13	6
ব্দো	13	4
ব্যূ	13	4
৪ঃ	13	2
ত্ম্যে	13	6
ব্জী	13	4
র্ম্ম	13	5
ৠ	13	1
ণ্ঢ	13	3
দীঃ	13	3
র্রা	13	4
জ্যাং	13	5
পাঃ	13	3
ন্ন্য	13	5
ট্রাং	13	5
ল্ভ	13	3
ভ্যে	13	4
ন্চি	13	4
ম্যি	13	4
স্প্রুং	13	7
তিঁ	13	3
ড়াঁ	13	4
ম্রি	13	4
#	13	1
য়োঃ	13	4
থুং	13	3
ন্স্যু	13	6
ওে	13	2
`	13	1
স্ট্য	13	5
ব্ল্যাং	13	7
ক্স্য	13	5
দ্যৌ	13	4
লুু	13	3
ক্ষূ	13	4
ন্ত্তু	13	6
য়্ত	13	4
ৰ্ৱি	13	4
ধ্ৰ	13	3
ৰ্ক্সী	13	6
ৰ্দ্দ	13	5
■	13	1
ৰ্হে	13	4
ত্ৰো	13	4
ক্ৰৌ	13	4
গ্ৰাঃ	13	5
ট্চ	13	3
স্ক্ৰু	13	6
ৰ্কং	13	4
স্প্ৰি	13	6
ৰ্তো	13	4
প্ৰ্তি	13	6
শ্বেং	13	5
ল্ট্চু	13	6
ক্য়া	12	5
ভ়ি	12	3
ধ্স্ত	12	5
প্যে	12	4
ট্স	12	3
বৈঁ	12	3
জ্রা	12	4
তোং	12	3
ঝেং	12	3
প্তো	12	4
জূ	12	2
র্প্র	12	5
র্ফো	12	4
র্স্	12	4
র্ছ	12	3
ষ্ক্র	12	5
কোঃ	12	3
দ্ধী	12	4
গ্যাঁ	12	5
গ্যঃ	12	4
স্ট্যু	12	6
য়োং	12	4
র্দ্রি	12	6
নীঃ	12	3
ইে	12	2
ল্ভে	12	4
ত্যাঁ	12	5
ল্ডু	12	4
ল্দা	12	4
পাে	12	3
টৈ	12	2
ণ্ঠ্য	12	5
ল্জ	12	3
ণ্ত	12	3
অঃ	12	2
স্ট্র্যাং	12	9
ক্ন্যা	12	6
ন্ত্যো	12	6
ন্হা	12	4
চৌং	12	3
ৰ্য়া	12	5
ৱং	12	2
ণ্ঢা	12	4
টোঁ	12	3
ৰ্জ্জ	12	5
ত্ৰিং	12	5
ট্লা	12	4
স্ক্ৰ	12	5
গ্ৰাং	12	5
ষ্ট্ৰিং	12	7
ন্ত্ৰ্যা	12	8
ণিং	12	3
ত্চ	11	3
^	11	1
স্য়	11	4
র্চ্চ	11	5
সু্যো	11	5
গোং	11	3
স্নু	11	4
র্ধ্বাং	11	7
হ্ল	11	3
শ্র্যো	11	6
এি	11	2
ন্যাং	11	5
যুু	11	3
মীঃ	11	3
বিঁ	11	3
ন্দ্যা	11	6
◾	11	1
মুঁ	11	3
ন্দ্র্	11	6
স্ত্তু	11	6
নি্	11	3
ণৌ	11	2
ত্রাং	11	5
ল্পীঃ	11	5
ন্থ্রা	11	6
নুু	11	3
ল্ভি	11	4
ন্ট্ৰি	11	6
ন্ত্	11	4
ছ্যা	11	4
শ্ব্য	11	5
র্স্কি	11	6
ম্নি	11	4
，	11	1
ষ্ণী	11	4
ন্তিঃ	11	5
ন্দ্ব্ব্বী	11	10
খিং	11	3
ঙাং	11	3
ণ্টাং	11	5
ল্ড্ৰে	11	6
ৰ্দ্ব	11	5
ৰৃ	11	2
ৰ্ছিং	11	5
কৈঃ	11	3
ৰ্ৱা	11	4
থঁ	11	2
ণ্ড্ৰো	11	6
স্ক্ৰা	11	6
ম্প্ৰা	11	6
ন্ৰি	11	4
শ্বৌ	11	4
প্ৰিঁ	11	5
ন্দ্ৰু	11	6
গ্মি	10	4
টি্	10	3
ধ্স	10	3
ও্	10	2
ন্য়া	10	5
গ্য়	10	4
দ্য়	10	4
র্ক্সী	10	6
ল্দ্	10	4
স্তৃৃ	10	5
ঙ্ম	10	3
ধ্রূ	10	4
ম্প্রো	10	6
র্ষু	10	4
ল্হা	10	4
ড্রী	10	4
ন্কা	10	4
স্সা	10	4
র্দ্দা	10	6
৤	10	1
স্যঃ	10	4
পোঃ	10	3
সাা	10	3
ব্লিং	10	5
টিঃ	10	3
গ্যি	10	4
গ্ধে	10	4
চূঁ	10	3
ম্ব্রে	10	6
ট্ঠ	10	3
র্দ্রা	10	6
র্স্টা	10	6
চ্ট	10	3
স্বঃ	10	4
ক্তঃ	10	4
‏	10	1
হোং	10	3
স্সি	10	4
ক্রিং	10	5
ক্ট্	10	4
দ্ধঃ	10	4
শ্লৈ	10	4
দ্য়ু	10	5
ষ্ণি	10	4
মু্ক্তি	10	7
ঙ্গঃ	10	4
স্প্র	10	5
	10	1
ল্ক্যে	10	6
স্থঃ	10	4
জ্জৈ	10	4
ল্গ	10	3
¤্	10	2
ল্থে	10	4
▪	10	1
সে্	10	3
ঘ্	10	2
গ্গু	10	4
ম্ক	10	3
ৰ্দ্য	10	5
ৰ্হা	10	4
ৰ্বু	10	4
ৰ্ত্তৃ	10	6
ঠৌঁ	10	3
ব্ৱি	10	4
ৱাঃ	10	3
ৰ্ম্পূ	10	6
ধ্ৰূ	10	4
ৰ্ট্ৰা	10	6
ট্ৰাং	10	5
গুঃ	10	3
ৰ্য়	10	4
স্লী	10	4
ৰীঃ	10	3
জীঃ	10	3
স্প্ৰা	10	6
ল্ট্ৰু	10	6
ৰ্ক্যু	10	6
ণ্ঠঃ	10	4
ক্নী	10	4
ণ্যি	9	4
গৌং	9	3
ন্ডাং	9	5
র্ড্যা	9	6
ওা	9	2
চ্যী	9	4
শ্যো	9	4
ড্স	9	3
মূূ	9	3
}	9	1
র্রি	9	4
ল্ড্রি	9	6
নু্যা	9	5
প্বা	9	4
স্হ্য	9	5
রিঁ	9	3
ন্ত্র্যে	9	8
ক্চ	9	3
র্চিং	9	5
দ্যূ	9	4
র্দ্বা	9	6
গুং	9	3
ঙ্ক্রা	9	6
প্রাং	9	5
ল্পঃ	9	4
র্ন্যা	9	6
য়়	9	3
দ্মী	9	4
ন্টঃ	9	4
খ্রু	9	4
রীঃ	9	3
ডিঃ	9	3
যু্ক্ত	9	6
ইি	9	2
৯ঃ	9	2
স্ত্ব	9	5
জাঃ	9	3
শ্তা	9	4
ত্ভা	9	4
যৈ	9	2
র্ণাং	9	5
স্ভে	9	4
র্ছা	9	4
শাে	9	3
দ্গি	9	4
ক্ষঃ	9	4
গ্রিং	9	5
ক্র্যাং	9	7
ড়ঁ	9	3
ক্শ	9	3
ফ্টিং	9	5
র্ডু	9	4
গ্মো	9	4
হ্ব্য	9	5
ণ্ডূ	9	4
ঘৌ	9	2
জ্ম	9	3
খ্বা	9	4
চ্টে	9	4
দ্নে	9	4
দ্পা	9	4
ৰ্ৰা	9	4
ঢোঁ	9	3
স্প্ৰীং	9	7
ৱ্হা	9	4
চ্ছ্	9	4
ৰিঃ	9	3
ক্লং	9	4
খ্ৱ	9	3
ক্ৰূ	9	4
ৰ্দ্দৈ	9	6
ৰ্স্থা	9	6
চ্ছী	9	4
চ্ৰা	9	4
ভ্ৰে	9	4
ঢূ	9	2
য়ো	9	2
জ্জ্বী	8	6
ো	8	1
ল্যো	8	4
ক্মা	8	4
র্হী	8	4
ফ্রোঁ	8	5
ব্য়া	8	5
ত্য়া	8	5
স্ড	8	3
র্ঘ্য্য	8	7
ন্ঠি	8	4
থ্থা	8	4
র্ব্	8	4
গ্ব	8	3
ৡ	8	1
ন্হে	8	4
র্ত্তী	8	6
যে়	8	3
ষ্পো	8	4
ণ্ত্র	8	5
মুুু	8	4
স্যূ	8	4
রোো	8	3
ম্ফ্যা	8	6
থ্যঃ	8	4
প্সু	8	4
℃	8	1
বৃ্দ্ধি	8	7
ড়াং	8	4
যোঁ	8	3
খাঃ	8	3
হ্দ	8	3
ঙ্ক্তি	8	6
পেঃ	8	3
খোং	8	3
প্রিঁ	8	5
ভ়্	8	3
ল্চ	8	3
স্রি	8	4
চ্ছ্র	8	5
ল্গি	8	4
ধ্র	8	3
দ্ধ্ব	8	5
স্ব্	8	4
র্ত্ম	8	5
ম্বৃ	8	4
য়াা	8	4
স্ল্যাং	8	7
এঃ	8	2
চ্ছো	8	4
ছ্য	8	3
পিঃ	8	3
দোং	8	3
লি্	8	3
র্চ্চা	8	6
থ্থ	8	3
বীং	8	3
য্হ	8	3
ন্স্যা	8	6
র্দ্দি	8	6
ম্পাঃ	8	5
হ্ত	8	3
গ্ন্য	8	5
খ্ম	8	3
ফ্ট্	8	4
ঝুং	8	3
ৰ্ভো	8	4
ৰ্বিং	8	5
ডঁ	8	2
স্কৃি	8	5
খ্ৰ	8	3
ৰ্থঃ	8	4
দ্লা	8	4
ট্ৰেং	8	5
ব্ৰিঃ	8	5
ট্চা	8	4
ৰ্ফা	8	4
ৰ্পু	8	4
ক্নি	8	4
ক্ৰেং	8	5
ৰ্লাং	8	5
পৌং	8	3
ছ্ৰে	8	4
ড়ি	8	2
ভাে	7	3
হ্লে	7	4
র্দ্ধি	7	6
বাা	7	3
ত্র্যা	7	6
ণ্ধ	7	3
ঙ্গিং	7	5
ন্দ্ব্বে	7	8
ম্য়া	7	5
জ্যী	7	4
ত্বো	7	4
ধেঁ	7	3
ছেে	7	3
স্তুু	7	5
ব্লী	7	4
দ়ে	7	3
ন্ড্ট	7	5
নেে	7	3
র্থু	7	4
ৃ	7	1
খ্র	7	3
র্ল্যা	7	6
যেঃ	7	3
র্টী	7	4
গ্গি	7	4
ন্ড্য	7	5
ী	7	1
&	7	1
স্স	7	3
ব্স্তা	7	6
ম্মৃ	7	4
থাঁ	7	3
ঞ্জঃ	7	4
য়েঃ	7	4
ন্দ্রু	7	6
ডূ	7	2
ঘ্নী	7	4
র্ক্ত	7	5
ত্যো	7	4
যং	7	2
বি্	7	3
ম্রে	7	4
লেে	7	3
ণ্ণা	7	4
কুু	7	3
খ্ট	7	3
খ্যো	7	4
হ্রি	7	4
জ়ী	7	3
ড়্	7	3
স্খি	7	4
ল্বি	7	4
ক্সাঁ	7	5
দ্র্	7	4
ভ্র্	7	4
ওি	7	2
প্সো	7	4
প্রং	7	4
ত্তাং	7	5
র্বং	7	4
ঙ্ক্	7	4
ব্যঃ	7	4
র্জ্ঞা	7	6
স্প্লা	7	6
জ্ঞাঃ	7	5
প্নি	7	4
স্ট্রেং	7	7
ক্ব্	7	4
ন্ত্যা	7	6
নৈঃ	7	3
ঙিং	7	3
ঞ্জাং	7	5
¥	7	1
মৌং	7	3
ঘাে	7	3
ভ্ল	7	3
র্শো	7	4
স্ভা	7	4
ল্সে	7	4
ব্দঃ	7	4
য়়়	7	4
ছাে	7	3
ত্তৌ	7	4
¡	7	1
জুঃ	7	3
নেঁ	7	3
র্সূ	7	4
ঔঁ	7	2
ত্মে	7	4
ত্রং	7	4
দ্না	7	4
ক্ত্য	7	5
ক্টু	7	4
ট্বা	7	4
প্লং	7	4
গ্ৰুং	7	5
ড্ৰিং	7	5
ৰ্যী	7	4
ৰ্ণু	7	4
ৰ্হু	7	4
ৰ্যি	7	4
ৱ্স্থা	7	6
ৰ্জ্জু	7	6
ত্ৰ্য়	7	6
ৰ্যে	7	4
ক্ড	7	3
ৰ্চ্ছ	7	5
ক্ৰ্যা	7	6
চ্ছ্ৰ	7	5
ৰ্ষো	7	4
ৰ্দ্ধাং	7	7
খ্ৰং	7	4
ন্ধূ	7	4
পূ্ব	7	4
ৰ্দ্বা	7	6
ৰ্স্ক	7	5
ব্ৰেং	7	5
ৱ্শ্যে	7	6
ৱঃ	7	2
ভৃং	7	3
স্প্ৰ	7	5
ৰ্ক্সি	7	6
ম্ৰু	7	4
ক্ষ্নৌ	7	6
ল্ফ্	7	4
ফ্ৰং	7	4
ওঁঁ	7	3
চাঃ	7	3
চ্লিং	7	5
য়ৌং	7	4
ত্রিং	6	5
সাে	6	3
℅	6	1
ন্দ্ব্ব্ব	6	9
খ্যাঁ	6	5
ল্প্	6	4
শ্লু	6	4
দ্য়ো	6	5
গ্র্য়া	6	7
ত্য়ে	6	5
জ্য়ে	6	5
ষ্ফী	6	4
ষ্ক্রা	6	6
³	6	1
য়ুঃ	6	4
ফ্যু	6	4
প্রিং	6	5
ণাঃ	6	3
ব্ন	6	3
ক্যী	6	4
নুঃ	6	3
ঞ্ঝ	6	3
র্মঃ	6	4
র্জ্জা	6	6
দিঁ	6	3
রেে	6	3
ণ্দ	6	3
ন্তুু	6	5
স্টঃ	6	4
র্খো	6	4
ক্খ	6	3
র্ঙ্গ	6	5
বোং	6	3
জ্জ্জ	6	5
র্ব্বে	6	6
য়ীঃ	6	4
<	6	1
ক্র্য	6	5
কেে	6	3
ড়্যা	6	5
ম্রু	6	4
ত্সু	6	4
স্কুু	6	5
সুু	6	3
র্গ্য	6	5
ষ্ঠিা	6	5
র্হা	6	4
দ্দ্যো	6	6
মাা	6	3
কৃৃৃ	6	4
থাা	6	3
ৎ্	6	2
ল্ল্য	6	5
ফ্য	6	3
র্ব্বা	6	6
তাঁঁ	6	4
ঘ্রে	6	4
ন্ধ্রী	6	6
ঙ্গ্	6	4
ব্যুং	6	5
ব্ধে	6	4
র়	6	2
ত্ত্বো	6	6
ম্ব্রো	6	6
গ্ৰ্যা	6	6
স্চা	6	4
ন্দুং	6	5
ভ়ে	6	3
র্ব্যা	6	6
হ্ছা	6	4
≥	6	1
যুুুু	6	5
নাা	6	3
ল্ট্জ	6	5
র্ট্রি	6	6
ক্ত্যা	6	6
ড়ঃ	6	3
ত্য্য	6	5
ক্ষ্যি	6	6
র্ছি	6	4
ক্লাং	6	5
ড্ট	6	3
দ্দ্য	6	5
র্জ্জি	6	6
য়্যাং	6	6
যু্ক্তি	6	7
শ্যূ	6	4
ক়	6	2
ঝ়ে	6	3
ব্রাং	6	5
ল্দ	6	3
ল্পু	6	4
প্রাে	6	5
দ্যঃ	6	4
দ্ধ্য	6	5
ন্গু	6	4
ত্বং	6	4
য়্য়া	6	6
র্ক্সি	6	6
জ্জ্বা	6	6
র্হ্য	6	5
ড্ডে	6	4
ষূ	6	2
ঠ্	6	2
ন্থঃ	6	4
চ্চাং	6	5
ক্তিঃ	6	5
যঃ	6	2
ণ্শু	6	4
য়ুঁ	6	4
ল্থা	6	4
ল্তি	6	4
✔	6	1
র্স্টি	6	6
ক্স্পি	6	6
ল্মিং	6	5
ধূঁ	6	3
হ্মু	6	4
ঢী	6	2
ত্ৰৌ	6	4
ঠাং	6	3
ম্যুং	6	5
ত্ৰঃ	6	4
ন্ধৈ	6	4
ৰ্ব্বে	6	6
ক্ৰাং	6	5
খ্ব	6	3
ন্ট্ৰা	6	6
ৰ্কৃ	6	4
ৰেঁ	6	3
স্ৰু	6	4
ৰ্জ্জি	6	6
পু্ত্ৰ	6	6
ন্মুং	6	5
খ্ৰিং	6	5
ক্ন	6	3
তু্লী	6	5
ক্ৰ্ম	6	5
ন্ধোঁ	6	5
হ্ৰি	6	4
ঘোং	6	3
ন্ৰ	6	3
হ্যেঁ	6	5
ক্ট্ৰা	6	6
শ্ব্যা	6	6
ল্চা	6	4
ছ্যো	6	4
ব্ৰাং	6	5
খ্ৰুং	6	5
ফ্কা	6	4
গ্ৰাঁ	6	5
সূূ	6	3
ল্দ্বা	6	6
র্লী	5	4
হ্জা	5	4
ন্হি	5	4
স্যী	5	4
র্তূ	5	4
পৃৃ	5	3
ত্থে	5	4
ম্প্রি	5	6
ণ্দি	5	4
ঙ্ঘী	5	4
তঁা	5	3
স্প্য়া	5	7
ক্জি	5	4
ষ্ট্য়	5	6
য্য়	5	4
র্ত্	5	4
￼	5	1
স্প্র্যা	5	8
র্খে	5	4
ক্সঃ	5	4
{	5	1
ন্ত্রঃ	5	6
ব্জে	5	4
রে্	5	3
ৰ্ঘ্যে	5	6
র্দ্ধাং	5	7
ম্ব্যু	5	6
স্ত্	5	4
শ্ভা	5	4
ক্ষ্ণা	5	6
র্রো	5	4
কাা	5	3
তেে	5	3
ঠ্যাং	5	5
জ্ন	5	3
ণ্বে	5	4
ঘেং	5	3
শাঃ	5	3
প্ট্যা	5	6
হ্ণে	5	4
এী	5	2
গ্দা	5	4
ফ়া	5	3
রোং	5	3
স্তৈ	5	4
ন্সং	5	4
ফ্লাং	5	5
কঁঃ	5	3
ণ্যো	5	4
সিঃ	5	3
ত্নো	5	4
ন্চা	5	4
বৃৃৃ	5	4
খ্যং	5	4
র্জ্জু	5	6
ষ্ট্যঃ	5	6
স্তাঃ	5	5
উি	5	2
পিঁঁ	5	4
প্রাঁ	5	5
দুুু	5	4
পু্র	5	4
দিঃ	5	3
অাঁ	5	3
রাা	5	3
লে্	5	3
পূ্র্ব	5	6
ক্ষ্	5	4
ন্জু	5	4
₤	5	1
গ্গী	5	4
ধেং	5	3
ফুু	5	3
ণ্ণি	5	4
ত্ম্য্য	5	7
হি্	5	3
ফ্রিং	5	5
ম্ব্রী	5	6
ড্যাং	5	5
দ্বং	5	4
চু্ক্তি	5	7
ত্তঃ	5	4
স্থ্যা	5	6
র্ম্	5	4
র্দ্রে	5	6
স্থো	5	4
গ্বো	5	4
-ে	5	2
শ্ট	5	3
র্থ্রা	5	6
র্ল্	5	4
জৃ	5	2
⬇	5	1
ল্দি	5	4
ষ্ঠাঃ	5	5
ক্না	5	4
স্তাং	5	5
র্ী	5	3
স্থাঃ	5	5
র্ম্মা	5	6
ম্মং	5	4
র্বিং	5	5
ল্র	5	3
ইা	5	2
জ়ো	5	3
র্চী	5	4
ল্সি	5	4
ফ়্	5	3
½	5	1
ল্য়	5	4
ণ্ড্রে	5	6
শিঃ	5	3
কৃ্তি	5	5
জ্ড	5	3
র্ড্	5	4
ল্জে	5	4
চুু	5	3
ক্সৌ	5	4
ন্যঃ	5	4
জ্লা	5	4
ক্তাং	5	5
	5	1
থোং	5	3
পু্	5	3
ন্ডঃ	5	4
গ্দে	5	4
স্নী	5	4
ৱূ	5	2
ল্ট্রে	5	6
কৃ্ত	5	4
গ্ধ্য	5	5
ল্মু	5	4
স্কূ	5	4
র্ঘি	5	4
স্টেং	5	5
হ্বি	5	4
স্র্যা	5	6
চি্	5	3
খেং	5	3
]ঃ	5	2
ধ্যো	5	4
স্পেং	5	5
ভূঃ	5	3
ড়ৌ	5	3
ঢ়াং	5	4
শ্চী	5	4
@	5	1
স্মূ	5	4
ভ্যং	5	4
স্ত্রু	5	6
দ্ন	5	3
ভ্রাং	5	5
ন্তূ	5	4
ন্হী	5	4
স্ত্যে	5	6
►	5	1
ম্বাং	5	5
য়্ণ	5	4
চৃ	5	2
যা্রা	5	5
ত্সী	5	4
ম্প্লি	5	6
গাঁঁ	5	4
ণ্ট্ৰো	5	6
কৄ	5	2
ৰ্ক্ত	5	5
স্ৰী	5	4
ফ্ৰাঁ	5	5
চ্ছৃং	5	5
ড্ছ	5	3
অৗ	5	2
ন্ত্ৰ্য	5	7
ৰৗ	5	2
খ্যাং	5	5
ম্প্ল	5	5
ৱ্ল	5	3
জ্কু	5	4
প্ৰ্সা	5	6
ক্ৰুং	5	5
ন্থ্ৰ	5	5
ৰ্ধ্ব্ব	5	7
ঞ্চ্	5	4
মৌঃ	5	3
টীঃ	5	3
চ্ক	5	3
চে্	5	3
স্নৌ	5	4
জ্য়ো	5	5
ৰ্চো	5	4
ণ্ড্যা	5	6
ঞ্জ্	5	4
শ্ক	5	3
ম়	5	2
ৰ্ডী	5	4
ৰ্কঃ	5	4
বঁঁ	5	3
থ্বা	5	4
ট্টং	5	4
ৰ্জিং	5	5
‛	5	1
ৰ্স্কি	5	6
শ্ৰৌ	5	4
ণ্ড্ৰী	5	6
কো	5	3
মিঁ	4	3
স্রী	4	4
প্য়া	4	5
ণ্য়	4	4
ষ্য়	4	4
শেে	4	3
ফ়ে	4	3
ব্রূ	4	4
স্রাং	4	5
ত্রাঃ	4	5
ষ্ট্রো	4	6
তুু	4	3
ঢ্যা	4	4
ষ্রা	4	4
র্চো	4	4
ম্ব্রা	4	6
ণুো	4	3
স্যাঃ	4	5
স্ক্রে	4	6
দু্	4	3
দৃৃ	4	3
স্পিং	4	5
ম্হ	4	3
শ্ছ	4	3
গ্রূ	4	4
ক্ট্যা	4	6
দ্দ্যা	4	6
ত্খা	4	4
বিা	4	3
ণ্যঃ	4	4
খ্শ	4	3
য়িা	4	4
গ্ঞা	4	4
দুু	4	3
ৰ্সে	4	4
ল্ভু	4	4
ম্বং	4	4
থিঁ	4	3
ঝিং	4	3
স্ঠা	4	4
হ্কে	4	4
পুুু	4	4
ঢুঁ	4	3
˝	4	1
র্ত্স	4	5
ব্র্য	4	5
দ্রঃ	4	4
)ঃ	4	2
প্সী	4	4
ল্ডী	4	4
ন্দ্রেঁ	4	7
চ্ছ্রু	4	6
পাা	4	3
খ্তি	4	4
ণ্দ্র	4	5
র্জ্জী	4	6
ভৃৃ	4	3
স্মৃৃ	4	5
র্ঘ্যঃ	4	6
ক্ফ	4	3
র্যি	4	4
র্ডঃ	4	4
ক্যৌ	4	4
ব্ধী	4	4
য়্তা	4	5
ড়িঃ	4	4
ন্দুু	4	5
ন্সঃ	4	4
ক্হ	4	3
র্থিং	4	5
ল্গো	4	4
লুঁ	4	3
র্ল্ট	4	5
র্রে	4	4
স্বং	4	4
চ্যেং	4	5
দ্ব্যা	4	6
ম্হা	4	4
স্থ্যো	4	6
ল্বো	4	4
ম্ব্র	4	5
স্বূ	4	4
শ্নঃ	4	4
ত্জা	4	4
বুঁ	4	3
ক্ত্রা	4	6
মিংে	4	4
র্গ্রে	4	6
ডেে	4	3
ব়	4	2
স্ক্যু	4	6
ঠ্যা	4	4
নু্ভূ	4	5
ন্থ্রো	4	6
ব্র্যু	4	6
ল্কু	4	4
ফ্ড	4	3
ল্দে	4	4
ত্রীং	4	5
মোো	4	3
ড়িঁ	4	4
দ্রাং	4	5
ন্ঠ্য	4	5
ক্ল্য	4	5
জ়ু	4	3
য়্যোঁ	4	6
র্দ্যে	4	6
ক্ক্যা	4	6
ন্যী	4	4
গ্দ	4	3
রোঃ	4	3
ত্তিঃ	4	5
খ়া	4	3
লা্	4	3
ত্ব্য	4	5
ন্ড্রী	4	6
প্যো	4	4
মৃ্ত্যু	4	7
মি়	4	3
এে	4	2
হ্ম্য	4	5
শ্তো	4	4
গি্	4	3
ছ্ব	4	3
হু্দী	4	5
ল্শে	4	4
ম্প্রু	4	6
়	4	1
কুুু	4	4
ত্রেঃ	4	5
হাঃ	4	3
শ্বং	4	4
ত্যৈ	4	4
ন্চো	4	4
সৃৃ	4	3
ত্রূ	4	4
শ্রৌ	4	4
প্থা	4	4
নু্ষ্ঠি	4	7
প্র্যো	4	6
ষ্ঠো	4	4
ষ্ট্যি	4	6
ত্য্যে	4	6
র্সি্	4	5
ক্বো	4	4
গৃৃ	4	3
জ্জ্ব্ল	4	7
ৈ	4	1
র্ক্ট	4	5
ল়	4	2
চ্চৈঃ	4	5
ভূূ	4	3
ন্নাং	4	5
নোঃ	4	3
দৃ্শ্য	4	6
ন্দীঃ	4	5
ম্ছো	4	4
ত্ফু	4	4
ক্নো	4	4
ত়	4	2
ক্লীঁ	4	5
ন্দ্ব্ব্ব্বি	4	12
হ্লি	4	4
ণ্ডঃ	4	4
ত্রীঃ	4	5
ত্র্রা	4	6
জ্জ্বি	4	6
ট্যিং	4	5
শ্তী	4	4
গ্মে	4	4
ন্ট্ৰ	4	5
ত্ব্ব	4	5
ৰ্ত্ব	4	5
স্বৃ	4	4
ঠৌ	4	2
মৄ	4	2
লৌং	4	3
ড়্জ	4	4
ৰ্ফী	4	4
ম্তা	4	4
পূ্ৰ্ণ	4	6
পূ্ৰ্ব	4	6
ৰ্ত্ত্য	4	7
ণ্ট্ছ	4	5
ৰী্	4	3
ৰেঃ	4	3
ৰ্ধ্য	4	5
ষ্প্ৰ	4	5
ত্ত্বঃ	4	6
ৰ্গ্ৰ	4	5
হ্ৰী	4	4
ৰ্মৈ	4	4
বৄ	4	2
ষ্ক্ৰ	4	5
খ্ৰাং	4	5
ৰ্স্প	4	5
ৰ্ম্মে	4	6
গ্ৰং	4	4
প্ৰৌ	4	4
ৰ্চ্চি	4	6
ৰ্ল্ডে	4	6
দ্ৱা	4	4
হ্ৰো	4	4
ল্ফি	4	4
বৃঃ	4	3
গ্নিঃ	4	5
প্ৰং	4	4
ব্ৰ্হ্ম	4	7
ৰ্য়ু	4	5
চ্ত	4	3
ব্ৰিং	4	5
ডৈ	4	2
ৰ্ণ্	4	4
৸	4	1
ৰ্ত্ৰী	4	6
ছ্ন	4	3
ছ্মে	4	4
দ্থ	4	3
ৰ্থ্ৰ	4	5
ৰাা	4	3
ৰ্লু	4	4
খ্টা	4	4
চ্যিং	4	5
ৰ্ল্ল	4	5
ঙূ	4	2
ঙৌ	4	2
দূঃ	4	3
শ্ৱ	4	3
সূ্ত্ৰ	4	6
ষ্যী	4	4
গ্যং	4	4
ৰ্ল্	4	4
ষাঃ	4	3
ন্নুং	4	5
ত্য়ুঃ	4	6
ছ্ৰ	4	3
চ্লি	4	4
ৰ্ন্	4	4
জ্যৌ	4	4
স্প্ৰেং	4	7
ৰ্খী	4	4
শ্ৱা	4	4
হ্ফ	4	3
ট্টাং	4	5
ক্হ্মা	4	6
੦	4	1
ৰ্য্	4	4
প্চু	4	4
ব্স্কা	4	6
ড়ে	4	2
জ্ঝ	3	3
ম্রী	3	4
লিংঃ	3	4
ধীঃ	3	3
গ্ন্যে	3	6
প্র্র	3	5
পৃ্ষ্ঠ	3	6
পূ্র্ণ	3	6
স্য়ু	3	5
ব্য়াং	3	6
ভ্য়	3	4
স্য়া	3	5
ক্য়	3	4
ট্য়া	3	5
স্য্	3	4
খ়ে	3	3
ন্টাং	3	5
স্তঁ	3	4
ন্ট্যু	3	6
গেু	3	3
য়েে	3	4
র্দিং	3	5
ত্যেঃ	3	5
টিা	3	3
স্টং	3	4
চিা	3	3
ফ্টি	3	4
হা্র	3	4
ব্নে	3	4
ন্ড্টে	3	6
ছুু	3	3
ফোং	3	3
ঞ়ি	3	3
ঙ়্	3	3
ভ়ো	3	3
'া	3	2
খ্রা	3	4
শৃৃ	3	3
শ্তু	3	4
য়্যী	3	5
ল্পাং	3	5
দ্ঘ	3	3
ট্ম	3	3
ৰ্ষে	3	4
ল্ডুং	3	5
ল্যঃ	3	4
স্যং	3	4
গ্লী	3	4
ত্শো	3	4
ণিঃ	3	3
ট্ঠি	3	4
ড্থ	3	3
ঢ়্	3	3
শ্নং	3	4
-ি	3	2
শ্চৈ	3	4
নু্	3	3
টুু	3	3
ত্স্য	3	5
ত্লা	3	4
হ্পু	3	4
লিঁ	3	3
হ্সা	3	4
দ্যাঃ	3	5
ত্কি	3	4
য্যো	3	4
ন্র	3	3
ভ্যো	3	4
ত্সি	3	4
ঢেং	3	3
র্ভৃূ	3	5
ট্যং	3	4
খাে	3	3
শ্চ্যা	3	6
ট্র্রে	3	6
যু্দ্ধে	3	7
	3	1
সু্ন্দ	3	6
পু্রে	3	5
জ্ঝি	3	4
ঞু	3	2
চ্চৈ	3	4
নৃৃ	3	3
ন্ত্রু	3	6
ড্ল	3	3
ম্মূ	3	4
ষ্ত	3	3
ড়ূ	3	3
ট্লে	3	4
র্ফ্যু	3	6
ণৈ	3	2
ডাে	3	3
য্যি	3	4
র্স্কা	3	6
ত্ম্যা	3	6
র্ম্পূ	3	6
ঞ্ঞ	3	3
যাঃ	3	3
ধ্বি	3	4
র্ণঃ	3	4
সি্	3	3
ল্যৈ	3	4
কে্	3	3
টো্	3	3
র্তাঃ	3	5
নুঁ	3	3
ঝেঁ	3	3
র্দ্দু	3	6
র্বঃ	3	4
ছ্যাঁ	3	5
ন্মৃ	3	4
ঙ্গিঃ	3	5
ন্কি	3	4
নিী	3	3
হ্নো	3	4
ন্তিং	3	5
দ্ভে	3	4
ক্জা	3	4
তি্	3	3
খেঃ	3	3
দুঁ	3	3
ত্থো	3	4
দ্ধ্যা	3	6
ক্ষ্যাং	3	7
বে্	3	3
স্চে	3	4
ত্ল	3	3
গ্মা	3	4
দ্যাঁ	3	5
ন্কো	3	4
মি্	3	3
ব়্যা	3	5
তে্	3	3
ন্চু	3	4
শ্কা	3	4
সৃং	3	3
ত্ত্র	3	5
হ্য়া	3	5
ল্যূ	3	4
ফ্রেঁ	3	5
দ্যিা	3	5
ঘ্নো	3	4
সেে	3	3
প্তু	3	4
দুুুু	3	5
ণীঃ	3	3
ড়্গা	3	5
জ্ট	3	3
ষ্ঞ	3	3
ল্গে	3	4
ড্ডো	3	4
র্ড্রি	3	6
র্নাং	3	5
ট্ল	3	3
ণ্ট্রা	3	6
ত্রঁ	3	4
র্ন্দ	3	5
ফ়	3	2
ত্রৃ	3	4
ঘ্যা	3	4
কি্	3	3
র্গ্	3	4
প্নী	3	4
ব্দ্য	3	5
ন্ঞ্চ	3	5
হ়া	3	3
দ্স্থি	3	6
ধ্সে	3	4
উা	3	2
ডি়	3	3
রুে	3	3
ফ়ি	3	3
দ্জা	3	4
খৌং	3	3
হ্মং	3	4
তুুু	3	4
ন্ত্র্য্য	3	9
ঞ্চাং	3	5
ত্ভি	3	4
ক্চে	3	4
ফঃ	3	2
ন্যৈ	3	4
ণ্ড্রু	3	6
ন্দৌ	3	4
প্লিং	3	5
ব্রৃ	3	4
ছি্	3	3
ভ্লু	3	4
‡	3	1
দ্গ্রী	3	6
ক্শা	3	4
শ্টা	3	4
ন্দ্বা	3	6
প্যি	3	4
টৃ	3	2
র্ব্বৈ	3	6
দ্নু	3	4
ধ্রি	3	4
ধ্লা	3	4
বেে	3	3
হ্ন্যু	3	6
ন্থাং	3	5
ঙ্ক্র	3	5
থ্যাং	3	5
ন্ডেঃ	3	5
ন্ত্রেঃ	3	7
শ্ত্র	3	5
জ্ধা	3	4
খ়ো	3	3
গ়া	3	3
গ্র্য	3	5
বুুু	3	4
স্ঠ	3	3
শ্চৌ	3	4
খ়	3	2
ত্পু	3	4
র্কঃ	3	4
ন্প	3	3
ফি্	3	3
ঞ্জ্য	3	5
র্দ্যা	3	6
গ্রাঃ	3	5
ন্থৌ	3	4
ষ্ট্র্যা	3	8
ঙ্ক্ষে	3	6
ক্যঃ	3	4
ব্যৌ	3	4
জুু	3	3
ড্যুং	3	5
ম্তু	3	4
ন্কে	3	4
উে	3	2
অি	3	2
তৃে	3	3
প্ড	3	3
স্রোং	3	5
প্স্	3	4
য়়ে	3	4
র্য্যো	3	6
প্টু	3	4
দূং	3	3
ধুু	3	3
লোে	3	3
ষ্ঠাে	3	5
দ্ব্যাং	3	7
স্ন্যিং	3	7
দ্বাং	3	5
ফ্যুং	3	5
র্ত্যা	3	6
নিু	3	3
খা্য	3	4
ন্ফা	3	4
লেো	3	3
য়়া	3	4
ন্স্টি	3	6
ৎা	3	2
স্ল্য	3	5
ণ্তে	3	4
হ্রীং	3	5
স্ক্য	3	5
ন্য্য	3	5
দী্	3	3
যৃ	3	2
ন্সীঃ	3	5
ক্চা	3	4
∞	3	1
ত্গু	3	4
স্মৈ	3	4
সীঃ	3	3
স্কৄ	3	4
®	3	1
ম্লো	3	4
ছঁ	3	2
জেো	3	3
র্প্রী	3	6
গ্ৰ্হ	3	5
ম্জ্ঞ	3	5
ম্পূ্ৰ্ণ	3	8
ন্ধ্ৰা	3	6
ৰ্সা	3	4
ছ্লি	3	4
ৰ্ষ্টা	3	6
যো্	3	3
গ্ত	3	3
তৃঃ	3	3
গ্ৰ্ন্থ	3	7
ণ্ঠো	3	4
ফ্ৰুং	3	5
ক্ৱ	3	3
দু্য়ো	3	6
সৃ্ষ্টি	3	7
থোঁঁ	3	4
ন্ৰী	3	4
ৱ্ন	3	3
ব্ৰ্যা	3	6
ন্ধ্ৰী	3	6
চিঃ	3	3
গৄ	3	2
ৰ়	3	2
ৰ্জ্ঞা	3	6
ণ্টেং	3	5
ত্ৰাঃ	3	5
দৄ	3	2
কৗ	3	2
চ্চ্	3	4
ৰ্হিঃ	3	5
নু্ষ্ঠা	3	7
পূূূূ	3	5
হ্হা	3	4
ফুুুু	3	5
বুু	3	3
ৰ্ফু	3	4
পীঃ	3	3
ষ্ফু	3	4
জ্বু	3	4
ৰ্জ্জী	3	6
ৰ্থ্যা	3	6
প্ম	3	3
ৰ্লেং	3	5
ঞো	3	2
ৰ্ফো	3	4
ৰ্দূ	3	4
ৰ্ং	3	3
জ্ৱা	3	4
ৰ্প্	3	4
প্ৰ্কৃ	3	6
ক্ট্ৰে	3	6
প্ৰ্য়ো	3	7
প্ছ	3	3
শ্ব্	3	4
ৰঁ	3	2
ন্ট্ৰী	3	6
ষ্ক্ৰা	3	6
ত্পী	3	4
ণ্ডুং	3	5
ৰ্ছু	3	4
গ্ৰিং	3	5
ভ্ছ	3	3
বি়	3	3
ৰ্ঘো	3	4
ন্ভা	3	4
ট্ছে	3	4
ৱ্ৰ	3	3
স্ক্লি	3	6
ন্ছ	3	3
খু্বে	3	5
ক্ং	3	3
ছা্ত্ৰ	3	6
ম্চ	3	3
ৰ্নাং	3	5
ৰ্শ্চ	3	5
ৰ্নু	3	4
ট্চ্	3	4
ম্ব্ৰা	3	6
ট্ট্ৰি	3	6
ন্লা	3	4
শ্ং	3	3
জ্য়াঁ	3	6
ল্সা	3	4
থ্লে	3	4
ক্প্তা	3	6
ধ্ৰা	3	4
ৰি্	3	3
দ্ৰঃ	3	4
ৱ্ৰি	3	4
যিং	3	3
হ্ৰে	3	4
ণ্ডং	3	4
দ্ৰৈ	3	4
ল্হে	3	4
¸	3	1
ৰ্ব্ৰে	3	6
ট্ৱে	3	4
খূঁ	3	3
ৰ্থ্ৰা	3	6
শ্কে	3	4
তৗ	3	2
য়্যুং	3	6
ৰ্ম্	3	4
ৰ্ড্ৰ	3	5
গ্য়ী	3	5
প্ৰাঃ	3	5
সু্ত্ৰ	3	6
হাে	3	3
ম্প্ৰি	3	6
ৰ্চ্ছা	3	6
ৰ্ড্ৰে	3	6
ৰ্ৰী	3	4
ৱ্ন্ত	3	5
ৰ্দ্দা	3	6
ৱৌ	3	2
ৰ্ষ্টি	3	6
ম্ভ্ৰ	3	5
ত্জে	3	4
ন্ভি	3	4
ৰ্দ্দু	3	6
ৱৃ	3	2
ৰিঁ	3	3
জৌং	3	3
শ্ৰীং	3	5
ৰ্জং	3	4
চ্ছৈ	3	4
ক্ক্য	3	5
ম্হী	3	4
ঘং	3	2
গ্ৱা	3	4
গ্ৰীঃ	3	5
হূঁ	3	3
ণ্ডেং	3	5
ত্ধ	3	3
৻	3	1
৵	3	1
৶	3	1
৲	3	1
ঢ়	3	1
৴	3	1
র্গং	2	4
কৌঁ	2	3
ব্ধা	2	4
ট্কা	2	4
চ্যি	2	4
র্স্পে	2	6
ল্হো	2	4
লাা	2	3
ই়	2	2
স্থ্য়	2	6
শ্য়	2	4
শ্য়ে	2	5
ক্জু	2	4
ক্য়ে	2	5
ফ্য়া	2	5
হ্রো	2	4
ঝ়ি	2	3
র্চিঁ	2	5
দ়ি	2	3
ক্ষ্ণি	2	6
ণ্যু	2	4
ক্রৃ	2	4
অে	2	2
হ়	2	2
ত্র্যি	2	6
ম্টো	2	4
বীঃ	2	3
রো্	2	3
ছোং	2	3
পেে	2	3
র্ধু	2	4
দ়ো	2	3
শ্ত্	2	4
ক্ত্	2	4
হ্র্	2	4
ব্র্যি	2	6
জ্কা	2	4
স্ভো	2	4
শ্র্যা	2	6
স্তুঃ	2	5
প্লঁ	2	4
ণ্ত্রে	2	6
ন্জ্ঞি	2	6
\	2	1
ছ্যে	2	4
দি্	2	3
ত্সৃ	2	4
ম্স্	2	4
ম্সে	2	4
ঙ্ক্ষ	2	5
চ্ঞ	2	3
ল্ধ	2	3
চাা	2	3
ভ়	2	2
ক্লৌ	2	4
ঝ়া	2	3
ফ্রেং	2	5
র্স্থা	2	6
¯্	2	2
র্ণু	2	4
জ্জ্যে	2	6
সুুু	2	4
ণ্ধি	2	4
ঘ্যে	2	4
স্প্রো	2	6
ত্শু	2	4
র্দ্ব্	2	6
পেঁৗ	2	4
]ে	2	2
জ্যেে	2	5
র্ন্যিং	2	7
দ্যী	2	4
নিে	2	3
ক্গ	2	3
ট্লাং	2	5
গ্রং	2	4
শে্	2	3
খ্ত	2	3
দ্ঞ্চ	2	5
র্পু	2	4
ত্ফা	2	4
ন্দঁ	2	4
আঁঁ	2	3
স্জি	2	4
ড়েঃ	2	4
তাি	2	3
ড়ুং	2	4
মু্	2	3
ভ্ট	2	3
ঠঃ	2	2
ভ্লি	2	4
র্য়্য	2	6
র্চ্যু	2	6
গ্লাং	2	5
ড়েঁ	2	4
কিা	2	3
ষ্ন	2	3
হ্নঃ	2	4
শাা	2	3
সুুুু	2	5
ম্পঃ	2	4
ল্রি	2	4
।ে	2	2
ঙ্গাং	2	5
ভাা	2	3
স্তৃৃৃ	2	6
ম্তি	2	4
পৃৃৃ	2	4
নিি	2	3
যু্	2	3
বিৃ	2	3
ষ্ঠীঃ	2	5
র্ভূৃ	2	5
ড্রূ	2	4
ধ্য়া	2	5
ন্ধ্যো	2	6
ঞ্চৌ	2	4
গাাঁ	2	4
তা়	2	3
ল্ট্র	2	5
ল্থ্	2	4
মিা	2	3
য়্ম	2	4
পুুুুু	2	6
স্ক্লা	2	6
ল্লিং	2	5
ূ	2	1
দ্গ্রা	2	6
ক্ট্রী	2	6
স্ভি	2	4
য়াী	2	4
ফ়ু	2	3
র্নৌ	2	4
পু্ত্র	2	6
স্র্	2	4
খ্নৌ	2	4
স্ত্যা	2	6
জ্ঞ্যা	2	6
ট্ঠা	2	4
জ্জ্বে	2	6
লো্	2	3
র্ম্য	2	5
ড়্ভু	2	5
ল্রে	2	4
তীঁ	2	3
ঞ্চ্যা	2	6
পু্রা	2	5
জ্ম্যা	2	6
ল্ম্ডে	2	6
শূঁ	2	3
র্খু	2	4
ত্দ	2	3
হ্য্	2	4
সা্	2	3
স্ক্য়	2	6
ড়াঃ	2	4
ম্দ	2	3
ক্স্যা	2	6
≈	2	1
ন্পা	2	4
সুে	2	3
ম্ব্যা	2	6
ল্সী	2	4
স্প্যাঁ	2	7
র্ঘ্য্যে	2	8
ঢ়ঃ	2	3
সৃৃৃ	2	4
ত্যৃ	2	4
জ্যেঁ	2	5
ভি্	2	3
তু্য	2	4
ন্ধ্রা	2	6
ভ্যাঁ	2	5
ন্ধ্রি	2	6
র্্যা	2	5
ফ্গা	2	4
কু্	2	3
ব্নি	2	4
চ্র	2	3
র্ট্রু	2	6
লুুু	2	4
র্ষ্য	2	5
র্ঘু	2	4
ছ্য়	2	4
ল্ডাং	2	5
জ্রি	2	4
ত্য়ি	2	5
ঙ্গুঁ	2	5
র্গঃ	2	4
ন্তং	2	4
ঘ্নং	2	4
র্ষো	2	4
ট্যাঁ	2	5
ত্তৃ	2	4
ন্স্কি	2	6
ঙ্ঘং	2	4
গ্ভা	2	4
থাে	2	3
বাি	2	3
র্তীে	2	5
জুুু	2	4
ট্র্র	2	5
ম্পূ্র্ণ	2	8
র্পী	2	4
টুঁ	2	3
ম্পাে	2	5
নাী	2	3
স্চ্যা	2	6
ন্দ্ধু	2	6
ট্রুং	2	5
র্ন্ট	2	5
ছূঁ	2	3
ম্টে	2	4
গ্লিং	2	5
ভ্স্কি	2	6
♭	2	1
ফ্লৌ	2	4
ভ্লো	2	4
র্স্তু	2	6
ধ্যেঃ	2	5
ঞ্ছী	2	4
হ্ম্যে	2	6
এা	2	2
ব্রাঁ	2	5
গ্ডা	2	4
স্পূ	2	4
প্রূ	2	4
দ্স	2	3
স্ট্রিংে	2	8
হ্তে	2	4
ন্স্ফা	2	6
হীঁ	2	3
বীঁ	2	3
ঠ্যং	2	4
জেে	2	3
দ্ধাং	2	5
গ্লূ	2	4
স্খো	2	4
ম্ব্ব	2	5
র্ফী	2	4
ত্ন্য	2	5
র্টাা	2	5
ভা্	2	3
ছুৃ	2	3
ঙ্গোঁ	2	5
ল্লাঃ	2	5
ঙ্খ্যা	2	6
ৎং	2	2
হুু	2	3
ফ়ো	2	3
ল্ড়্	2	5
দ়্	2	3
ন্ঠৌ	2	4
দ্স্য	2	5
ফ্যো	2	4
মীং	2	3
থ়্	2	3
ডৃ	2	2
নৈৗ	2	3
ছো্	2	3
নুা	2	3
স্খে	2	4
দুি	2	3
রা্র	2	4
র্দ়ি	2	5
ঋা	2	2
ল্ল্হা	2	6
ণৃ	2	2
ভূঁঁ	2	4
স্ক্যি	2	6
ক্র্যি	2	6
ভ়্যি	2	5
র্ণিং	2	5
প্র্য	2	5
১ং	2	2
ট্মে	2	4
হ্নাং	2	5
ণ্ড্রি	2	6
টোো	2	3
ব্র্র	2	5
হুা	2	3
অু	2	2
য্দ	2	3
ফৃ	2	2
ন্ট্র্যা	2	8
হ্মৌ	2	4
কৃ্ষ্ণ	2	6
ঙ্গঁ	2	4
গ্হ	2	3
ম্প্পি	2	6
হ্টো	2	4
ন্দ্রি়	2	7
য়ৌঁ	2	4
ফ্ল্যাং	2	7
）	2	1
ম্নৌ	2	4
র্লং	2	4
ন্ডুু	2	5
ষ্ঠ্যা	2	6
বৈঃ	2	3
চ্বা	2	4
স্মাং	2	5
দ়	2	2
রৃ	2	2
ঙ্লা	2	4
ঞ্জৌ	2	4
ব্জাং	2	5
দ্গে	2	4
থ্থি	2	4
দে্	2	3
ট্র্যাং	2	7
গ্র্যে	2	6
ন্ষ্টি	2	6
ক্ষেে	2	5
ট্সা	2	4
র্ন্সি	2	6
স্শ্র	2	5
হুে	2	3
স্র্র	2	5
ন্ন্	2	4
জ্বিং	2	5
য়ে়	2	4
ৱ্যা	2	4
ভ়্য	2	4
ষ্ফূ	2	4
র্চ্চি	2	6
ঝঁ	2	2
য্হ্য	2	5
ম্বৈ	2	4
স্সু	2	4
প্পু্য	2	6
ঙ্গৈ	2	4
শ্প	2	3
তুে	2	3
জ়্যি	2	5
�	2	1
শ্বৈ	2	4
নাো	2	3
স্ট্রীং	2	7
তু্র্দ	2	6
ক্ব্যা	2	6
ব্ছ	2	3
র্ত্তে	2	6
،	2	1
জ্হা	2	4
ড়়ি	2	4
ণেে	2	3
ল্ম্য	2	5
য়্র	2	4
মৃ্দ্ধি	2	7
ঘ্রি	2	4
গ়	2	2
র্পিং	2	5
ঞ্চ্য	2	5
গুু	2	3
ব্লাঁ	2	5
ল্নি	2	4
র্রু	2	4
গ্ঞ	2	3
স্ত্র্	2	6
জি্	2	3
বৃ্ত্তি	2	7
থ্যু	2	4
দ্জে	2	4
ত্থ্য	2	5
মূ্ল	2	4
ল্ফো	2	4
র্চ্ছ	2	5
স্প্র্যাং	2	9
স্প্রাং	2	7
ঞ্ক	2	3
খাা	2	3
ণ্ট্রি	2	6
ধ্যেে	2	5
র্ডং	2	4
ক়্	2	3
ব্ক্ত	2	5
¤	2	1
ব্র্	2	4
থ্রিং	2	5
দ্দ্বা	2	6
ত্বাং	2	5
ছ্ছ	2	3
র্হো	2	4
র্যৌ	2	4
ণ্ত্রী	2	6
ণ্ত্রি	2	6
ধিঃ	2	3
ঞৌ	2	2
জু্য়া	2	6
ল্র্ড	2	5
সূ্ত্র	2	6
রুু	2	3
ণ্ঠু	2	4
র্তঃ	2	4
সু্স্থ	2	6
ত্যুু	2	5
র্মিা	2	5
দিি	2	3
ক্টী	2	4
মূূূ	2	4
জ্দ	2	3
ল্স্	2	4
ত্শে	2	4
ড়্গ্রা	2	7
চ্ঞা	2	4
স্থাং	2	5
ব্যৈ	2	4
দ্যৈ	2	4
ণৈঃ	2	3
ন্তীং	2	5
দ্জ	2	3
▪️	2	2
ত্নাং	2	5
বু্	2	3
পৌ্	2	3
চ্ছ্টা	2	6
য্থা	2	4
ম্ফ্রে	2	6
ল্তু	2	4
ব্সো	2	4
র্প্সি	2	6
ফুঃ	2	3
ঙং	2	2
ছাা	2	3
।্	2	2
যুুু	2	4
ভু্য	2	4
ব্ত্সা	2	6
ব্র্ত্সে	2	8
ম্ত্শো	2	6
দ্কো	2	4
ম্খা	2	4
ষ্যো	2	4
ল্পিং	2	5
তীঃ	2	3
চু়	2	3
ত্যী	2	4
পৈঁ	2	3
য্ক্তু	2	6
ফ্স	2	3
রী্	2	3
গ্ণ	2	3
ভু্ক্ত	2	6
হ্যো	2	4
শ্ছা	2	4
গ্র্	2	4
ফ্র্য	2	5
ফ্রেে	2	5
দ্ক	2	3
স্খ্য	2	5
য়্স	2	4
র্যাঁ	2	5
ক্লীং	2	5
ক্সিে	2	5
স্ট্রাং	2	7
ল্জা	2	4
র্ত্তৃ	2	6
থ্যো	2	4
টঁ	2	2
ট্র্যে	2	6
ঙ্খ্য	2	5
↑	2	1
ক্লেঁ	2	5
তৃ্ত্ব	2	6
তীং	2	3
র্য্যৈ	2	6
ম্টা	2	4
ত্র্র	2	5
ড়াে	2	4
কোে	2	3
জ্জ্যো	2	6
：	2	1
ঐঁ	2	2
ল্শ	2	3
ন্দ্রিং	2	7
স্ক্লু	2	6
র্ন্যাং	2	7
নুুু	2	4
স্জা	2	4
যা্রি	2	5
ঙ্খু	2	4
স্জ	2	3
জু্	2	3
প্র্দ্যু	2	8
শ্রিং	2	5
ম্প্টি	2	6
য়্য়	2	5
ল্ট্র্যা	2	8
ক্স্টা	2	6
আি	2	2
ষ্টাঃ	2	5
¢	2	1
১্	2	2
ষ্ট্যু	2	6
টেঁ	2	3
র্ব্যূ	2	6
গাা	2	3
ফ্লা্	2	5
ণ্থ	2	3
গ্র্যাঁ	2	7
ৎু	2	2
ঊংং	2	3
ধুং	2	3
হ্কা	2	4
ল্লূ	2	4
ষ্ট্ৰীং	2	7
ৱেে	2	3
জ্বো	2	4
ত্ৰং	2	4
য্ন্ত্ৰ	2	7
লাো	2	3
ল্ট্ৰি	2	6
ৱাে	2	3
চ্ম	2	3
ত্ৰ্	2	4
প্ৰ্ৱ	2	5
ৰ্ল্লি	2	6
ঘ্ট	2	3
প্ৰ্ৱে	2	6
স্ৱ	2	3
ক্খু	2	4
খ্ৰিঃ	2	5
দ্ৰাং	2	5
ৰ্য্য়	2	6
প্প্	2	4
কো্	2	3
ৰ্হ্য	2	5
ট্ত	2	3
ৱ্ৱা	2	4
খ্ৰূ	2	4
ণ্স	2	3
ৰ্ণ্য	2	5
প্চ্খি	2	6
প্ৰ্কা	2	6
হ্তা	2	4
ণ্দা	2	4
ৰ্দ্দো	2	6
ৰ্ড্ছ	2	5
ৱ্ধা	2	4
ন্বু	2	4
ৰ্দ্ধে	2	6
নৗ	2	2
মৗ	2	2
ক্ট্ৰ্নি	2	8
য়্ক	2	4
গ্যী	2	4
ৰ্সি	2	4
কীঃ	2	3
ড়্কা	2	5
শ্লেং	2	5
খ্যী	2	4
ম্বুং	2	5
য়্চ	2	4
ৰ্বৌ	2	4
ৱ্শ্য	2	5
গাো	2	3
ত্ৰীঃ	2	5
ৰ্ট্ৰি	2	6
ৱে়	2	3
যু্ঁজ	2	5
স্ধা	2	4
বৃ্হ	2	4
ৰ্প্ত	2	5
দাো	2	3
ত্ি	2	3
ঘৄ	2	2
খু্ব	2	4
জূঁ	2	3
জ্নি	2	4
হৃা	2	3
ঢ়়ো	2	4
মূ্ৰ	2	4
ৱ্ত	2	3
লু্ৱৈ	2	5
ষৌ	2	2
প্মি	2	4
প্কি	2	4
ৰ্থিং	2	5
প্ৰ্দা	2	6
ৰ্ত্যা	2	6
ৰ্ষাং	2	5
তৄ	2	2
ৰ্ভ্	2	4
ন্ষ্ট	2	5
ন্থ্ৰা	2	6
মূ্ত	2	4
প্ত্ৰ	2	5
গ্ৰীং	2	5
ল্লাং	2	5
প্ছি	2	4
ধ্ৱা	2	4
ৰ্হী	2	4
চৃঃ	2	3
ম্ছে	2	4
ন্দ্ৰেী	2	7
ৰুঁ	2	3
ঈং	2	2
চ্মি	2	4
ম্ফ্ৰী	2	6
ন্ধু্ত্ব	2	8
য়্ন	2	4
ছ্পে	2	4
ৰ্কাং	2	5
ৰ্ত্	2	4
ৰ্ভু্ক্ত	2	8
ট্জা	2	4
ছা্ত্ৰী	2	7
গ্ৰোং	2	5
ৰ্ষু	2	4
ৰ্স্বা	2	6
তিি	2	3
ঠৃ	2	2
ছ্ছা	2	4
ছ্ছি	2	4
ট্ট্যো	2	6
স্শ	2	3
ৰ্ধৃ	2	4
ছ্ক্লে	2	6
প্ৰ্থ	2	5
টে্	2	3
ঘ্ল	2	3
পোা	2	3
স্ট্ৰী	2	6
জ্য়ি	2	5
ছৃ	2	2
ক্ট্ৰো	2	6
ক্ল্চ	2	5
চ্টি	2	4
প্যং	2	4
দৌং	2	3
ত্চি	2	4
ৰ্ব্	2	4
শ্বুং	2	5
প্মে	2	4
মু্ম্বা	2	7
ঢ়়া	2	4
ৰ্ঘি	2	4
পূূ	2	3
ৰ্ম্স	2	5
বিু	2	3
ঙৃ	2	2
ঙৈ	2	2
ল্লৌ	2	4
ণ়়	2	3
ৰ্ষ্প	2	5
থ্যি	2	4
জ্ৰি	2	4
চূ্ড়া	2	6
শ্দ	2	3
〖	2	1
〗	2	1
প্ৰ্দ	2	5
খিঃ	2	3
ৰ্জীঃ	2	5
ৰেি	2	3
ম্ব্লি	2	6
গ্জা	2	4
ব্ডা	2	4
ৰ্ম্বা	2	6
দ্হে	2	4
স্ৰূ	2	4
ট্থ	2	3
স্ৰি	2	4
ত্ছু	2	4
ঢুং	2	3
শ্ব্হা	2	6
ম্কু	2	4
ত্বৈ	2	4
জ্ঞ্য	2	5
ছ্ক	2	3
স্প্ৰী	2	6
ছ্যূ	2	4
চু্ম্ব	2	6
জ্ক	2	3
আু	2	2
য্ত	2	3
স্ৰৃ	2	4
ঢ়ৌ	2	3
ড্ৰঁ	2	4
পূূূ	2	4
দৗ	2	2
ৰ্ৰে	2	4
হ্ৰু	2	4
ল্তী	2	4
ছ্লে	2	4
ষ্ট্ৰ্ৰ	2	7
ৰ্থ্	2	4
ধুি	2	3
ৰে়	2	3
প়	2	2
ড্নি	2	4
ল্ৰ	2	3
ম্ৰ্	2	4
ৰ্প্ৰি	2	6
ল্ফ্ৰে	2	6
স্ক্ৰিং	2	7
ডীঃ	2	3
ন্ধ্ৰি	2	6
ৰ্স্ট	2	5
ব্ৰিা	2	5
ত্বূ	2	4
ৰ্ভিং	2	5
ৰ্ল্চ	2	5
খ্ন	2	3
দৃৃৃ	2	4
ঢৈ	2	2
ৰ্ষুু	2	5
হ্যঁ	2	4
ৰ্জু্ন	2	6
ঝূ	2	2
ধ্ৰুং	2	5
ষ্ট্ৰৌ	2	6
ৱা̈	2	3
প্ৰিং	2	5
উ়়	2	3
ত্পং	2	4
ৰিা	2	3
কৃৃৃৃৃৃৃৃৃ	2	10
স্লেং	2	5
টে়	2	3
ব্জ্ৰ	2	5
স্ট্ৰি	2	6
ৰে্	2	3
ৰ্গ্ৰে	2	6
ট্টুং	2	5
থৃ	2	2
দ্ৰ্ব্য	2	7
হ্মৈ	2	4
ৰ্য্যং	2	6
ম্ৰো	2	4
ৰ্ঝে	2	4
ম্চা	2	4
ৰ্গঃ	2	4
ৰ্ৰু	2	4
ফিে	2	3
প্ৰেং	2	5
ল্লং	2	4
শ্ৰুং	2	5
ধ্ৱ	2	3
ন্দৈ	2	4
ৰ্ব্যা	2	6
ল্ট্ৰ	2	5
ফ্নে	2	4
ন্য়ি	2	5
ৱ্যূ	2	4
ঘূঁ	2	3
ট্ৱা	2	4
ড্ৰং	2	4
ট্ক	2	3
কিংঃ	2	4
ঝ্লা	2	4
জ্ডা	2	4
ন্তুা	2	5
লৗ	2	2
ফ্লেং	2	5
থিঃ	2	3
কৢ	2	2
কৣ	2	2
য়ি	2	2
ঘ্ণ	1	3
জ্ঙ্কি	1	6
স্তুৃ	1	5
ফু্ল	1	4
দেে	1	3
য্টৈ	1	4
ব্র্ব	1	5
ক্র্যু	1	6
ক্প্র	1	5
ম্মাঁ	1	5
পু্চ্চি	1	7
র্ড্রু	1	6
তৃৃৃ	1	4
বু্দ্ধ	1	6
চ্রা	1	4
র্র্তী	1	6
দ্হা	1	4
য়ীে	1	4
জ়্যা	1	5
দ্র্য়ে	1	7
দ্র্য়	1	6
গ্বী	1	4
ধ্য়ু	1	5
প্ল্য়া	1	7
ফ্ল্য়া	1	7
হা্য্য়	1	7
ব্ল্য়া	1	7
ক্ষ্য়	1	6
ওৢ	1	2
ভুুু	1	4
ঞ্জং	1	4
দ্রুং	1	5
ম্র্যা	1	6
ওৃ	1	2
ঙ্খ্যি	1	6
র্খি	1	4
র্খ়ি	1	5
ঝ়্	1	3
ণ্ডুুু	1	6
শ্মিঃ	1	5
ক্ল্যু	1	6
ষেে	1	3
ট্ফা	1	4
র্শং	1	4
ঝ্যাং	1	5
পুৃ	1	3
গ্ন্যুঃ	1	7
মু্দ্রা	1	7
মৃু	1	3
কা্য	1	4
নুাি	1	4
ন্র্ত	1	5
র্যাা	1	5
ন্ধুে	1	5
ল্ট্ট্	1	6
চ্র্যি	1	6
র্যাে	1	5
র্মৃ	1	4
টা্র্স	1	6
গ্যঁ	1	4
ণুা	1	3
স্ক্রূ	1	6
ঙ্কঃ	1	4
ভ়ু	1	3
¯	1	1
শ্ভে	1	4
ম্ভ্যা	1	6
ল্ক্	1	4
জ়্দ্যা	1	7
ভ্টে	1	4
র্ধী	1	4
র্ট্র্যা	1	8
সা্র্ব	1	6
ট্র্যো	1	6
ম্ব্বা	1	6
খ়্	1	3
য্মা	1	4
শ্তি	1	4
ক্ষে্	1	5
জ্র্বো	1	6
ঞ্স	1	3
ড্ঢ	1	3
ম্থ	1	3
ঠ্র	1	3
থ্রূ	1	4
ন্যাঁ	1	5
গুো	1	3
দিে	1	3
বংং	1	3
১ে	1	2
উঁঁ	1	3
দু্ন্নে	1	7
ঢাং	1	3
র্ন্দে	1	6
ট্রিঃ	1	5
র্ল্ডৈ	1	6
ন্দ্বু	1	6
জিা	1	3
শ্ক্রে	1	6
তু্ব	1	4
ভ্ভা	1	4
স্ট্হ	1	5
¬	1	1
৪্	1	2
ব্র্ত্সো	1	8
ব্কা	1	4
ম্বুু	1	5
র্ক্য	1	5
ঢ্বি	1	4
গেঃ	1	3
ড্যি	1	4
র্ট্স	1	5
র্ঘী	1	4
ডিঁ	1	3
গ্দি	1	4
র্সৈ	1	4
সু্লে	1	5
য়া্রি	1	6
রোোো	1	4
ন্ভী	1	4
ক্দ	1	3
গ্রেং	1	5
ন্তেং	1	5
ন্রং	1	4
খঁং	1	3
ধঃি	1	3
)ি	1	2
ুঁ	1	2
শ্ব্রী	1	6
চেী	1	3
ম্মাি	1	5
বাংং	1	4
পৃ্র্ব	1	6
টুুু	1	4
’ু	1	2
হা্টী	1	5
ন্ডুঃ	1	5
ঢ়্যা	1	5
র্হ্যা	1	6
র়ী	1	3
র্ন্না	1	6
শ্শী	1	4
ক্সঁ	1	4
শ্মু	1	4
গ্মু	1	4
ত্ত্	1	4
র্ঙ্ক	1	5
সু্ষে	1	5
ব্ধ্য	1	5
গ্নোঁ	1	5
খাি	1	3
ঃঃ	1	2
দ্ত্ত	1	5
দাৌ	1	3
দ্শী	1	4
ছ্না	1	4
বৃৃৃৃৃৃ	1	7
র্ল্ড্	1	6
র্বোঁ	1	5
	1	1
এু	1	2
ভাঃঃ	1	4
ইু	1	2
খুু	1	3
ফুুু	1	4
৮ু	1	2
ব্হ	1	3
র্ঃ	1	3
ন্দুঁ	1	5
ক্ত্বি	1	6
ঙ্যে	1	4
ন্ডং	1	4
ড়্গু	1	5
৪ْ	1	2
৫ْْ	1	3
৫ْ	1	2
৩ْ	1	2
৬ْ	1	2
পৌৌ	1	3
ষ্যি	1	4
যা্ল	1	4
ষ্নু	1	4
বীী	1	3
সা়	1	3
অাা	1	3
জাী	1	3
দেঃ	1	3
চৌঃ	1	3
প্রা্চ্য	1	8
বা্র্ট	1	6
হ্প্র	1	5
র্র্যা	1	6
লে়	1	3
পেৌ	1	3
ফ্জ	1	3
দূ্র	1	4
দু্গ্ধ	1	6
ন্শী	1	4
দ্ধাঃ	1	5
ল্পিঃ	1	5
র্হূ	1	4
স্প্রী	1	6
ল্বু	1	4
ফ্লাঃ	1	5
ছু্কে	1	5
দ্র্র্যে	1	8
রীী	1	3
সা্ন	1	4
স্ট্র্রা	1	8
ত্যাঃ	1	5
ট্প	1	3
ষ্পৃ	1	4
ন্ক্রি	1	6
ক্ষ্র	1	5
প্র্চে	1	6
ণ্ত্রাং	1	7
ন্তুং	1	5
হা্জ	1	4
র্ত্মা	1	6
দ্য্যু	1	6
ন্ট্স	1	5
স্ফ্যা	1	6
ত্তৈ	1	4
ক্ল্লো	1	6
ঙ্গাঁ	1	5
ড়্মা	1	5
ষ্কিৃ	1	5
ব্যাা	1	5
তিা	1	3
র্থাা	1	5
ম্ক্রি	1	6
প্ট্	1	4
র্স্চ	1	5
হা্কো	1	5
ন্ক্রো	1	6
র্ণ্ন	1	5
ত্মৈ	1	4
ষ্ঠং	1	4
ল্লেঁ	1	5
শ্পো	1	4
লুা	1	3
প্প্যা	1	6
গ্স্ভি	1	6
ন্স্বা	1	6
র্স্ফূ	1	6
ট্স্	1	4
র্কৃ	1	4
জ্নূ	1	4
হ্ভ	1	3
স্ক্ত	1	5
পু্ন	1	4
গ্র্র	1	5
ভ্যু্ত্থা	1	9
স্কোঃ	1	5
ঝি্	1	3
ল্ন্চা	1	6
ক্ক্রো	1	6
নু্যো	1	5
শীঁ	1	3
গু্লো	1	5
জীে	1	3
র্হিঃ	1	5
ল্ব্র	1	5
খ্লা	1	4
র্ক্তা	1	6
ম্লু	1	4
পা্	1	3
ধা্	1	3
র্ড়	1	4
স্চ	1	3
ঙ্লি	1	4
	1	1
স্যঁ	1	4
র্রূ	1	4
ন্য্যা	1	6
ব্রৌ	1	4
ষ্কা্রে	1	7
ধ্রে	1	4
র্নং	1	4
র্চ্ছে	1	6
ল্প্র	1	5
স্থ্	1	4
সু্তে	1	5
পেঁঁ	1	4
থ়ী	1	3
দ্স্ব	1	5
ন্ঘ	1	3
ন্ঘে	1	4
ডু্তে	1	5
ন্ঘা	1	4
ন্গ্শি	1	6
র্স্ত্রে	1	8
হ্স	1	3
ন্স্তি	1	6
থ্য়া	1	5
ন্স্তী	1	6
ল্ল্লী	1	6
ধ্য্লা	1	6
ত্সাং	1	5
ব্রুা	1	5
র্ন্য	1	5
কৃি	1	3
চু্	1	3
ড্বে	1	4
ম্ত্র	1	5
‐	1	1
খেঁা	1	4
ল্ধি	1	4
র্দাঁ	1	5
ঙ্ন	1	3
ঙ্সি	1	4
রঃু	1	3
সূ্য	1	4
ঙ্নে	1	4
ব্দ্ধ	1	5
র্পৃ	1	4
ক্ণা	1	4
ণ্সি	1	4
ক্লুঁ	1	5
ফ্যে	1	4
য্বে	1	4
ল্ডে্	1	5
ব্ল্য	1	5
ন্ং	1	3
ধেঃ	1	3
ম্মিং	1	5
হা্	1	3
র্ক্যা	1	6
যু্ব	1	4
র্ঝি	1	4
র্দ্থ	1	5
ঙ্জ	1	3
দৃঃ	1	3
মু্নি	1	5
ট্খ	1	3
ন্ড্দে	1	6
কু্ন্ঠে	1	7
ল্ল্বা	1	6
গ়্রি	1	5
ষী়	1	3
নৌঁ	1	3
ত্লে	1	4
পূ্র্বে	1	7
স্ত্রৃ	1	6
য্কে	1	4
হ্ফা	1	4
হ্হি	1	4
সা্র	1	4
ত্যোঁ	1	5
র্র্রো	1	6
ল্যাঃ	1	5
ষ্ণূ	1	4
ষ্ঞু	1	4
শ্য়া	1	5
চ্য়া	1	5
জ্য়া	1	5
ইো	1	2
মিংা	1	4
ব্লুি	1	5
র্ফ্লা	1	6
প্রঁ	1	4
চ্স্ত	1	5
চ্ন	1	3
চ্জ্জা	1	6
ক্ত্র	1	5
রৈঃ	1	3
প্ট্র	1	5
র্ষ্ণ্য	1	7
দ্ধৈ	1	4
হ্ত্যা	1	6
শ্ম্ভূ	1	6
গ্রা্মে	1	7
ত্ব্	1	4
ন্দ্ধী	1	6
↵	1	1
মা্র	1	4
ক্স্প্লো	1	8
জিো	1	3
র্ঙ	1	3
ভ়ী	1	3
র্স্ট্যা	1	8
ড্তে	1	4
⅔	1	1
ল্ক্রা	1	6
য়া্	1	4
ড্টে	1	4
র্ক্টে	1	6
ক্স্বা	1	6
ল্ড্ট	1	5
ন্স্তে	1	6
প্থ্যা	1	6
মেী	1	3
শ্নু	1	4
ছু্	1	3
ন্ত্জ	1	5
ডেঃ	1	3
রা্ন	1	4
সা্লা	1	5
কূ়	1	3
ক্ত্যি	1	6
স্চু	1	4
ন্প্রে	1	6
র্ধৃ	1	4
ণাে	1	3
স্লোে	1	5
জাঁঃ	1	4
র্র্স	1	5
ঁঁ	1	2
ল্ভ্য	1	5
জ্স্টি	1	6
ত্মাঃ	1	5
র্ধাঃ	1	5
প্নঃ	1	4
ক্ষু্দ্র	1	8
ম্ফ্রি	1	6
দ্দূ	1	4
স্ট্যে	1	6
র্চ্ছি	1	6
ত্ড়া	1	5
বাঁঁ	1	4
য়্কা	1	5
ষ্ট্রেঃ	1	7
হীং	1	3
™	1	1
চ্না	1	4
ফ্টঃ	1	4
শেঃ	1	3
ন়	1	2
ক্লি্	1	5
স্ল্প	1	5
দ্ভ্রা	1	6
ট্গে	1	4
র্য়ু	1	5
য়্পা	1	5
ম্প্টা	1	6
র্ফ্যা	1	6
ধ্যেি	1	5
র্স্টঃ	1	6
শ্চ্	1	4
ভ্পু	1	4
র্জ্ী	1	5
ত্ִ	1	3
ড্ঢা	1	4
ভ়িং	1	4
ণ্মে	1	4
র্বেঃ	1	5
ত্ফ	1	3
ত্যা্	1	5
ন্কু	1	4
-া	1	2
ব্যিা	1	5
বাঁা	1	4
র্যু্য	1	6
যেু	1	3
য্হা	1	4
দিা	1	3
র্ক্শ	1	5
ধা্ন	1	4
কুঃ	1	3
ক্সং	1	4
রি্	1	3
ন্রু	1	4
ড়ীঃ	1	4
ভুঁঁ	1	4
গ়্ৱা	1	5
টেেে	1	4
নু্ন্য	1	6
ষ্ট্রেে	1	7
ক্মু	1	4
সিংং	1	4
ল়া	1	3
জ্জ্জে	1	6
ক়ু	1	3
র্গ্রি	1	6
হ্রু	1	4
সৃা	1	3
ঞ্ঝি	1	4
রুঁ	1	3
কৃৃৃৃ	1	5
দ্যাে	1	5
ক্ষ্রি	1	6
থ়া	1	3
খ্যা্য	1	6
‪	1	1
‬	1	1
স্ট্রে্	1	7
র্য্	1	4
র্দ্রেঁ	1	7
§	1	1
ত্ত্যু	1	6
চ্ছুু	1	5
যু্ুুক্তি	1	9
র্ট্যা	1	6
স্সো	1	4
ল্ডঃ	1	4
দ্ধাে	1	5
ন্ত্বঃ	1	6
য়্সে	1	5
চ্কো	1	4
চ্কা	1	4
গেি	1	3
লিা	1	3
টিি	1	3
টিংে	1	4
ঙ্গ্রি	1	6
র্দ্বী	1	6
ন্দ্রেে	1	7
জ্মে	1	4
ন্স্ট্রু্যা	1	11
র্ষাং	1	5
ঙ্স	1	3
র্শু	1	4
স্প্রং	1	6
ত়া	1	3
ণ্ত্য	1	5
ন্হ্য	1	5
(্	1	2
প্তিঃ	1	5
ধৈঃ	1	3
ট্দী	1	4
ন়ি	1	3
হ্ড়া	1	5
স্তিৃ	1	5
ক্দ্দুু	1	7
লেংা	1	4
যুূ্দ্ধে	1	8
জ্ঞ্র	1	5
খোঃ	1	3
মেৌ	1	3
পুঁঁ	1	4
ফ্রং	1	4
য়েো	1	4
ত্ত্ব্ব	1	7
ভ়্যু	1	5
স্ন্যি	1	6
স্টিংিং	1	7
ম্ট্রং	1	6
জ্ঞ্জ	1	5
শ্ব্ত্রি্	1	9
র্র্নি	1	6
র্স্না	1	6
চ্যৈং	1	5
প্লুং	1	5
স্নাং	1	5
চ্ছেং	1	5
ল্স্টে	1	6
থ্যূ	1	4
দীা	1	3
স্তিা	1	5
ষ্ট্যাং	1	7
হ্রুা	1	5
ম্রা্জ্য	1	8
দ্দিী	1	5
প্রি়ে	1	6
প্পিং	1	5
ঝুু	1	3
চ্ষা	1	4
র্স্ট্রি	1	8
ব্লোং	1	5
দ্ধ্বে	1	6
রোংং	1	4
লেি	1	3
হ্যী	1	4
র্ম্সে	1	6
র্জিী	1	5
ওু	1	2
জংং	1	3
ফ্র্বাং	1	7
ন্ভং	1	4
হ্মোং	1	5
ত্রৌ	1	4
ন্রি	1	4
ত্ত্ব্য	1	7
ভ্খ	1	3
ক্ষাংে	1	6
স্স্রা	1	6
৬ঁ	1	2
র্ষ্ক	1	5
জ়োঁ	1	4
থ়ি	1	3
পু্ঠি	1	5
খ্য্যা	1	6
খ্যাা	1	5
শ্ক্ব	1	5
স্ক্রিং	1	7
র্গ্লা	1	6
খুুুু	1	5
স্ট্রু্বা	1	9
র্চ্ছ্ব	1	7
ন্পি	1	4
হ্তি	1	4
স্থাে	1	5
ল্ক্কি	1	6
ন্স্ক	1	5
মৃৃৃ	1	4
ঞ্জ্রা	1	6
সা্য	1	4
ত্ভী	1	4
স্ক্যো	1	6
র্সীঃ	1	5
রাী	1	3
র্য়্যে	1	7
তু্লে	1	5
ক্রোঁ	1	5
❝	1	1
❞	1	1
স্ট্যো	1	6
চ্চ্ব	1	5
র্ধ্বৌ	1	6
র্ফু্	1	5
সূ্রি	1	5
ন্দ্রৈঃ	1	7
ন্দ্রৈ	1	6
ন্ধ্	1	4
র্ত্যাঃ	1	7
ধ্যী	1	4
র্খ্	1	4
ড্ফা	1	4
ল্যি	1	4
য়্ঙ্গু	1	7
ন্টূ	1	4
র্চাঃ	1	5
জ়াঁ	1	4
ম্ছা	1	4
ন্দ্না	1	6
স্ত্রেঃ	1	7
জ্র্জ	1	5
ত্সোং	1	5
9ে	1	2
য্রি	1	4
ন্ডু্র	1	6
গ়ি	1	3
ঙ্জি	1	4
স্প্লু	1	6
ক্বোং	1	5
শ্র্য	1	5
ভূ্টা	1	5
র্সঃ	1	4
স্ট্রিঃ	1	7
তৃৃৃৃ	1	5
ঙ্খ্যে	1	6
ঋৃ	1	2
ত্রুং	1	5
ব্দু্ল	1	6
ল্ন্ট	1	5
ঞ্জৈ	1	4
গ্ণ্না	1	6
বা্টী	1	5
সা্তা	1	5
য়া্র	1	5
চা্ষ	1	4
দা্র	1	4
পূু	1	3
বু্ধি	1	5
দ্যো্	1	5
ক্স্ট্রা	1	8
ঙ্থি	1	4
র্ন্ত্য	1	7
র্মং	1	4
স্ম্যৈ	1	6
ডীং	1	3
প্ন্যা	1	6
ঙ্গেে	1	5
জ্যুা	1	5
ঙ্দো	1	4
ত্ল্য	1	5
ল্ড্যা	1	6
র্প্	1	4
ম্শ্য	1	5
ষ্কৌ	1	4
স্তঃ	1	4
ডাি	1	3
দ্সং	1	4
র্ব্বি	1	6
ওো	1	2
ক্য্	1	4
ণ্মু	1	4
ম্ভ্য	1	5
মেে	1	3
ল্ত্	1	4
ক্ম্পাং	1	7
য়্গা	1	5
ল্যী	1	4
স্পি্	1	5
ষ্থা	1	4
সিৃ	1	3
শী়	1	3
⁰	1	1
ন্ট্জ	1	5
র্ক্লা	1	6
ষ্ট্পূ	1	6
সিি	1	3
যেে	1	3
তা্র্কি	1	7
খ্যঃ	1	4
র্তেঃ	1	5
দ়া	1	3
ত্রাঁ	1	5
প্বঃ	1	4
ভ্যঃ	1	4
শ্রীঃ	1	5
দ্ধ্যৈ	1	6
ঐং	1	2
র্ব্বাং	1	7
ম্প্ফ	1	5
ম্ত্যু	1	6
গুে	1	3
সু্ক্ষ্ণ	1	8
ষ্চি	1	4
র্ম্মে	1	6
র্ম্যি	1	6
স্ট্য়া	1	7
ল্য়াং	1	6
ণ্যী	1	4
ল্ট্টা	1	6
র্ন্টা	1	6
ঙ্খ্লা	1	6
‑	1	1
স্ম্লে	1	6
দ্র্র	1	5
⊳	1	1
ন্স্ক্রি	1	8
দ্ধিঃ	1	5
টেঃ	1	3
ব্ড	1	3
পাী	1	3
ষ্টি্	1	5
য়ৃি	1	4
পূ্	1	3
ল্ব্য	1	5
ছঁা	1	3
ণ্থে	1	4
যুং	1	3
স্যৈ	1	4
র্নৈ	1	4
ত্জং	1	4
চাাঁ	1	4
স্ভূ	1	4
ফ্ফে	1	4
র্ত্বা	1	6
খ্যাে	1	5
জ়্যু	1	5
ঞ্চং	1	4
স্ন্স	1	5
তৈ্	1	3
⇒	1	1
ত্য্ল্গা	1	8
ওাং	1	3
গ্তা	1	4
ব্সী	1	4
গ্ত্য্ম	1	7
প্য্রা	1	6
ফ্যাঁ	1	5
ক্ষ্না	1	6
চু্য	1	4
স্তুি	1	5
সুা	1	3
:ে	1	2
ম্জে	1	4
জ্যঃ	1	4
প্র্রা	1	6
ম্দা	1	4
ছ্টে	1	4
ত্ত্বু	1	6
র্নাঁ	1	5
ধ্য্য	1	5
গুুু	1	4
গুুুু	1	5
গ্ল্যু	1	6
ল্ভ্স্	1	6
ব্রেং	1	5
স্ম্ল	1	5
ষ্ব	1	3
র্ং	1	3
ট্ক্লি	1	6
ঙ্চ	1	3
র্গ্গ	1	5
ব্স্থা	1	6
ফ়্ফ়	1	5
য়েীা	1	5
ম্সং	1	4
ণ্জ	1	3
ষ্ঞা	1	4
ড়ি়	1	4
ছ্পা	1	4
লিো	1	3
দৈ্	1	3
ষ্টাা	1	5
ভ্ট্র	1	5
জে্	1	3
গ্য্	1	4
ধ্বঃ	1	4
র্র্শে	1	6
দ্ঘাঁ	1	5
গ্লৌ	1	4
গ্ধী	1	4
ণ্ট্যা	1	6
ঞেঁ	1	3
ত্ব্বি	1	6
ত্বে্	1	5
দ্গ্র	1	5
র্শুং	1	5
ল্টুং	1	5
থ্স	1	3
দ্জু	1	4
ট্রিি	1	5
ক্সেে	1	5
ল্ফিং	1	5
়ে	1	2
ফিঃ	1	3
চুুুুু	1	6
☉	1	1
শ্ঠা	1	4
কাে	1	3
ড্ট্	1	4
ব্দ্যে	1	6
দ্ধেে	1	5
র্কৈ	1	4
দিো	1	3
ত্ত্ম	1	5
ট্টূ	1	4
স্য্যা	1	6
র্ভুু	1	5
ষ্কী	1	4
পেীঁ	1	4
ম্তে	1	4
ম্প্যু	1	6
শ্বঃ	1	4
ল্লঃ	1	4
ৎঃ	1	2
ঙ্লো	1	4
ভ্ড	1	3
স্চি	1	4
ল্টিঃ	1	5
র্জ্	1	4
বেঁঁ	1	4
ঙ্খৈ	1	4
চীং	1	3
জুৃ	1	3
র্দোঁ	1	5
ত্ন্ত্র	1	7
খ়ি	1	3
িি	1	2
র্ঘো	1	4
লংংং	1	4
নৈু	1	3
র্র্থা	1	6
র্ণ্ড	1	5
ছ্বা	1	4
চোা	1	3
ন্ত্তে	1	6
ধ্বে	1	4
ব্র্র্যা	1	8
ত্যু্র	1	6
হ্সে	1	4
র্বো্	1	5
র্স্বী	1	6
ডুুু	1	4
প্রাা	1	5
গ়ু	1	3
ন্ম্	1	4
জঁঁ	1	3
র্ধ্সী	1	6
প্টাে	1	5
শ্চিা	1	5
র্ম্বে	1	6
ন্দ্ব্ব্বে	1	10
ণ্ত্রা	1	6
ন্ড্রূ	1	6
শ্য্	1	4
টু্য	1	4
ঙঃ	1	2
ড্রাং	1	5
স্টেে	1	5
জ়ৈ	1	3
রীং	1	3
ফ়্যা	1	5
হ্বু	1	4
ষ্ট্র্র	1	7
ণ্দ্রা	1	6
কু্র	1	4
ণা্র	1	4
ধ্মা	1	4
ঙ্গেঁ	1	5
০্	1	2
ল্যং	1	4
জ্কে	1	4
হ্তো	1	4
ন্ন্ত	1	5
র্ভ্র	1	5
ঙ্খ্	1	4
ল্ট্যা	1	6
বিিং	1	4
পু্ণ্য	1	6
লোো	1	3
ট্র্য্যা	1	8
ইৃ	1	2
স্নং	1	4
ল্প্প্পা	1	8
র্ধো	1	4
ঝ্	1	2
ঢ্	1	2
)ং	1	2
‘ং	1	2
‘ঁ	1	2
‘ঃ	1	2
ধু্	1	3
ষ্যং	1	4
র্ক্লি	1	6
ন্ত্রী্	1	7
,ে	1	2
ব্যাঁ	1	5
র্দ্	1	4
ষ্প্রে	1	6
ক্র্রে	1	6
দু্র্যো	1	7
গৈঃ	1	3
র্হঃ	1	4
র্শ্	1	4
নূূূ	1	4
সূূূ	1	4
নূূ	1	3
ষ্নি	1	4
ণ্যং	1	4
ঝাা	1	3
দ্রোঁ	1	5
¾	1	1
ন্ধেঃ	1	5
ক্থা	1	4
ষ্ঠূ	1	4
শ্রীং	1	5
ক্ষ্ম্য	1	7
জ্যং	1	4
ফ়াং	1	4
ন্ড্স	1	5
কু্ণ্ড	1	6
ন্ধ্রং	1	6
ষ্ণঃ	1	4
ব্র্রি	1	6
ব্য্যাং	1	7
ড়়ে	1	4
য়়ো	1	4
র্ভুুু	1	6
ঝ়ু	1	3
জেী	1	3
ঞ্শ্চ	1	5
সূঃ	1	3
ন্ত্যৈ	1	6
র্ণং	1	4
ষ্বা	1	4
গু্নে	1	5
তু্র	1	4
জ্জ্য	1	5
সু্ন্নি	1	7
স্কৌ	1	4
ফ্জা	1	4
ট্ট্যা	1	6
দৈং	1	3
তৈং	1	3
চৌঁ	1	3
জু্ন্নে	1	7
কু্জ্জা	1	7
খি্	1	3
জ্জৃ	1	4
ধিঁ	1	3
র্ম্যে	1	6
র্ফ়ে	1	5
র্ফ়ি	1	5
র্ভৃ	1	4
ড্সে	1	4
র্পি্	1	5
ক্থ	1	3
ঠ্গি	1	4
ন্খে	1	4
মেি	1	3
ম্প্পে	1	6
র্স্তা	1	6
শ্যাঃ	1	5
শ্নূ	1	4
ন্ঞ্জি	1	6
ঝ্ঝ	1	3
ত্কী	1	4
ন্ঝু	1	4
গ্রৌ	1	4
ধিা	1	3
জ্না	1	4
প্যাংং	1	6
স্পাং	1	5
গেে	1	3
ছ্র	1	3
জ্ন্মে	1	6
জ্জ্জ্জ	1	7
শ্ঠ	1	3
দ্ঘো	1	4
র্যেে	1	5
ত্ত্ত্বে	1	8
ল্ল্প	1	5
ঢ্যে	1	4
ল্থী	1	4
র্ণ্য	1	5
খঁো	1	3
ঠ্গো	1	4
স্প্রীং	1	7
ঙ্খো	1	4
গ্ধ্ব	1	5
ন্টৌ	1	4
ষ্ণাঃ	1	5
ষ্ঙী	1	4
হুুু	1	4
দ্স্থ	1	5
ক্স্যু	1	6
গ্ঙী	1	4
থ্যোঁ	1	5
নཾ	1	2
ল্ঙ্গা	1	6
র্ত্সে	1	6
স্গ্রা	1	6
ন্যিং	1	5
য়্ত্বি	1	7
জ্ঞু	1	4
¦	1	1
ঘুু	1	3
তু্র্থ	1	6
ক্ষীং	1	5
ণ্ডীং	1	5
স্তৃ্ত	1	6
স্কু্লে	1	7
ত্ত্ব্বা	1	8
ন্স্টা	1	6
ত্দ্র	1	5
ত্শি	1	4
ভূ্মি	1	5
র্ম্মি	1	6
ষ্য্য	1	5
তা্রো	1	5
ড়্দি	1	5
প্ত্র	1	5
বাাং	1	4
হ্লী	1	4
দ্ধ্বা	1	6
ট্টুু	1	5
ন্ঠী	1	4
গা্ছে	1	5
ক্ষ্রে	1	6
ম্বে্	1	5
কা্র	1	4
তা্র	1	4
শ্কি	1	4
হ্শা	1	4
ম্বিে	1	5
ড়্ড়ু	1	6
র্যাঃ	1	5
মুুুু	1	5
ব্ক	1	3
প্ত্যা	1	6
ঙ্ক্রে	1	6
যেো	1	3
নেী	1	3
র্থ্র	1	5
তাৃ	1	3
ণ্মো	1	4
লৌঃ	1	3
থা্ক	1	4
রেো	1	3
চাো	1	3
গ্ড	1	3
শ্রুো	1	5
ধ্রা	1	4
র্র্জি	1	6
অাঃ	1	3
ল্চ্	1	4
ড়ী্	1	4
ন্তাং	1	5
ক্ত্যু	1	6
স্ত্যং	1	6
য়েঁঁ	1	5
ন্খা	1	4
ব্শা	1	4
মে্	1	3
ব্দাঃ	1	5
শ্তে	1	4
আাঁ	1	3
‭	1	1
র্রাং	1	5
র্সোঁ	1	5
ম্প্ল্যা	1	8
লী্	1	3
ক্তিে	1	5
প্প্ল	1	5
তা্	1	3
ঙ্গ্রে	1	6
ভ্ল্দ্ল	1	7
স্ল্স	1	5
ণ্মূ	1	4
ন্শু	1	4
ত্সো	1	4
ন্জিং	1	5
রাো	1	3
ভ্স্ক	1	5
ভ্স	1	3
ত্ক্ষে	1	6
ল্ডং	1	4
ম্প্লো	1	6
লু্র	1	4
বা্সী	1	5
স্ব্বা	1	6
র্ডেে	1	5
ন্শি	1	4
চ্চ্ছ	1	5
ফ্টু	1	4
বা্র	1	4
লোা	1	3
ন্দ্রাং	1	7
সূ্র্য্যে	1	9
থ্যাঁ	1	5
হ্ম্যা	1	6
হ্গা	1	4
ন্স্ট্যা	1	8
ল্ন	1	3
ড্হা	1	4
র্বিঃ	1	5
পা্থে	1	5
য়্যূ	1	5
র্জাা	1	5
ভুু	1	3
কৃ্ষি	1	5
জ্ঙ্গ	1	5
মুঃ	1	3
ষ্ষ্ট্র	1	7
র্ভু্ক্ত	1	8
স্দি	1	4
র্ট্মে	1	6
শ্রেং	1	5
প্শ	1	3
যৈা	1	3
ক্থে	1	4
ল্ব্রা	1	6
সু্য	1	4
র্র্ন	1	5
প্র্কৃ	1	6
পঁু	1	3
ক্ত়	1	4
,ঃ	1	2
র্স্বা	1	6
রোা	1	3
ক্সাু	1	5
ঙ্ক্যাা	1	7
ল্ন্	1	4
স্শি	1	4
পু্ণ্যা	1	7
র্শ্ন	1	5
পাি	1	3
র্ত্রা	1	6
ফ্র্ন	1	5
প্র্তী	1	6
নূ্দি	1	5
মা্ব	1	4
গ্য়ে	1	5
ষ্ট্ম	1	5
মো্	1	3
য্য়ে	1	5
ক্ষ্হো	1	6
ব্গু	1	4
হ্সি	1	4
র্ধূ	1	4
র্ম্মৈ	1	6
র্ব্বী	1	6
ঙ্ক্ষ্য	1	7
ত্ত্বাং	1	7
ত্ত্বং	1	6
ক্তিং	1	5
ফ্ফি	1	4
»	1	1
খ্খি	1	4
ম্ড়ি	1	5
ম্টু	1	4
র্র্র্য্য	1	9
ষ্ঠ্যে	1	6
সু্র	1	4
নৃ্তা	1	5
প্ত্য	1	5
প্ণে	1	4
ফ্ক	1	3
স্মৃৃৃৃ	1	7
হে্	1	3
জ্রু	1	4
রীা	1	3
ল্ঠু	1	4
ট্ব	1	3
য়ূং	1	4
গ্র্রা	1	6
বুুুু	1	5
থীং	1	3
য্র	1	3
র্গৃ	1	4
ঢ্যাং	1	5
ষ়	1	2
ঙ্গ্ব	1	5
র্মীঁ	1	5
ঝোং	1	3
ফূঁ	1	3
ম্প্ট	1	5
ট্ট্রি	1	6
দ্রাে	1	5
（	1	1
র্জ়	1	4
ন্ত্রং	1	6
ঙ্গং	1	4
র্দ্ধ্বা	1	8
ন্জো	1	4
র্জ্ঞে	1	6
ঙ্খং	1	4
টু্র্না	1	7
দ্দিং	1	5
দ্ধ্রী	1	6
দ্প	1	3
শ্রীঁ	1	5
হ্রীঁ	1	5
ব্ল্যু	1	6
ম্ব্রু	1	6
স্স্টি	1	6
ন্য্র	1	5
ন্টেং	1	5
ন্ডেং	1	5
র্ঝা	1	4
শ্ট্রি	1	6
ড্রৌ	1	4
খাী	1	3
ঙ্হো	1	4
ল্নে	1	4
স্প্যাং	1	7
ব্ত্স	1	5
স্গা	1	4
ড়্গে	1	5
ত্ব্বা	1	6
খ্তে	1	4
না্র	1	4
।ং	1	2
স্স্ট্যা	1	8
ক্ট্রে	1	6
রৃূ	1	3
পূ্ণ	1	4
ণ্প	1	3
ণ্যৈ	1	4
ল্ট্নে	1	6
র্ডিা	1	5
র্ঙ্গী	1	6
ফ্রে্	1	5
ব্বিং	1	5
র্ল্ল	1	5
র্তিঃ	1	5
ল্ক্যা	1	6
র্শিং	1	5
খ্স	1	3
ঞ্ত	1	3
ল্ত্জ	1	5
⅓	1	1
থিং্	1	4
স্ব্বী	1	6
র্ডিং্	1	6
ণ্যাং	1	5
র্য্র	1	5
ভ্ভে	1	4
ত্স্না	1	6
স্ফুি	1	5
র্ছে	1	4
ম্ম্প	1	5
স্কাঁ	1	5
শ্ফে	1	4
সু্ম	1	4
গ্ধো	1	4
দ্যং	1	4
নী্	1	3
¦া	1	2
র্ড়ে	1	5
জ্নু	1	4
প্তঃ	1	4
ক্দ্র	1	5
ত্স্যা	1	6
স্রূ	1	4
খ্যা্	1	5
স্বু	1	4
ম্র্স	1	5
❤️	1	2
ব্জ্য	1	5
প্ত্রি	1	6
ব্জ্র	1	5
থেে	1	3
ন্ধৃ	1	4
ক্ষ্ম্যাঃ	1	9
ণ্জা	1	4
স্সী	1	4
ত্প্র	1	5
ম্কে	1	4
স্ত্বি	1	6
স্ঠি	1	4
শ্ত্রু	1	6
প্তিে	1	5
ন়ে	1	3
ঈঃ	1	2
স্ট্ী	1	5
চ্চ্যা	1	6
ত্রোঁ	1	5
অঁা	1	3
শ্য্যা	1	6
ধ্যাঃ	1	5
র্মাঃ	1	5
ট্ম্যা	1	6
ব্য্য	1	5
র্স্প্রে	1	8
মু্ক্ত	1	6
ফ্থ্যা	1	6
ন্থ্র	1	5
যা্	1	3
টি়া	1	4
কু্বে	1	5
ক্ষ্মীং	1	7
ভ্যাি	1	5
শীং	1	3
দ্ৰং	1	4
ষ্ট্ৰাং	1	7
র্ত্থ	1	5
গ্ট	1	3
ন্না়	1	5
স্টাঃ	1	5
র্ক্ষে	1	6
ব্দূ	1	4
ⓠ	1	1
টিিি	1	4
ন্স্ট	1	5
স্প্ন্দ	1	7
না্তে	1	5
ণাঁ	1	3
ণ্শ্ট্রু	1	8
ক্জ	1	3
প্থ	1	3
য়ো্	1	4
পৌঃ	1	3
সূ্ল	1	4
ম্থং	1	4
গ্ণ্য	1	5
ন্গে	1	4
ষ্ট্র্রে	1	8
স্টাং	1	5
ধ্যাে	1	5
তেু	1	3
র্পুঁ	1	5
র্াক	1	4
উো	1	2
র্ত্ব	1	5
র্সিঃ	1	5
পুে	1	3
	1	1
প্ত্	1	4
ম্প্র্র	1	7
ন্সেে	1	5
র্ন্ডো	1	6
মােঃ	1	4
ষ্যাা	1	5
ন্ন্যি	1	6
র্স্প	1	5
র্ঠি	1	4
ম্কি	1	4
র্র্ণ	1	5
র্ঢ্য	1	5
ত্দা	1	4
ঝঃঁ	1	3
ধংঃ	1	3
ঢ়ং	1	3
হঃঁ	1	3
যঃং	1	3
বংঃ	1	3
ৎঁঃ	1	3
ভঃু	1	3
বঃঃ	1	3
ঐঁং	1	3
ত্গী	1	4
সু্রি	1	5
ঢ্বা	1	4
র্য়ে	1	5
ব্দ্রী	1	6
দ্্দী	1	5
ৰ্জ্যে	1	6
ম্গ্ৰ	1	5
পূ্ৱে	1	5
দ্ৱৈ	1	4
দ্ৱি	1	4
ভ্গ	1	3
ম্ডা	1	4
ব্বীঁ	1	5
ৰু্	1	3
নূ্হ	1	4
«	1	1
ক্ষ্ণী	1	6
ব্ৰ্জ	1	5
ৰ্ন্নু	1	6
ধ্ৰং	1	4
তু্ৰ্দ	1	6
স়ে	1	3
ছ্নে	1	4
ৰ্ক্সো	1	6
ঈা	1	2
ম্ব্ন্ধ	1	7
ৱ্হৃ	1	4
দু্ৰ্ভ	1	6
তী্	1	3
চ্ছাং	1	5
ৰ্ছো	1	4
ৰ্য্ডে	1	6
ঢ়্যে	1	5
ৰ্শু	1	4
সু্যা	1	5
ৰ্ঝ	1	3
দ্ল	1	3
ম্পূূূূূ	1	8
ৰ্ৱ্য	1	5
ঠৈে	1	3
ৰ্্জ	1	4
চ্ছং	1	4
ক্পি	1	4
ফ্ৰেী	1	5
দ্যাী	1	5
ঠুূু	1	4
©	1	1
ৰ্তাং	1	5
দৈি	1	3
গ্নিং	1	5
ৰা্ল	1	4
চ্য়ু	1	5
ৰৌং	1	3
হ্ৱা	1	4
বৃ্ত্তা	1	7
লী়	1	3
য়্ষ্টে	1	7
ষ্যৈ	1	4
য্জ্ঞ	1	5
ৰ্ব্ক	1	5
মূ্ল্য	1	6
বো্	1	3
নূ্ভূ	1	5
চুঃ	1	3
ত্ছ	1	3
ড্ৰ্	1	4
কীং	1	3
ৰ্ঘ্ট	1	5
ভ্ছে	1	4
ফ্ৰঁ	1	4
ৰ্ক্	1	4
ন্সূ	1	4
প্চ্	1	4
ন্দ্ৰ্পু	1	8
সু্দে	1	5
ত্ত্গ্ৰ	1	7
ৰ্ষ্ণ্য	1	7
ৱ্নী	1	4
ক্খা	1	4
ন্খি	1	4
ঙ্বো	1	4
ঠেঁ	1	3
ত্ৰ্ৰ	1	5
ন্ড্ৰু	1	6
ৰ্থৌ	1	4
ক্ষেো	1	5
শ্ৱি	1	4
প্দ	1	3
ব্ৰাা	1	5
মু্খ	1	4
ৰ্ব্বাং	1	7
ণ্ড্ছ	1	5
ত্ম্য্	1	6
স্হ্য্	1	6
ঘ্টা	1	4
হী্	1	3
প্ৰাঁ	1	5
ল্লৈ	1	4
কা্ৰী	1	5
ৰ্স্ব	1	5
কঁু	1	3
ঞ্জঁ	1	4
ৰ্ঙা	1	4
ৰ্ঘ্যা	1	6
ক্ৰঃ	1	4
পু্ৰী	1	5
ব্ৰ্যে	1	6
তু্ৰ্থা	1	7
ছ্লা	1	4
কোো	1	3
প্ৰাা	1	5
ক্ৰা্ন্তী	1	9
ক্ত্ৰ	1	5
ৰ্বং	1	4
ৰৈঃ	1	3
ক্ৰ্	1	4
ন্ষ্ট্ৰা	1	8
প্ং	1	3
প্ৰ্ক	1	5
ল্জি	1	4
স্হূ	1	4
ত্থ্বা	1	6
স্তু্ৰ	1	6
টীং	1	3
মু্শ্ব	1	6
ক্ব্তা	1	6
ক্খি	1	4
ক্ব্সি	1	6
ৱ্স্থি	1	6
ৱ্যঃ	1	4
ন্ধীঃ	1	5
ছু্সং	1	5
ৰ্য্য়া	1	7
খ্য়ে	1	5
ৱ্তা	1	4
ৰ্গ্দে	1	6
খ্ৰ্ৰী	1	6
গ্ৰ্ন্থা	1	8
ৱ্ৰু	1	4
নু্হে	1	5
ছ্ন্দ্ৰ	1	7
ৰ্ক্ট	1	5
হুঃ	1	3
ষ্ৰু	1	4
ৰ্ঠ	1	3
নু্স্থি	1	7
টু্ন্	1	5
ন্ন্তি	1	6
হ্ত্	1	4
ড়্গী	1	5
ড্নী্	1	5
ৰ্স্ত	1	5
লোঁঃ	1	4
দ্দ্ৰি	1	6
প্ৰ্ধা	1	6
হ্ৰ্দ	1	5
ত্ৰ্ত	1	5
ৱ্য়্ৱ	1	6
ফৌঁ	1	3
প্ৰা্য	1	6
শ্ৰ্দ	1	5
ব্ন্ধা	1	6
য়ৃ	1	3
লীং	1	3
চীঃ	1	3
ৰ্জ্ব	1	5
মু্ৰ	1	4
য়্মা	1	5
ছ্ফা	1	4
ব্ক্সা	1	6
স্তিু	1	5
স্স্ফূ	1	6
ৰ্নৈ	1	4
মা্ক	1	4
য়্ল	1	4
য়্গ	1	4
দ্াবি	1	5
প্চাি	1	5
পা্চী	1	5
খ্ী	1	3
প্ে	1	3
ত্ী	1	3
ক্ে	1	3
দাু	1	3
ত্াতা	1	5
মূ্ছি	1	5
ত্ায়	1	5
প্ভা	1	4
গিি	1	3
ণাু	1	3
দ্ি	1	3
স্প্ফু	1	6
ৰ্ঠা	1	4
কা্স	1	4
বা্দ	1	4
ণ্ঠৌ	1	4
গ্লেং	1	5
চা্লি	1	5
স্দী	1	4
ল্ণ্ড	1	5
ভ্স্কা	1	6
ৱ্লা	1	4
ৱী্	1	3
দংে	1	3
ফ্ৰ্য়ে	1	7
চ্ক্ৰ	1	5
যা্য়	1	5
মু্হু	1	5
শ্খ	1	3
হ্গু	1	4
দু্কা	1	5
ম্পৌ	1	4
ল্ৰী	1	4
ড্ৰ্যা	1	6
ৰ্ৰি	1	4
মু্ক্তা	1	7
হীঃ	1	3
থৌং	1	3
গ্ৰ্ৰ	1	5
দা্ছ	1	4
ঞ্ছে	1	4
ড্ৰাং	1	5
শ্ৰ্ষা	1	6
মা্ন্য	1	6
থ্লাং	1	5
ট্ৱাং	1	5
হ্থি	1	4
ন্ষ্ঠি	1	6
চ্প	1	3
কু্ল	1	4
ষ্ত্ৰ	1	5
ব্ৰূ	1	4
খেু	1	3
উৗ	1	2
দ্যঁ	1	4
লু্ৱে	1	5
তু্স্ৰা	1	7
তু্ম	1	4
ঢু্লী	1	5
ৰু্ত্ব	1	6
ঋে	1	2
চো্	1	3
স্ছা	1	4
ড্ষ্ট	1	5
প্ৰ্চে	1	6
দ্ছ	1	3
ক্ষ্ত	1	5
মূ্খ্য	1	6
দ্ৰ্শ	1	5
ষ্ৱ	1	3
টিো	1	3
ক্শ্লা্ভা	1	9
খ্ণ্ড	1	5
থ্ম	1	3
ৰ্ন্স	1	5
ৰা্	1	3
ক্ধ	1	3
কা্খ	1	4
ণ্ড্ৰিং	1	7
ত্য্যা	1	6
ডুঁ	1	3
গুা	1	3
ট্ট্	1	4
ঠি্	1	3
ম্ট্ৰী	1	6
ক্কং	1	4
গাঃ	1	3
বৃং	1	3
চ্ৰ	1	3
ৰ্ছ্যু	1	6
ণ্টঃ	1	4
তুুু্ৰ্থ	1	8
গ্ৰে্	1	5
ঢিং	1	3
ক্ৱি	1	4
ণ্ড্ৰৈ	1	6
ধ্য্	1	4
দ্ভ্ব	1	5
শিা	1	3
ফ়্ফ়া	1	6
গ্টা	1	4
ৰ্ন্দ	1	5
ৰ্বো্	1	5
ন্দ্ৰ্ক	1	7
মু্খ্য	1	6
গ্দ্ধ	1	5
ৰ্য্যি	1	6
೦	1	1
প্ৰ্ৰা	1	6
চ্কু	1	4
ড্ৰ্ৰে	1	6
ষ্তৃ	1	4
ৰ্মঃ	1	4
য়ি্	1	4
চ্ব	1	3
ৰি়	1	3
ড্গা	1	4
	1	1
ৰ্ঘ্য্য	1	7
ষ্ট্য্য	1	7
হ্বী	1	4
ন্পু	1	4
ক্ট্ছ	1	5
হূূূূ	1	5
ম্ণি	1	4
খু্	1	3
স্ক্ৰ্যু	1	8
ফ্বু	1	4
ৰা্য়ে	1	6
ফ্থ	1	3
মূ্ক	1	4
মূঁ	1	3
ক্ৰ্যু	1	6
গ্যুঁ	1	5
ৰ্জ্ড	1	5
ৰ্প্ছ	1	5
ল্ভ্ছ	1	5
চ্পী	1	4
চ্ছিং	1	5
ছ্পী	1	4
য়্ন্স	1	6
ল্হী	1	4
দ্যা্ল	1	6
ক্ত্ৰং	1	6
স্তৌ	1	4
দ্ভ্যু	1	6
ৰ্ব্বি	1	6
ৰ্দ্বিং	1	7
ৰ্ৱো	1	4
ভূ্গ	1	4
টেে	1	3
ঘ্ৰোং	1	5
বৈ়	1	3
ণ্ক	1	3
সু্প্ৰা	1	7
ৰ্বি়	1	5
শ্চো	1	4
ঘ্ৰ্য	1	5
ষ্টে্	1	5
ৰ্ত্মা	1	6
ত্ৰ্ৰী	1	6
আাাাাাাাাাাাাাাাাা	1	18
ৰেেেেেেেেেেে	1	12
ভাাাাা	1	6
ইিি	1	3
ণ্দো	1	4
নু্ঠি	1	5
সূূূূ	1	5
ত্ৰ্ৰ্ৰ	1	7
ৰ্ঘ্যি	1	6
বা্হ	1	4
ছ্টা	1	4
ৰ্দ্যা	1	6
পূ্ৰ্বে	1	7
ৰ্টে়	1	5
ক্ৰে্	1	5
নু্স	1	4
ত্ব্পূ	1	6
হু়	1	3
প্ৰ্শ্না	1	8
চ্ফ্ট	1	5
ত্ৱ	1	3
ক্যা্ং	1	6
ত্গা	1	4
ত্ব্খি	1	6
ৰ্ত্ত্ন	1	7
ন্ঝা	1	4
ট্লী	1	4
ষ্ট্ৰ্দূ	1	8
স্ৰ্ণ	1	5
প্ৰ্স্তু	1	8
ছ্মা	1	4
ম্ব্ভা	1	6
ছ্ভ	1	3
গ্ৰ্স্ত	1	7
খ্ৰে	1	4
হ্ং	1	3
না্য	1	4
ৱ্সে	1	4
প্ৰ্টি	1	6
প্ৰ্ষ্টা	1	8
য়্চৌ	1	5
সংং	1	3
প্ৰ্শ্বা	1	8
ত্ৰ্ৰে	1	6
স্ম্পূ	1	6
স্থা্ত	1	6
গ্ল্	1	4
ক্ল্	1	4
ষ্ক্ৰী	1	6
ষ্য়া	1	5
মৃ্ঃ	1	4
মৃ্ত্য়ু	1	8
স়	1	2
চ্ল	1	3
ষ্ট্ৰ্ঙে	1	8
ক্ৰ্মে	1	6
ক্ন্	1	4
ল্ধো	1	4
ষ্তা	1	4
ধ্যূ	1	4
ৰ়়ে	1	4
ত্্যা	1	5
ড়্যি	1	5
ৰ্জ্	1	4
ড্চ্	1	4
ক্ল্চ্	1	6
ট্স্মে	1	6
ম্স্পা	1	6
হ্য়্	1	5
ন্ধুৃ	1	5
ন্ড্ৰে	1	6
প্ৰঃ	1	4
চৃু	1	3
ণ্ড্স	1	5
না্	1	3
ম্বৌ	1	4
ন্ৱে	1	4
ল্প্ছ	1	5
ত্লি	1	4
ল্জী	1	4
ন্থ্ৰে	1	6
ধ্যং	1	4
ড্ভে	1	4
ল্ড্স	1	5
ন্থাঁ	1	5
ব্লৈ	1	4
ব্ছি	1	4
ম্ৰ্ত্যু	1	8
ঢ়্ক	1	4
ৱ্কা	1	4
জ্জ্বু	1	6
ন্মাো	1	5
কূঁ	1	3
ৌ	1	1
=ৌ	1	2
পুুুু	1	5
ড্বা	1	4
ৰ্ধাৈ	1	5
সু়	1	3
ন্ত্লৈ	1	6
ব্ডো	1	4
ল্হি	1	4
ক্যোঁ	1	5
ল্ভিং	1	5
ম্ব্দা	1	6
লেী	1	3
ৰ্ফ্যু	1	6
ৰ্স্প্ৰে	1	8
ফ্থে	1	4
ল্ট্ৰে	1	6
গ্ঝ	1	3
খীঃ	1	3
ন্ড্ৰ	1	5
দ্ৰাঃ	1	5
ৰ্স্কী	1	6
ন্ফ	1	3
স্বাঁ	1	5
ষ্বে	1	4
ট্ল্লা	1	6
ধা্ল	1	4
ৰ্গং	1	4
ফ্ৰিং	1	5
তৃ্	1	3
কি়ঃ	1	4
প্জে	1	4
ৰ্ক্ৰ	1	5
ক্টেে	1	5
ন্স্পে	1	6
ন্দ্ব্ব্ব্ব্ব্বী	1	16
হ্ৰ্যা	1	6
⋯	1	1
যা্য	1	4
ৰ্শ্চা	1	6
ষ্মৃ	1	4
প্ৰ্জা	1	6
ৰ্শ্ৱে	1	6
ত্ৱী	1	4
শ্ৰ্মি	1	6
ৰ্লং	1	4
ষ্ণ্য	1	5
ঢ়্ৰ	1	4
এ়	1	2
কিৃ	1	3
ক্শি	1	4
ৰ্ল্জ	1	5
প্ৰ্শি	1	6
ধ্ৰ্প	1	5
ক্ষা্ৰ্থী	1	9
প্ৰা্যো	1	7
ন্গ্যা	1	6
ৰ্ধঃ	1	4
ক্জে	1	4
ফ্চ	1	3
ৰ্যা্য	1	6
ম্দে	1	4
ডাা	1	3
ক্ষু্দ্ৰ	1	8
প্পূ	1	4
ণ্ফা	1	4
দা্ৰ্থ	1	6
ন্ছী	1	4
ন্চী	1	4
হ্ৰূ	1	4
দ্ধিা	1	5
প্ৰ্ৱা	1	6
ম্প্ৰ্সা	1	8
ত্টা	1	4
ৰ্ঞ্চ	1	5
দ্লৃ	1	4
গ্ৰী্	1	5
প্ৰ্চ	1	5
ক্ৰ্মা	1	6
ত্ৰ্না	1	6
প্ৰ্সি	1	6
স্ৰ্ষ্টা	1	8
ঔং	1	2
তা্হে	1	5
খ্ল	1	3
ৰ্ব্ৰি	1	6
পৃ্ষ্ঠা	1	7
ভুঃ	1	3
ড্জ	1	3
ৰ্খে	1	4
ন্লে	1	4
ষ্ট্ৰ্ট	1	7
ভূ্প্ৰ	1	6
স্ব্য	1	5
ৰ্খো	1	4
গ্ৰেঁ	1	5
জ্দা	1	4
ড়়	1	3
ম্ব্ৰী	1	6
ঞ্ছু	1	4
স্ন্দে	1	6
ত্চা	1	4
ছু্ন্নি	1	7
জ্স	1	3
ণ্চ	1	3
চেু	1	3
হ্যৃ	1	4
ৱাা	1	3
ছ্ছে	1	4
প্স্কা	1	6
ৱ্লি	1	4
ড্ৱা	1	4
ৰ্প্লা	1	6
হ্ৰিং	1	5
ণ্ঢে	1	4
ক্চু	1	4
জ্জ্	1	4
ষ্ফা	1	4
ছ্স	1	3
ক্তৃা	1	5
ষ্পুং	1	5
ৰ্ট্জ	1	5
ৰ্ম্ড	1	5
খ্ৰো	1	4
(ং	1	2
ন্ড্ৰি	1	6
শূ্ন্য	1	6
হীে	1	3
ব্ব্য	1	5
♮	1	1
গ্্লা	1	5
ৰ্ষ্ঠী	1	6
চ্ছ্যু	1	6
ৰ্ব্ব্ল	1	7
ৰ্ষ্কা	1	6
ৰিে	1	3
ক্ৰ্ৰি	1	6
ধ্যেো	1	5
ৱ্হি	1	4
ল্ড্ৰ	1	5
পূং	1	3
ডৌং	1	3
টেি	1	3
ন্দ্ৰ্লৈ	1	8
ভ্ং	1	3
ট্য়	1	4
ত্ত্ৱি	1	6
ৰীে	1	3
স্তেঁ	1	5
ৰ্য্যা্য	1	8
স্ৰোঁ	1	5
ক্লুং	1	5
？	1	1
ৰ্ল্ছ্	1	6
চা্ন্দা্ন	1	9
ধা্ন্	1	5
ভ্ছ্	1	4
ৰূূ	1	3
মূং	1	3
শ্ৰিং	1	5
ঢ়ূ	1	3
ম্লাং	1	5
হ্ঙ	1	3
ম্ব্লে	1	6
ন্দ্ব্ব্ব্ব্ব	1	13
ৰ্ছ্টে	1	6
অৌ	1	2
ৰ্্চে	1	5
ৰ্থ্খ	1	5
ধ্ৰী	1	4
ভ্ৰো	1	4
ৰ্ষ্ট্	1	6
ন্নুঃ	1	5
নাি	1	3
ঙ্গ্ৰ	1	5
ড্চ	1	3
স্ট্ৰে	1	6
ল্ষ্টা	1	6
পুঃ	1	3
ট্ৰ্যে	1	6
হাা	1	3
ছ্লৈ	1	4
নু়ু	1	4
ম্হি	1	4
ণীঁ	1	3
থোা	1	3
ৰ্ভুু	1	5
বু্জা	1	5
সাু	1	3
ল্ড্ৰো	1	6
ঙ্ৰ	1	3
গ্গে	1	4
ৰ্ড্ৰ্	1	6
ল্ৰে	1	4
প্ৰ্জ	1	5
নুূ	1	3
বাাঁ	1	4
ৰ্ব্যূ	1	6
ৰ্গ্লি	1	6
চা্ন্দ	1	6
ৰ্ম্মু	1	6
খ্ং	1	3
ক্শং	1	4
ন্স্কা	1	6
ৰ্ডং	1	4
জ্গা	1	4
ৰ্ড্ৰি	1	6
ৰ্খি	1	4
ঞং	1	2
ঞিং	1	3
চ্যো	1	4
মিংঃ	1	4
ষ্ট্ৰঃ	1	6
ল্ৰা	1	4
বাু	1	3
স্দা	1	4
জু্লী	1	5
টোে	1	3
দু্খ	1	4
চু্কা	1	5
সুুঁ	1	4
ৰ্স্তু	1	6
অ়	1	2
শ্ট্ৰ	1	5
ত্যুঁ	1	5
মৃৃৃৃ	1	5
ট্ৰোঁ	1	5
চ্চুং	1	5
ন্বুূ	1	5
ণ্তী	1	4
ণ্থা	1	4
ক্ৰাা	1	5
ভ্ৰা্তৃ	1	7
ৰাে	1	3
ষাে	1	3
ড্ৰেং	1	5
বু্ুজো	1	6
ষুঁ	1	3
ত্যুুু	1	6
ম্প্ৰ্তি	1	8
ম্ব্ৰো	1	6
ত্পূ	1	4
স্ত্বা	1	6
স্ত্ৰু	1	6
টি়	1	3
সু্ৰি	1	5
জ্ঞাি	1	5
গীঃ	1	3
ছ্লী	1	4
থি্	1	3
ছেী	1	3
ৰ্স্থি	1	6
হ্ৰীং	1	5
ণ্ড্ৰ্	1	6
নৃ্ত্য	1	6
প্চা	1	4
পু্ৰ	1	4
ছে্	1	3
প্ৰ্লে	1	6
ঠঁ	1	2
ৰ্ব্বং	1	6
প্লৈ	1	4
বিে	1	3
ৰ্ধী	1	4
স্ম়	1	4
যোং	1	3
ব্তী	1	4
ন্দ্দি	1	6
শ্শা	1	4
ল্ট্ৰী	1	6
ষ্ণোঃ	1	5
প্ৰ্ত্যা	1	8
ভ্জ	1	3
শ্ৰ্ৰে	1	6
ন্দ্ব্ব্ব্ব	1	11
স্ৱী	1	4
ছ্ন্দ	1	5
ক্ঠো	1	4
প্ঠি	1	4
ঞ্চ্ৰে	1	6
ঋি	1	2
য়াো	1	4
কেঁঁ	1	4
ন্দোঁ	1	5
ট্জ্ৱি	1	6
শ্ব্যে	1	6
ক্প্ৰা	1	6
ব্টো	1	4
সূ্যো	1	5
ন্দিং	1	5
ন্খ	1	3
ক্কাং	1	5
ক্টঃ	1	4
ৰ্শং	1	4
ম্ত্ৰা	1	6
ণ্মী	1	4
নাাা	1	4
শ্লৌ	1	4
ব্লৌ	1	4
ক়়	1	3
ন̈	1	2
ন্ত̈	1	4
য়্জ	1	4
ডা্ৰ	1	4
ম্শ্ৰী	1	6
ৰ্ল্যা	1	6
হ্ন্ত	1	5
ৰ্বঁ	1	4
ছা্	1	3
নু্জ্ঞা	1	7
চৗ	1	2
পুুঁ	1	4
খ্যু	1	4
ঠ্চি	1	4
ছুুু	1	4
ৱ্গো	1	4
পাাা	1	4
যুুঁ	1	4
ভা্ছি	1	5
ভিু	1	3
ৰেে	1	3
ৰ্ন্দা	1	6
ৰ্যৌ	1	4
বে়	1	3
ম্সী	1	4
মৃ্ত	1	4
খ্ৰে়	1	5
চ্নে	1	4
ৰ্খা্স্ত	1	8
খ্টে	1	4
ষ্ণ্ব	1	5
ল্যুং	1	5
স্য্য	1	5
য্ত্য	1	5
ৰ্দ্ধৃ	1	6
শ্চ্য	1	5
ব্য্যা	1	6
গৃ্হ	1	4
ৰ্তঃ	1	4
ব্ৰাঁ	1	5
ৰ্টৌ	1	4
ব্যুঃ	1	5
কু্স্তি	1	7
ম্প্ত	1	5
ড়ুি	1	4
গ্ৰ্জি	1	6
জীী	1	3
ঞ্জাঃ	1	5
ৰ্ড্ট	1	5
চ্ছা্	1	5
ছ্ৰু	1	4
ষ্ঠ্	1	4
ট্চি	1	4
ৰু্দ্ধে	1	7
ৰা্জ্য	1	6
ডে্	1	3
ন্ধীী	1	5
ট্ৰং	1	4
স্কাী	1	5
ম্ৰ্পা	1	6
ৰ্মং	1	4
দ্দ্	1	4
ক্মে	1	4
চি়	1	3
ঙ্গ্ৰি	1	6
প্পুং	1	5
ক্কৌ	1	4
ৰ্ণৈ	1	4
ন্তুো	1	5
ম্য়	1	4
ন্দে়	1	5
য়ে্	1	4
ড্ত	1	3
ফিঁ	1	3
দু্যো	1	5
ন্ল	1	3
শ্চঃ	1	4
পৗ	1	2
খ্লি	1	4
খ্না	1	4
ঠ্ঠ	1	3
দ্য্যা	1	6
শীঃ	1	3
সুী	1	3
দ্ৰৃ	1	4
ম্প্লা	1	6
য়া়	1	4
গ্নৌ	1	4
গ্নেী	1	5
কাাঁ	1	4
ৱোং	1	3
কৌী	1	3
টেী	1	3
ৰ্দঁ	1	4
ন্জ্ঞী	1	6
াঁ	1	2
য়োে	1	4
দীং	1	3
পোে	1	3
হিে	1	3
পেী	1	3
ভোে	1	3
খে্	1	3
ৰ্ত্ৰে	1	6
ৰ্ল্লী	1	6
ৰ্যঃ	1	4
'ঃ	1	2
ষ্তি	1	4
ৰ্য়্য	1	6
গৈে	1	3
ড্ৱি	1	4
ৰ্ষঃ	1	4
ৰ্ত্ভা	1	6
ৱা়	1	3
ৰ্দ্ৰা	1	6
ষ্প্য	1	5
চ্চ্ট	1	5
শ্ৰীঁ	1	5
হ্ৰীঁ	1	5
ঘ্না	1	4
গৃৃৃৃ	1	5
স্ত্যি	1	6
না্ট্য	1	6
দ্দে্	1	5
দ্বৌ	1	4
ৰ্ত্তু	1	6
হা্ল্লা	1	7
জ্ৰী	1	4
চ্ব্ল	1	5
ৰ্ট্ব্ৰে	1	8
ল্ম্ফে	1	6
ৰ্ঙ্গ	1	5
ক্পা	1	4
স্গু	1	4
ষ্তু	1	4
চাংঃ	1	4
ওৈ	1	2
ৰ্জ্জা	1	6
ৰ্ধূ	1	4
ফু্ৰ্ট	1	6
ৰ্ষ্ট্ৰা	1	8
ট্জ্	1	4
প্চ	1	3
প্তং	1	4
ৰ্দ্দী	1	6
ওী	1	2
থ্য্য	1	5
ম্ৰ্যা	1	6
কীে	1	3
ৰ্শ্ৰেং	1	7
ষ্টিঃ	1	5
ন্দ্ৱা	1	6
যাো	1	3
ত্তুং	1	5
হ্বৃ	1	4
গ্ৰ্য	1	5
ছ্যুঁ	1	5
ৰ্টঃ	1	4
য়েংঃ	1	5
সীং	1	3
খ্ম্নু	1	6
♀	1	1
ফ্তু	1	4
ৰ্ত্ৰি	1	6
ধ্ৰো	1	4
দ্য়ৌ	1	5
ৰ্ক্ষ	1	5
ফিা	1	3
ণ্ট্ৰু	1	6
۞	1	1
۩	1	1
۝৩	1	2
ষ্টুং	1	5
ল্খ	1	3
ত্ৰ্ধ	1	5
না্লা	1	5
ৰ্চাং	1	5
মৃ্	1	3
ৰ্ণং	1	4
ব্ষ্ট্ৰা	1	8
ল্পৗ	1	4
ন্কী	1	4
ঞ্চৈ	1	4
ৱ্স্কা	1	6
ৱ্ষ্কিৃ	1	7
ট্ৰিং	1	5
ৰ্ভু্ত	1	6
ৰ্ভূ্ক্ত	1	8
স্প্ৰো	1	6
স্ত্ৰ্	1	6
ঠ্য়	1	4
চ্ছৌ	1	4
ৰ্ব্ৰা	1	6
ত্তং	1	4
ট্ঠাং	1	5
ক্পো	1	4
ড্গ	1	3
ঢ়্য	1	4
কঁা	1	3
ভঁা	1	3
দ্ধ্তি	1	6
নংঃ	1	3
ৰ্ন্ট	1	5
হ্গ	1	3
স্ক্ভা	1	6
চ্থ	1	3
থ্যুঁ	1	5
ট্জি	1	4
ল্ৰি	1	4
গ্দাঁ	1	5
থ্লি	1	4
ঙ্দ	1	3
প্ট্ৰি	1	6
ফ্ৱি	1	4
ম্প্লু	1	6
ব্ভ	1	3
ত্ৱা	1	4
ফ্থি	1	4
ন্ত্যৃ	1	6
গ্চী	1	4
ৰ্ধ্যা	1	6
জোঃ	1	3
জ্ৱ	1	3
ম্য়ো	1	5
ন্শো	1	4
ঞ্জুং	1	5
ৰ্ণ্ডা	1	6
ৰ্স্থ	1	5
ন্ভে	1	4
ত্ৰ্য়ী	1	7
শ্ব্লে	1	6
ৰ্সৈ	1	4
ন্দ্বীি	1	7
ৰা্ন্দা	1	7
ৰ্ছ্ৰে	1	6
ষ্ট্বেং	1	7
চ্ন্দ্ৰ্	1	8
ণ্ড্ট	1	5
ণ্ড্টে	1	6
ক্চো	1	4
গঁা	1	3
⟨	1	1
⟩	1	1
পুূ	1	3
ঞ্চেং	1	5
ন্ম়	1	4
ম্ব্লা	1	6
চীে	1	3
ৰ্স্তা	1	6
গো্	1	3
দ্দ্বে	1	6
ৰ্শৃং	1	5
ধ্ব্য	1	5
বু্ন্দি	1	7
ব্ৰ্ক্ষ	1	7
ৰ্চ্চে	1	6
থাু	1	3
ৰাু	1	3
ব্ৰ্হ্মা	1	8
খ্ৱো	1	4
ষ্যঃ	1	4
স্ট্ৰ	1	5
ত্ত্তি	1	6
ষ্পাং	1	5
হ্ণ্য	1	5
ম্পুং	1	5
ভংং	1	3
স্ত্ৰীং	1	7
ল্হ	1	3
ৰ্মাং	1	5
ৰ্য্ত	1	5
তে়	1	3
কীি	1	3
দ্দাং	1	5
ব্জো	1	4
দ্ৰ্য়	1	6
শ্ত্ৰ	1	5
খ্ভ	1	3
ৰ্দং	1	4
ৰ্চ্ছি	1	6
ফ্থা	1	4
শৃৃং	1	4
ত্ট	1	3
ম্ৰী	1	4
টৌং	1	3
ত্ৰ্যে	1	6
নৌং	1	3
হ্পা	1	4
ছিঃ	1	3
ল্ড্ৰি	1	6
ৰুূ	1	3
ন্থ্ৰি	1	6
িঁ	1	2
ব্ছে	1	4
শ্ব্ৰা	1	6
পিে	1	3
ৰ্দ্বি	1	6
ৰীি	1	3
মু্ক	1	4
ড্জো	1	4
ড্ড্ৰু	1	6
শ্পি	1	4
ৰ্ণ্যি	1	6
˹	1	1
খ্ৱা	1	4
কৃ্ত্ৰি	1	7
চা্না	1	5
হা়ি	1	4
োি	1	2
ছীং	1	3
ৰ্চাঃ	1	5
কা্	1	3
ল্াব	1	4
ন্দ্ৰঃ	1	6
ব্ৰুা	1	5
চ্স	1	3
স্ক্ৱা	1	6
ষ্ট্ৰ্ম	1	7
স্ৱা	1	4
ডা়	1	3
ন়়	1	3
প্ৰুুুুুু	1	9
প্ৰুুুুু	1	8
ইংে	1	3
লিংে	1	4
গ্ঝো	1	4
গ্সা	1	4
গ্সু	1	4
দ্জি	1	4
দ্ব্যিং	1	7
ব্ক্রা	1	6
ব্ঝা	1	4
ব্শে	1	4
ব্সা	1	4
ম্খ্যে	1	6
ম্গো	1	4
ম্ত্শা	1	6
স্পুং	1	5
খ্রো	1	4
ৰ্সূ	1	4
র্যং	1	4
গ্টু	1	4
ব্স্কি	1	6
ঞ্গ	1	3
ঙ্ঙ	1	3
খ্ঙ	1	3
খ্গ	1	3
খ্ঘ	1	3
চ্ঘ	1	3
সৄ	1	2
হৄ	1	2
ঢৄ	1	2
লৄ	1	2
ৢ	1	1
ঞূ	1	2
ঢৃ	1	2
ঞ্ঘ	1	3
চ্গ	1	3
ঞৄ	1	2
ধৄ	1	2
ছ্গ	1	3
গ্ক	1	3
ঝৄ	1	2
গ্ঙ	1	3
চৄ	1	2
ছ্ঘ	1	3
ছ্খ	1	3
চ্খ	1	3
জ্খ	1	3
পৄ	1	2
গ্ঘ	1	3
ক্ঘ	1	3
ষৃ	1	2
টৄ	1	2
ঠৄ	1	2
ঝ্ঘ	1	3
ঝৈ	1	2
ঞৃ	1	2
জ্ঘ	1	3
ঞ্ঙ	1	3
খ্ক	1	3
ঘ্খ	1	3
ঞ্খ	1	3
ঠূ	1	2
ষৈ	1	2
খ্খ	1	3
জ্গ	1	3
ভৄ	1	2
ঝ্গ	1	3
যৄ	1	2
গ্খ	1	3
থৄ	1	2
ণৄ	1	2
ঝ্ক	1	3
চ্ঙ	1	3
ঙৄ	1	2
শৄ	1	2
ষৄ	1	2
জৄ	1	2
জ্ঙ	1	3
ঞী	1	2
ৣ	1	1
নৄ	1	2
ছৄ	1	2
ঝ্খ	1	3
খৄ	1	2
ঝৃ	1	2
ঘ্ঙ	1	3
ঘ্গ	1	3
ঘ্ঘ	1	3
ফৄ	1	2
ডৄ	1	2
ঞৈ	1	2
ক্ঙ	1	3
ঝ্ঙ	1	3
ছ্ঙ	1	3
ঘ্ক	1	3
গ্র্বা	1	6
ব্স্দু	1	6
ল্চাং	1	5
ল্চো	1	4
স্দে	1	4
রো	1	3
দ্যো	1	5
যো	1	3
জো	1	3
লো	1	3
ড়্গ	1	3
ছো	1	3
টো	1	3
য়ু	1	2
ফো	1	3
তো	1	3
য়ং	1	2
