າ	246258	1
ນ	224742	1
ງ	136166	1
ະ	135589	1
ເ	123784	1
ດ	108440	1
ກ	99801	1
ອ	92128	1
ວ	62898	1
ມ	62592	1
ແ	61284	1
ລ	56527	1
ສ	54081	1
ຍ	45577	1
ບ	42543	1
ປ	33285	1
ໃ	32259	1
ໄ	31743	1
ທ	31673	1
ພ	26499	1
ຫ	24808	1
ຂ	24196	1
ໂ	22563	1
ຄ	22030	1
ຊ	21267	1
ທີ່	17935	3
ຕ	16333	1
ປັ	14754	2
ຈ	14724	1
ຽ	14297	1
ວັ	13296	2
ມີ	13224	2
ດ້	12980	2
ກັ	9257	2
ລັ	9225	2
ຮ	8835	1
ຣ	8228	1
ຖ	7540	1
ມ່	7353	2
ວ່	7280	2
ຄົ	6914	2
ປີ	6779	2
ສັ	6327	2
ລິ	6307	2
ມື	6265	2
ຈັ	6114	2
ວິ	6106	2
ຕ່	6029	2
ຮັ	5812	2
ຫຼ	5236	2
ຕິ	5160	2
ຢູ່	5103	3
ຫ້	5095	2
ທິ	5043	2
ບັ	5038	2
­	5028	1
.	5001	1
ສຸ	4851	2
ທີ	4748	2
ພັ	4704	2
ຕີ	4664	2
ນັ	4613	2
ທັ	4599	2
ກິ	4386	2
ມັ	4329	2
ສົ	4254	2
ອັ	4207	2
ມິ	4186	2
ຜູ້	4123	3
ຕົ	4096	2
ຊີ	4013	2
ສິ	4006	2
ດັ	3913	2
ດີ	3867	2
ກ່	3847	2
ທ່	3838	2
ລີ	3807	2
ບໍ່	3797	3
ອິ	3657	2
ອີ	3573	2
ອົ	3572	2
ລົ	3485	2
ບ້	3416	2
ນີ້	3394	3
ກົ	3358	2
ຊົ	3324	2
ລ້	3321	2
ນິ	3303	2
ສີ	3294	2
ໝ	3291	1
ຕ້	3254	2
ຊ້	3247	2
ຕັ້	3207	3
ຂົ້	3201	3
ໆ	3196	1
ນີ	3184	2
ບໍ	3043	2
ບຸ	3034	2
ຫຼື	3023	3
ຊື່	2996	3
ຈົ້	2994	3
ກຳ	2985	2
ນັ້	2926	3
ກໍ	2767	2
ພິ	2765	2
ຄຳ	2751	2
ບົ	2720	2
ສ່	2718	2
ຕໍ່	2716	3
ໜ	2703	1
ຖິ	2684	2
ທຳ	2672	2
ຖື	2670	2
ຟ	2646	1
ກີ	2633	2
ຊັ	2628	2
ຍັ	2591	2
ສຳ	2523	2
ຄື	2480	2
ຊິ່	2406	3
ຫ່	2380	2
ນ້ຳ	2375	3
ສ້	2238	2
ອ້	2234	2
ຍ່	2211	2
ສູ	2203	2
ຂຶ້	2108	3
ຢ່	2069	2
ຈຳ	2044	2
ຜ	2033	1
ຍົ	1982	2
ດິ	1963	2
ກ້	1946	2
ອື່	1935	3
ພົ	1910	2
ກຸ	1910	2
ຈຸ	1907	2
ຣິ	1896	2
ຊິ	1891	2
ປ່	1858	2
ພື່	1856	3
ໜ້	1843	2
ມື່	1813	3
ນ້	1788	2
ພູ	1767	2
ທຸ	1767	2
ຫຼັ	1754	3
ວົ	1740	2
ຮ້	1729	2
ຮ່	1724	2
ກໍ່	1721	3
ຣ໌	1718	2
ທ້	1702	2
ມູ	1698	2
ນຳ	1696	2
ທົ່	1671	3
ຂໍ້	1656	3
ອຸ	1636	2
ຮູ	1615	2
ຫັ	1598	2
ວີ	1595	2
ຍຸ	1586	2
ຕຳ	1583	2
ລື	1581	2
ໜຶ່	1556	3
ຕົ້	1555	3
ຂົ	1549	2
ຈິ	1547	2
ຊ່	1537	2
ຜົ	1536	2
ມົ	1534	2
ຄ້	1527	2
ຄັ	1522	2
ຊຸ	1485	2
ຢ	1477	1
ປົ	1470	2
ນຸ	1462	2
ຈີ	1433	2
ຫົ	1431	2
ມ້	1419	2
ບ່	1415	2
ຜ່	1394	2
ຈົ	1380	2
ສັ້	1374	3
ວ້	1362	2
ຂ້	1361	2
ຊັ່	1335	3
ຕັ	1328	2
ບູ	1312	2
-	1270	1
ຄື່	1264	3
ດື	1251	2
ດັ່	1235	3
ທົ	1187	2
ດົ	1185	2
ສຶ	1175	2
ຄັ້	1153	3
ຟ້	1136	2
ຫຼ່	1131	3
ຮື	1105	2
ພື້	1101	3
ໜື	1095	2
ອຳ	1083	2
ລູ	1082	2
ນົ	1068	2
ພຸ	1065	2
ໜ່	1056	2
ບິ	1015	2
ຣັ	1014	2
ຮູ້	992	3
ຮົ	983	2
ງິ	959	2
ພີ	937	2
ຄຸ	932	2
ພີ່	900	3
ຂ່	897	2
ໜົ	888	2
ຂັ	887	2
ຍິ	882	2
ງົ	880	2
ຝ	875	1
ຣົ	874	2
ຄິ	872	2
ດຳ	869	2
ລຳ	852	2
ລ່	852	2
ບີ	850	2
ສິ່	841	3
ດູ	823	2
ຣີ	818	2
ຄ່	818	2
ໝ່	805	2
ໝົ	788	2
ສົ່	776	3
ກຸ່	741	3
ອີ້	739	3
ລື່	736	3
ຈຶ່	731	3
ຊື້	727	3
ພ້	726	2
ຍ້	726	2
ປິ	718	2
ຕຸ	716	2
1	714	1
ຖ້	666	2
ມຸ	661	2
ຖຸ	635	2
ສື	634	2
ຄົ້	631	3
ລຸ	630	2
ອ່	620	2
ຜົ່	614	3
ຂຸ	614	2
ໜັ	612	2
ທຶ	610	2
ສໍ	605	2
ຊັ້	586	3
ຄີ	582	2
ຕູ	572	2
ລີ່	569	3
ປູ	559	2
ຢູ	544	2
ນຶ່	540	3
ພຶ	539	2
0	539	1
ທໍ	530	2
ປ້	525	2
2	514	1
,	511	1
ສ໌	506	2
ຫີ	500	2
ຊູ	500	2
ວົ້	499	3
ມື້	484	3
ສູ່	480	3
(	476	1
ຣັ່	474	3
ບິ່	457	3
ຊຶ່	457	3
”	455	1
ນື້	446	3
“	443	1
ໝູ່	434	3
໑	425	1
ຄູ	419	2
ວໍ	419	2
ພໍ່	412	3
ຜິ	411	2
ກົ່	403	3
ຂື້	400	3
ນໍ້	394	3
ຈໍ	393	2
ນື່	392	3
ຫຼີ	383	3
ຄໍ	378	2
ປຸ	373	2
ປຸ່	368	3
ດຸ	367	2
ນໍ	365	2
ຮິ	365	2
ຂັ້	364	3
ຜີ	364	2
ກູ	364	2
ຜັ	363	2
ກົ້	355	3
ນູ	352	2
ດ່	351	2
ຈ້	349	2
ຕື່	342	3
ຖິ່	328	3
ຊຶ	325	2
ສີ່	321	3
ຍີ່	320	3
ທື່	311	3
ງ່	306	2
ພໍ	306	2
ນ່	305	2
ຊົ່	305	3
ຝັ່	301	3
ຖ້ຳ	297	3
ຄູ່	295	3
ຖີ	294	2
ພິ່	289	3
ໜີ	288	2
໒	286	1
ຫໍ	284	2
ລື້	281	3
ຟິ	280	2
ສື່	278	3
ຝ່	277	2
3	274	1
ຂໍ	273	2
ໝຸ	270	2
9	269	1
ຈ່	269	2
ລໍ	266	2
5	259	1
ຕໍ	254	2
ຂື່	252	3
ໝໍ	250	2
ຖົ	250	2
ຫິ	243	2
ຕີ້	242	3
ຈຶ	241	2
ຟີ	241	2
/	239	1
໐	238	1
ອໍ	237	2
ຮີ	237	2
ກື	234	2
ມໍ	233	2
ຣູ	233	2
ທູ	233	2
ຕ໌	230	2
ລັ່	229	3
ຟັ	226	2
ສູ້	226	3
ໜູ	226	2
ຫຼົ່	223	4
ຍິ່	221	3
ຢັ	220	2
ລຸ່	219	3
ຖ່	217	2
ຫຼຸ	215	3
ຯ	213	1
ຍູ	212	2
4	211	1
ອູ	211	2
ສິ້	209	3
ຜ້	207	2
ຊ໌	205	2
ສັ່	203	3
ປື	203	2
ຊີ້	202	3
ຈິ່	201	3
ນື	201	2
ຄຸ້	199	3
ຫຼິ້	199	4
ຍ໌	198	2
ວຸ	195	2
ລິ້	192	3
໔	190	1
໙	190	1
ບື້	189	3
ຣຸ	186	2
໓	185	1
ຫຼົ	185	3
ລົ່	183	3
ພ່	182	2
ລຶ	182	2
໕	179	1
6	178	1
ຍື	177	2
ຢ້	177	2
ຊຳ	176	2
7	176	1
8	176	1
ຝົ	175	2
ດໍ	174	2
ລຸ້	169	3
ທ໌	168	2
ພື	166	2
ນັ່	165	3
ຈູ	163	2
ຄ໌	160	2
ທັ່	159	3
ໝີ	157	2
ລີ້	156	3
ຮຸ	155	2
ຢື	155	2
ທັ້	150	3
ວັ້	145	3
ຍໍ້	140	3
ດຶ	137	2
ດື່	136	3
ຊີ່	136	3
ຍຶ	134	2
ດ໌	131	2
ລົ້	130	3
ບັ້	128	3
໗	127	1
ນຸ່	125	3
ກິ່	125	3
ຟູ	123	2
ຕ່ຳ	123	3
ລິ່	123	3
ໝັ້	122	3
ຝັ	121	2
ຕື້	121	3
ອິ້	121	3
ຫຼີ້	121	4
)	120	1
ຕຶ	119	2
ປົ້	118	3
ງື່	117	3
ຂີ້	117	3
:	117	1
ຢິ	117	2
໖	116	1
ຊົ້	116	3
ບຳ	116	2
ຄິ່	115	3
ລ໌	113	2
ສົ້	113	3
ນຶ	112	2
ທຸ່	109	3
ຮຸ່	108	3
ມູ່	107	3
ນ໌	103	2
ປໍ	102	2
ໝື	101	2
ທື	98	2
ຖັ	97	2
ກູ້	94	3
ປຶ	91	2
ໜຸ່	91	3
ຫູ	91	2
ຫຸ້	91	3
ບຶ	91	2
໘	90	1
ໝູ	90	2
ປຶ້	90	3
ຢຸ	90	2
ຈື່	90	3
ມົ້	89	3
ສື້	89	3
ຄ່ຳ	89	3
ປັ່	88	3
ຈີ່	88	3
ຝຶ	87	2
ໝັ	87	2
ຄຶ	87	2
ຂິ	85	2
ຫຸ	83	2
ພົ້	80	3
ຕູ້	80	3
ຣ່	80	2
ປື້	79	3
ໜີ້	79	3
ນ້ໍ	79	3
ອື້	78	3
"	77	1
ຜູ	77	2
ກຶ	77	2
ຫຼ້	76	3
ບ້ຳ	76	3
ຜື	75	2
ປົ່	75	3
ຟຸ	75	2
ຍີ	74	2
ງັ	74	2
ໜື່	74	3
ຖຶ	74	2
ຟື້	73	3
ຂີ່	73	3
ຈື	73	2
ຂີ	71	2
ອຸ່	71	3
າໍ	71	2
ຜົ້	70	3
ອຶ	70	2
ດັ້	70	3
ມຸ່	69	3
ໜຸ	69	2
ຊໍ	68	2
ຈົ່	68	3
ຢີ	67	2
ຮົ່	66	3
ງີ	66	2
ຳ	65	1
ຜູ່	64	3
ໝ່ຳ	64	3
ຖົ້	63	3
ມັ່	63	3
ບີ້	63	3
ຕຸ່	63	3
ພໍ້	61	3
ປີ້	60	3
ກຸ້	60	3
ຫຼົ້	60	4
ລໍ່	59	3
…	59	1
ທໍ່	58	3
ປູ່	58	3
ຊື	57	2
ຫຸ່	57	3
ຂ໌	57	2
ຖິ້	56	3
ປິ່	56	3
ຮຸ້	56	3
ຟີ້	56	3
ຄື້	56	3
ຍື່	56	3
ໝື່	55	3
ຮັ່	55	3
ອີ່	55	3
ຕຸ້	55	3
ຍິ້	55	3
ຈ໊	55	2
ມີ້	53	3
ໝ້	53	2
ຮຳ	53	2
ຢັ້	51	3
ປຸ້	50	3
ບົ່	50	3
ຖົ່	50	3
ຣື	50	2
ກັ່	49	3
ຝູ	49	2
ດີ່	49	3
ກີ້	48	3
ກ໊	48	2
ວັ່	47	3
ກັ້	46	3
ບີ່	46	3
ໜິ	45	2
ນຳ້	45	3
ວ໌	45	2
ຟໍ	45	2
ດີ້	44	3
ຫໍ້	43	3
ຫໍ່	43	3
ປັ້	43	3
ຣຶ	43	2
ຄັ່	42	3
ຝີ	42	2
ຖີ່	42	3
ຊິ້	42	3
ໜໍ່	42	3
ອູ່	42	3
ມັ້	41	3
ປ໌	41	2
ງຸ່	40	3
ຜຸ	40	2
[	40	1
ດູ່	39	3
ຫົ່	39	3
ຍໍ	38	2
ຊ້ຳ	38	3
ຟື	38	2
ຕື	38	2
ຢີ່	38	3
ກຼ	37	2
ຈັ່	37	3
–	37	1
ຍູ້	36	3
ໝໍ້	36	3
ຫື	36	2
ພີ້	36	3
ງື	36	2
ບູ່	36	3
²	35	1
ຖູ	35	2
ຫຼໍ່	35	4
ຕົ່	35	3
ນິ້	34	3
ນີ່	34	3
ຂົ່	33	3
ຢົ	33	2
ຣື່	33	3
ວູ	33	2
ຣ້	33	2
ຈິ໋	33	3
ຖໍ້	32	3
ຝິ	31	2
ທ່ີ	31	3
ຈົ໊	31	3
ຕິ່	30	3
ບື	30	2
ຣຳ	30	2
ຜິ້	30	3
ປຼ	29	2
ຊຸ່	29	3
ຝ້	29	2
ສ່ຳ	29	3
ວຶ	29	2
ຝຸ່	28	3
ຄໍ້	28	3
ຮົ້	27	3
ມຶ	27	2
ໝິ	27	2
ຝົ້	27	3
ໜໍ	27	2
ຫຼີ່	27	4
ຈີ້	27	3
ຍຸ້	26	3
ຊໍ່	26	3
ຊໍ້	26	3
ງິ້	26	3
ກ໌	25	2
ອຸ້	25	3
ຟ່	25	2
ກີ່	24	3
ງ້	24	2
ຮໍ	24	2
ຈ໌	24	2
ຜີ້	24	3
ກິ້	24	3
ບິ໊	24	3
ງູ	23	2
ມຸ້	23	3
ຮື່	23	3
ຫຼິ	23	3
ກຶ່	23	3
ກຼ່	23	3
ລໍ້	22	3
ຄໍ່	22	3
ຣີ່	22	3
ຂື	21	2
ຢຶ	21	2
ອູ້	21	3
ນຸ້	21	3
ຈິ້	21	3
ໝັ່	20	3
ຊ່ິ	20	3
ປື່	20	3
ຫ໌	20	2
ຽ່	20	2
ພຸ່	20	3
ທົ້	20	3
ທີ້	20	3
ທຸ້	19	3
ມິ່	19	3
ຖຳ	19	2
ຫຼື້	18	4
ອິ່	18	3
ອົ້	18	3
ຟົ	18	2
ຄູ້	18	3
ຕິ້	18	3
↑	18	1
ຮື້	17	3
ວຸ່	17	3
ສໍ້	17	3
ຕັ່	17	3
ຍື້	17	3
ຍຸ່	17	3
ກື້	17	3
ພຶ່	17	3
ພົ່	17	3
	17	1
ຂູ່	16	3
ປິ້	16	3
ຂ້ໍ	16	3
ຟ໌	16	2
ປີ່	16	3
ມີ່	16	3
ຢັ່	16	3
ພູ່	16	3
ທິ້	16	3
ຕູ່	16	3
ຕ່ໍ	15	3
້	15	1
ທໍ້	15	3
ດຸ່	15	3
ຫັ້	15	3
ຂູ	15	2
ຄຼ	15	2
ວີ່	15	3
ນ໋	15	2
]	15	1
ບິ້	15	3
ອໍ້	14	3
ພຼ	14	2
ຫຼັ້	14	4
ອື	14	2
=	14	1
¬	14	1
ມໍ້	14	3
ຂຳ	14	2
ລ້ຳ	13	3
_	13	1
ລັ້	13	3
ພ່ື	13	3
ຮຶ	13	2
ຣຸ່	13	3
ດິ່	13	3
ຣີ້	13	3
ຫິ້	13	3
ຊຶ້	13	3
ດິ້	13	3
ຜິ່	13	3
ຖື່	12	3
ຊູ້	12	3
ຄີ່	12	3
ບົ້	12	3
ຮໍ່	12	3
ຫຼຶ	12	3
ອ໊	12	2
ອັ່	12	3
ໝິ່	11	3
+	11	1
ກ໋	11	2
ຫຼັ່	11	4
ດ໋	11	2
>	11	1
ປ໋	11	2
ທິ່	11	3
ຊຸ້	11	3
ພ໌	11	2
ຍູ່	11	3
ພ່ິ	11	3
ຄ້ຳ	11	3
ມ໌	11	2
’	11	1
ສໍ່	11	3
ຕຸ໊	11	3
ປ໊	11	2
ຈ໋	11	2
ຕີ່	11	3
ອົ່	11	3
ອ໋	11	2
ຄິ້	11	3
ຂຸ້	10	3
ມ່ື	10	3
ພຸ້	10	3
ຝື	10	2
ຊູ່	10	3
ງຳ	10	2
<	10	1
%	10	1
（	10	1
）	10	1
ພຳ	10	2
ຮັ້	10	3
ຣໍ	10	2
ຮູ່	10	3
ຟຸ່	10	3
ອີ໋	10	3
ຄີ້	10	3
ຣິ່	10	3
ກຼັ	10	3
ສີ້	9	3
ຢູ້	9	3
ງົ້	9	3
ຍັ່	9	3
ໍ	9	1
ກົ໊	9	3
ຟົ້	9	3
ຈຸ້	9	3
ວຸ້	9	3
໌	9	1
ບື່	9	3
ສຸ່	9	3
	9	1
ຮ໋	9	2
ຊ່ັ	8	3
ຍຳ	8	2
ລ໊	8	2
ຫູ່	8	3
ຫຼູ	8	3
ກູ່	8	3
、	8	1
່	8	1
ຕ໊	8	2
ຕ໋	8	2
ຄົົ	8	3
‘	8	1
ມົ່	8	3
ຍັ້	8	3
ວັັ	8	3
ບັ່	8	3
ນິ່	8	3
ມິ້	8	3
ຮ໌	8	2
ຜຼ້	8	3
ຕັ໊	8	3
ອໍ໋	8	3
ຄຳ້	8	3
ຕຼ	7	2
ກໍ້	7	3
ທີີ່	7	4
ນົ່	7	3
ຟຶ	7	2
ມຶ່	7	3
ບ໋	7	2
ຟັ້	7	3
ຂຸ່	7	3
ປັົ	7	3
ຢຸ່	7	3
ຂິ່	7	3
ດ່ັ	7	3
ຂຶ	7	2
ວິ້	7	3
ໝີ່	7	3
ກ້ຳ	7	3
ຟື່	7	3
ຜຶ້	7	3
ຫຼືໍ	7	4
ໝຶ່	6	3
ໜຶ້	6	3
ໜຶ້່	6	4
|	6	1
ລູ່	6	3
ຕໍ້	6	3
ຮ່ຳ	6	3
ຝິ່	6	3
ໜຶ	6	2
ຄຸ່	6	3
ຖີ້	6	3
ປູ້	6	3
ມໍ່	6	3
ຣ໊	6	2
ັ	6	1
າົ	6	2
ຊ່ື	6	3
ປໍ້	6	3
ຈື້	6	3
າ່	6	2
ອຶ້	6	3
ຂິ້	6	3
ຍີ້	6	3
ທີ່່	6	4
ພັ້	6	3
‚	6	1
ຂຼ	6	2
ຢີ້	6	3
ກິ໊	6	3
ຣິ້	6	3
ທຶ້	6	3
ປີ໋	6	3
ມືໍ່	6	4
ພຼັ	6	3
ຈັ້	5	3
ດົ້	5	3
;	5	1
ງໍ	5	2
ຫື່	5	3
ຫັ່	5	3
ນໍ່	5	3
：	5	1
ງັ້	5	3
ື	5	1
ຕົ໋	5	3
ທູ້	5	3
ໜັ້	5	3
ຍໍ່	5	3
ສິີ	5	3
ດົ່	5	3
ຣູ້	5	3
ພ່ຳ	5	3
ອ່ື	5	3
ວີ້	5	3
ຝັ້	5	3
ປຸ໋	5	3
ໝໍ່	5	3
ຢິ່	5	3
ລຶ່	5	3
ຫຶ	5	2
ປີີ	5	3
!	5	1
ຕີ໋	5	3
ດີ໋	5	3
ຢຸ້	5	3
ຆ	5	1
ຉ	5	1
ຌ	5	1
ຕັັ້	4	4
ສຳ່	4	3
ອັ໋	4	3
ວິ່	4	3
ລັັ	4	3
ຫຼື່	4	4
ຈຶ້	4	3
ງຶ	4	2
ງໍ້	4	3
ຟຶ້	4	3
ູ	4	1
'	4	1
າ້	4	2
ງຸ້	4	3
ມຶ້	4	3
ປົ໋	4	3
ກ່ຳ	4	3
ລ່ຳ	4	3
	4	1
ຫຼືຶ	4	4
ສຶ້	4	3
ກົ໋	4	3
ຽ້	4	2
ກໍໍ	4	3
ຂໍ່	4	3
ຕຶ້	4	3
ກໍໍ່	4	4
ຕຳ່	4	3
ຂຶ່	4	3
ກ່ໍ	4	3
ໜ່ຶ	4	3
ອ່ຳ	4	3
ຈຸ່	4	3
ຜຸ້	4	3
ຜື່	4	3
ຫູ້	4	3
ຖ້ໍ	4	3
ຢໍ	4	2
ຄຶ່	4	3
ຖູ່	4	3
ກຼ້	4	3
ຈູ່	4	3
ຕິ໊	4	3
ຄຼິ	4	3
ຣຸ້	4	3
ຣັ້	4	3
ນູ່	4	3
ພິ້	4	3
ຟູ໋	4	3
″	4	1
•	4	1
ະั	4	2
ງີ້	3	3
ງຶ່	3	3
ວ້ຳ	3	3
ຟິ້	3	3
ຟຸ້	3	3
ອຶ່	3	3
ທົ່່	3	4
ສ່ິ	3	3
ຖ໌	3	2
‎	3	1
ວ໊	3	2
ຖຶ່	3	3
ຟຼ	3	2
ງຸ	3	2
ນຶ້	3	3
ກํ	3	2
ທຶ່	3	3
ຝຸ	3	2
・	3	1
ງົ່	3	3
ຖັ່	3	3
ກັ໊	3	3
ອີີ	3	3
ຣ່ັ	3	3
ລ໋	3	2
ັ	3	2
ທີ່ີ	3	4
ບຸຸ	3	3
ອຶ໊	3	3
ກື່	3	3
ຣື້	3	3
ສຸ້	3	3
ປັັ	3	3
ໜັ່	3	3
ບ່ໍ	3	3
ຣ໋	3	2
ຈັ໊	3	3
ຢູູ່	3	4
ຫິ່	3	3
ວໍ້	3	3
ເັ	3	2
ເ້	3	2
ຫຼ່ຳ	3	4
້ໍ	3	2
ເິ	3	2
ຊ້ໍ	3	3
ຫຳ	3	2
ຟູ່	3	3
ຫຼຳ	3	3
ນູ້	3	3
ບູ້	3	3
ຄ່ໍ	3	3
ຮີ້	3	3
ບ໊	3	2
ຖັ້	3	3
ທຸ໊	3	3
ຜຶ	3	2
ຈັ໋	3	3
ຟີ່	3	3
ຖື້	3	3
ຊໍື່	3	4
ຫຼໍື	3	4
ມ໊	3	2
ຊືໍ່	3	4
ຣຸ໊	3	3
ຍຶ້	3	3
ພັັ	3	3
ນັັ	3	3
ບຼ	3	2
ຈ້ຳ	3	3
ຕ້ຳ	3	3
ບຸ໊	3	3
ສີີ	2	3
ສຶ່	2	3
ົ	2	1
ຈົ້້	2	4
ຍຶ່	2	3
ພັ່	2	3
ນີ໊	2	3
ຈູ໋	2	3
ຈໍ້	2	3
ງີ່	2	3
ໜື້	2	3
ຖຸຸ	2	3
´	2	1
ນັ້້	2	4
ີ	2	1
ຈํ	2	2
ຕໍໍ	2	3
ຄືື	2	3
ຂືຶ້	2	4
ພຶ້	2	3
ຈື໋	2	3
ກິ໋	2	3
ຍ່ຳ	2	3
ຈັັ	2	3
ຍົ່	2	3
ໝຶ	2	2
ປັ໊	2	3
ທ່ົ	2	3
ໝຸ່	2	3
ຢຼ່	2	3
ຣຶ່	2	3
ດໍ່	2	3
ພື້້	2	4
ບຸ້	2	3
ຖ້ິ	2	3
ບ້ັ້	2	4
ຜຳ	2	2
ງູ່	2	3
ກີ໊	2	3
ວ໋	2	2
ນຸຸ	2	3
ເື	2	2
ວ່ຳ	2	3
ມ່ຳ	2	3
ິ່	2	2
ໝົ່	2	3
ດຼ	2	2
ຢ໋	2	2
ບຼິ	2	3
ຫີ່	2	3
ກ່ົ	2	3
ມືຶ	2	3
ຫຼ່ື	2	4
ຜື້	2	3
ພ່ີ	2	3
ດ່ື	2	3
ຜີ່	2	3
ຄື່່	2	4
ບໍ່ໍ	2	4
ບ໌	2	2
ທື້	2	3
ຈໍຳ	2	3
ຢ່ັ	2	3
ດຶ່	2	3
ເໍ	2	2
ະົ	2	2
ຄຼີ	2	3
ລ່ື	2	3
ມີີ	2	3
ຄົ່	2	3
ຫຼິ່	2	4
ທູ່	2	3
—	2	1
ແ້	2	2
ຈຸ໋	2	3
ຕິ໌	2	3
ມິີ	2	3
ຽ໌	2	2
ຕິ໋	2	3
ກ໊ຳ	2	3
ຕັ໋	2	3
ກູ໊	2	3
ດືຶ	2	3
ກຸົ່	2	4
ຫຼັັ	2	4
ຍົ້	2	3
ມູ້	2	3
ປ້ຳ	2	3
ພ່ື່	2	4
ອຸ໋	2	3
ຜັ່	2	3
ຫຼີົ	2	4
ບຶ໊	2	3
ສຸົ	2	3
ຄົໍ	2	3
ຍິິ້	2	4
ວົ່	2	3
ຕີົ້	2	4
ລ້ໍ	2	3
ບູ໊	2	3
™	2	1
ຄືໍ່	2	4
ອູ໋	2	3
ກຸ໊	2	3
ຕຼໍ	2	3
ຟູ້	2	3
ວູ້	2	3
ລຶ້	2	3
ລົົ	2	3
ຊ໋	2	2
ກ່ໍ່	2	4
າໍ້	2	3
ຢື່	2	3
ຜູ໋	2	3
ມຳ	2	2
ອິ໋	2	3
ຈີ໊	2	3
ຂັ່	2	3
ບຸ໋	2	3
ຈູ້	2	3
ປຶ່	2	3
ວື	2	2
ວັັັັ	1	5
ລີີີ	1	4
ຕັັ້ັັ້	1	7
ວົົ	1	3
ຫຼຼັ	1	4
ຫ້ໍ	1	3
ຕໍ່ົ	1	4
ຮຼ້	1	3
ຕຼັ	1	3
ລືື	1	3
ຂຶ້ື້	1	5
ສິ່ໍ	1	4
ຫຼືື	1	4
ງຸຸ່	1	4
ໃຳ	1	2
ວຳ	1	2
າຳ	1	2
ພ່່	1	3
ຟ້້	1	3
ຂົົ	1	3
ມຶື	1	3
ບິ່່	1	4
ຕັັ	1	3
ຖືື	1	3
ນື່່	1	4
ອີ້້	1	4
ຫືຼ	1	3
ຊື້້	1	4
ຫຸຸ	1	3
ນີ້້	1	4
ຟຼໍ່	1	4
ຕົ້້	1	4
ກ່ັ	1	3
ຟຼີ	1	3
ສຸຸ	1	3
ໜູ່	1	3
ບູຸ	1	3
າົ້	1	3
ນິຶ້	1	4
ເີ	1	2
ຊํ	1	2
ພື່ຶ	1	4
ດົົົ	1	4
ຊ້ີ	1	3
ວຼ	1	2
ຮັັ	1	3
ບິັ	1	3
ຂຶຶ້	1	4
ຕํ	1	2
ຂ້ຶ	1	3
໊	1	1
໋	1	1
ວໍ່	1	3
ຍືື	1	3
ພືື້	1	4
ພື່ື	1	4
ຊື່້	1	4
ລີື້	1	4
ຂຶ້້	1	4
ພີື່	1	4
ກິິ່	1	4
ົ້	1	2
ກຼົ້	1	4
ອື້້	1	4
*	1	1
ປ່ຳ	1	3
ດ໊	1	2
.ໍ	1	2
ຊ້້	1	3
ຂໍໍ້	1	4
ຄີີ	1	3
ນັັ້	1	4
ງ໌	1	2
ຊັັ	1	3
ຕິິ	1	3
ຮິ້	1	3
ິ	1	1
ຣັ່່	1	4
່	1	2
	1	1
ຄີື່	1	4
ມຼ	1	2
)ຶ	1	2
ລໍໍ່	1	4
ນັ້ັ້	1	5
ຈີີ໊	1	4
ຕໍ່່	1	4
ປິຶ	1	3
ຖຸິ	1	3
ຣິ໌	1	3
ທ່່	1	3
ຢຳ	1	2
ຕ່ໍ່	1	4
ຮຼ	1	2
‪	1	1
‬	1	1
ຕຼີ	1	3
ພືື	1	3
ບ້ັ	1	3
ທ້ຳ	1	3
ພູູ	1	3
ບໍຳ	1	3
ື	1	2
ພືໍ	1	3
ກົ້່	1	4
ສ້ິ້	1	4
ອຸຸ	1	3
ຖ້້ຳ	1	4
ບ້້	1	3
ບໍໍ່	1	4
ຂ່ຳ	1	3
ຮິ່	1	3
ງाँ	1	3
ຫົ້ຼ	1	4
2ໍ	1	2
ຂຸຸ	1	3
ປຼິ	1	3
ຊືຶ່	1	4
ພື້່	1	4
ໜ້່	1	3
ອ້ີ	1	3
ກົົ	1	3
ກ່ິ	1	3
ຈ່ຶ	1	3
ຜ່ົ	1	3
ອິ້ີ້	1	5
ຄ່ື	1	3
ນ່ັ	1	3
ຂັົ້	1	4
ຕໍໍ່	1	4
ອົົ	1	3
ຂົ້ົ້ົ້	1	7
ທື່ຶ	1	4
ະ່	1	2
ປົ້້	1	4
ຊື້່	1	4
ຮຳ່	1	3
ໃໍ້	1	3
ດັັ	1	3
ຮ່ົຳ	1	4
ທີ່ໍ	1	4
ທີີ	1	3
ອີ້ິ້	1	5
ຮຸຸ	1	3
ຮຼີ	1	3
ພ້ຳ	1	3
ຟ໊	1	2
ຊ้	1	2
ເື່	1	3
ຈໍ່	1	3
້ຳ	1	2
ເໍື່	1	4
ຮໍ້	1	3
ມ້່	1	3
ພໍ່່	1	4
ຊື່່	1	4
ຂົ້່	1	4
າ່້	1	3
ລື້້	1	4
ປືື້	1	4
ຊ໊	1	2
ກິິ	1	3
ທ່ີ່	1	4
ສື້້	1	4
ນ່ຶ່	1	4
ໜີີ້	1	4
ຜ່ື	1	3
ຊື່ຶ	1	4
ສັັ້	1	4
¡	1	1
¾	1	1
ຫຼຳ່	1	4
ໜູູ	1	3
，	1	1
。	1	1
←	1	1
→	1	1
ປ໊໊	1	3
ສ້ຳ	1	3
ພຼູ	1	3
ໝ໋	1	2
.ຳ	1	2
‏	1	1
ຫຼຸ່	1	4
ມື່ຶ	1	4
ສຼ	1	2
ພ໊	1	2
ປິີ	1	3
ໝົ້	1	3
ສີິ	1	3
ມືຶ້	1	4
ມັິ່	1	4
ກໍ່ໍ	1	4
ສິີ່	1	4
ຊ່ີ່	1	4
ບໍໍ	1	3
ວ້້	1	3
ບໍ່່	1	4
ທີ່ິ່	1	5
ບໍ່ໍ່	1	5
ຄັ້້	1	4
ຂົົ້	1	4
ອ່ື່	1	4
ຊົ້່	1	4
ໝື້	1	3
ີ້	1	2
ໜ່ຳ	1	3
ທິ໌	1	3
ຮຶ່	1	3
ລິິ	1	3
ນືຳ	1	3
ນ໊	1	2
ສືໍ່	1	4
ນືໍ່	1	4
ຂື່ໍ	1	4
ມືໍ	1	3
ໜື່ໍ	1	4
ພືໍ່	1	4
3ຼ	1	2
ຍັັ	1	3
ດິ໌	1	3
ກຸົ	1	3
ປົົົົົົົົ	1	9
ຕົົ	1	3
»	1	1
«	1	1
ມືໍ່່	1	5
ພື່໋	1	4
ຈຸົ	1	3
#	1	1
ກິີ	1	3
ສຼີ	1	3
ມ໊ໍ່	1	4
ຝຼັ່	1	4
ວ່່	1	3
ຄ໋	1	2
ໝຳ່	1	3
ບຼັ	1	3
ຕໍໍໍ່	1	5
ຟຼັ	1	3
ຟຼິ	1	3
ພື່ີ	1	4
ທ່ໍ	1	3
ຕ່່	1	3
ງໍີ້	1	4
ຫຼຶື	1	4
ອື່່	1	4
−	1	1
ບູູູູ	1	5
ມັັ	1	3
℔	1	1
"ົ	1	2
ໃ່	1	2
ຈີຶ່	1	4
ຊ່້	1	3
ຮ່້	1	3
ຕີີ	1	3
ຼື	1	2
ທຼີ	1	3
ໜຳ	1	2
§	1	1
ອ໌	1	2
ກຼີ	1	3
ມືື	1	3
ກຼິ	1	3
ລຸູ	1	3
ວີີ	1	3
ພ່ໍ	1	3
ກັ໋	1	3
ກີ໋	1	3
ກຶ້	1	3
ກຶ໊	1	3
ກຶ໋	1	3
ກື໊	1	3
ກື໋	1	3
ກຸ໋	1	3
ກູ໋	1	3
ໞ	1	1
ໟ	1	1
ຂັ໊	1	3
ຂັ໋	1	3
ຂິ໊	1	3
ຂິ໋	1	3
ຂີ໊	1	3
ຂີ໋	1	3
ຂຶ໊	1	3
ຂຶ໋	1	3
ຂື໊	1	3
ຂື໋	1	3
ຂຸ໊	1	3
ຂຸ໋	1	3
ຂູ້	1	3
ຂູ໊	1	3
ຂູ໋	1	3
ຂົ໊	1	3
ຂົ໋	1	3
ຄັ໊	1	3
ຄັ໋	1	3
ຄິ໊	1	3
ຄິ໋	1	3
ຄີ໊	1	3
ຄີ໋	1	3
ຄຶ້	1	3
ຄຶ໊	1	3
ຄຶ໋	1	3
ຄື໊	1	3
ຄື໋	1	3
ຄຸ໊	1	3
ຄຸ໋	1	3
ຄູ໊	1	3
ຄູ໋	1	3
ຄົ໊	1	3
ຄົ໋	1	3
ຆັ	1	2
ຆັ່	1	3
ຆັ້	1	3
ຆັ໊	1	3
ຆັ໋	1	3
ຆິ	1	2
ຆິ່	1	3
ຆິ້	1	3
ຆິ໊	1	3
ຆິ໋	1	3
ຆີ	1	2
ຆີ່	1	3
ຆີ້	1	3
ຆີ໊	1	3
ຆີ໋	1	3
ຆຶ	1	2
ຆຶ່	1	3
ຆຶ້	1	3
ຆຶ໊	1	3
ຆຶ໋	1	3
ຆື	1	2
ຆື່	1	3
ຆື້	1	3
ຆື໊	1	3
ຆື໋	1	3
ຆຸ	1	2
ຆຸ່	1	3
ຆຸ້	1	3
ຆຸ໊	1	3
ຆຸ໋	1	3
ຆູ	1	2
ຆູ່	1	3
ຆູ້	1	3
ຆູ໊	1	3
ຆູ໋	1	3
ຆົ	1	2
ຆົ່	1	3
ຆົ້	1	3
ຆົ໊	1	3
ຆົ໋	1	3
ງັ່	1	3
ງັ໊	1	3
ງັ໋	1	3
ງິ່	1	3
ງິ໊	1	3
ງິ໋	1	3
ງີ໊	1	3
ງີ໋	1	3
ງຶ້	1	3
ງຶ໊	1	3
ງຶ໋	1	3
ງື້	1	3
ງື໊	1	3
ງື໋	1	3
ງຸ໊	1	3
ງຸ໋	1	3
ງູ້	1	3
ງູ໊	1	3
ງູ໋	1	3
ງົ໊	1	3
ງົ໋	1	3
ຈິ໊	1	3
ຈີ໋	1	3
ຈຶ໊	1	3
ຈຶ໋	1	3
ຈື໊	1	3
ຈຸ໊	1	3
ຈູ໊	1	3
ຈົ໋	1	3
ຉັ	1	2
ຉັ່	1	3
ຉັ້	1	3
ຉັ໊	1	3
ຉັ໋	1	3
ຉິ	1	2
ຉິ່	1	3
ຉິ້	1	3
ຉິ໊	1	3
ຉິ໋	1	3
ຉີ	1	2
ຉີ່	1	3
ຉີ້	1	3
ຉີ໊	1	3
ຉີ໋	1	3
ຉຶ	1	2
ຉຶ່	1	3
ຉຶ້	1	3
ຉຶ໊	1	3
ຉຶ໋	1	3
ຉື	1	2
ຉື່	1	3
ຉື້	1	3
ຉື໊	1	3
ຉື໋	1	3
ຉຸ	1	2
ຉຸ່	1	3
ຉຸ້	1	3
ຉຸ໊	1	3
ຉຸ໋	1	3
ຉູ	1	2
ຉູ່	1	3
ຉູ້	1	3
ຉູ໊	1	3
ຉູ໋	1	3
ຉົ	1	2
ຉົ່	1	3
ຉົ້	1	3
ຉົ໊	1	3
ຉົ໋	1	3
ຊັ໊	1	3
ຊັ໋	1	3
ຊິ໊	1	3
ຊິ໋	1	3
ຊີ໊	1	3
ຊີ໋	1	3
ຊຶ໊	1	3
ຊຶ໋	1	3
ຊື໊	1	3
ຊື໋	1	3
ຊຸ໊	1	3
ຊຸ໋	1	3
ຊູ໊	1	3
ຊູ໋	1	3
ຊົ໊	1	3
ຊົ໋	1	3
ຌັ	1	2
ຌັ່	1	3
ຌັ້	1	3
ຌັ໊	1	3
ຌັ໋	1	3
ຌິ	1	2
ຌິ່	1	3
ຌິ້	1	3
ຌິ໊	1	3
ຌິ໋	1	3
ຌີ	1	2
ຌີ່	1	3
ຌີ້	1	3
ຌີ໊	1	3
ຌີ໋	1	3
ຌຶ	1	2
ຌຶ່	1	3
ຌຶ້	1	3
ຌຶ໊	1	3
ຌຶ໋	1	3
ຌື	1	2
ຌື່	1	3
ຌື້	1	3
ຌື໊	1	3
ຌື໋	1	3
ຌຸ	1	2
ຌຸ່	1	3
ຌຸ້	1	3
ຌຸ໊	1	3
ຌຸ໋	1	3
ຌູ	1	2
ຌູ່	1	3
ຌູ້	1	3
ຌູ໊	1	3
ຌູ໋	1	3
ຌົ	1	2
ຌົ່	1	3
ຌົ້	1	3
ຌົ໊	1	3
ຌົ໋	1	3
ຍັ໊	1	3
ຍັ໋	1	3
ຍິ໊	1	3
ຍິ໋	1	3
ຍີ໊	1	3
ຍີ໋	1	3
ຍຶ໊	1	3
ຍຶ໋	1	3
ຍື໊	1	3
ຍື໋	1	3
ຍຸ໊	1	3
ຍຸ໋	1	3
ຍູ໊	1	3
ຍູ໋	1	3
ຍົ໊	1	3
ຍົ໋	1	3
ຎັ	1	2
ຎັ່	1	3
ຎັ້	1	3
ຎັ໊	1	3
ຎັ໋	1	3
ຎິ	1	2
ຎິ່	1	3
ຎິ້	1	3
ຎິ໊	1	3
ຎິ໋	1	3
ຎີ	1	2
ຎີ່	1	3
ຎີ້	1	3
ຎີ໊	1	3
ຎີ໋	1	3
ຎຶ	1	2
ຎຶ່	1	3
ຎຶ້	1	3
ຎຶ໊	1	3
ຎຶ໋	1	3
ຎື	1	2
ຎື່	1	3
ຎື້	1	3
ຎື໊	1	3
ຎື໋	1	3
ຎຸ	1	2
ຎຸ່	1	3
ຎຸ້	1	3
ຎຸ໊	1	3
ຎຸ໋	1	3
ຎູ	1	2
ຎູ່	1	3
ຎູ້	1	3
ຎູ໊	1	3
ຎູ໋	1	3
ຎົ	1	2
ຎົ່	1	3
ຎົ້	1	3
ຎົ໊	1	3
ຎົ໋	1	3
ຏັ	1	2
ຏັ່	1	3
ຏັ້	1	3
ຏັ໊	1	3
ຏັ໋	1	3
ຏິ	1	2
ຏິ່	1	3
ຏິ້	1	3
ຏິ໊	1	3
ຏິ໋	1	3
ຏີ	1	2
ຏີ່	1	3
ຏີ້	1	3
ຏີ໊	1	3
ຏີ໋	1	3
ຏຶ	1	2
ຏຶ່	1	3
ຏຶ້	1	3
ຏຶ໊	1	3
ຏຶ໋	1	3
ຏື	1	2
ຏື່	1	3
ຏື້	1	3
ຏື໊	1	3
ຏື໋	1	3
ຏຸ	1	2
ຏຸ່	1	3
ຏຸ້	1	3
ຏຸ໊	1	3
ຏຸ໋	1	3
ຏູ	1	2
ຏູ່	1	3
ຏູ້	1	3
ຏູ໊	1	3
ຏູ໋	1	3
ຏົ	1	2
ຏົ່	1	3
ຏົ້	1	3
ຏົ໊	1	3
ຏົ໋	1	3
ຐັ	1	2
ຐັ່	1	3
ຐັ້	1	3
ຐັ໊	1	3
ຐັ໋	1	3
ຐິ	1	2
ຐິ່	1	3
ຐິ້	1	3
ຐິ໊	1	3
ຐິ໋	1	3
ຐີ	1	2
ຐີ່	1	3
ຐີ້	1	3
ຐີ໊	1	3
ຐີ໋	1	3
ຐຶ	1	2
ຐຶ່	1	3
ຐຶ້	1	3
ຐຶ໊	1	3
ຐຶ໋	1	3
ຐື	1	2
ຐື່	1	3
ຐື້	1	3
ຐື໊	1	3
ຐື໋	1	3
ຐຸ	1	2
ຐຸ່	1	3
ຐຸ້	1	3
ຐຸ໊	1	3
ຐຸ໋	1	3
ຐູ	1	2
ຐູ່	1	3
ຐູ້	1	3
ຐູ໊	1	3
ຐູ໋	1	3
ຐົ	1	2
ຐົ່	1	3
ຐົ້	1	3
ຐົ໊	1	3
ຐົ໋	1	3
ຑັ	1	2
ຑັ່	1	3
ຑັ້	1	3
ຑັ໊	1	3
ຑັ໋	1	3
ຑິ	1	2
ຑິ່	1	3
ຑິ້	1	3
ຑິ໊	1	3
ຑິ໋	1	3
ຑີ	1	2
ຑີ່	1	3
ຑີ້	1	3
ຑີ໊	1	3
ຑີ໋	1	3
ຑຶ	1	2
ຑຶ່	1	3
ຑຶ້	1	3
ຑຶ໊	1	3
ຑຶ໋	1	3
ຑື	1	2
ຑື່	1	3
ຑື້	1	3
ຑື໊	1	3
ຑື໋	1	3
ຑຸ	1	2
ຑຸ່	1	3
ຑຸ້	1	3
ຑຸ໊	1	3
ຑຸ໋	1	3
ຑູ	1	2
ຑູ່	1	3
ຑູ້	1	3
ຑູ໊	1	3
ຑູ໋	1	3
ຑົ	1	2
ຑົ່	1	3
ຑົ້	1	3
ຑົ໊	1	3
ຑົ໋	1	3
ຒັ	1	2
ຒັ່	1	3
ຒັ້	1	3
ຒັ໊	1	3
ຒັ໋	1	3
ຒິ	1	2
ຒິ່	1	3
ຒິ້	1	3
ຒິ໊	1	3
ຒິ໋	1	3
ຒີ	1	2
ຒີ່	1	3
ຒີ້	1	3
ຒີ໊	1	3
ຒີ໋	1	3
ຒຶ	1	2
ຒຶ່	1	3
ຒຶ້	1	3
ຒຶ໊	1	3
ຒຶ໋	1	3
ຒື	1	2
ຒື່	1	3
ຒື້	1	3
ຒື໊	1	3
ຒື໋	1	3
ຒຸ	1	2
ຒຸ່	1	3
ຒຸ້	1	3
ຒຸ໊	1	3
ຒຸ໋	1	3
ຒູ	1	2
ຒູ່	1	3
ຒູ້	1	3
ຒູ໊	1	3
ຒູ໋	1	3
ຒົ	1	2
ຒົ່	1	3
ຒົ້	1	3
ຒົ໊	1	3
ຒົ໋	1	3
ຓັ	1	2
ຓັ່	1	3
ຓັ້	1	3
ຓັ໊	1	3
ຓັ໋	1	3
ຓິ	1	2
ຓິ່	1	3
ຓິ້	1	3
ຓິ໊	1	3
ຓິ໋	1	3
ຓີ	1	2
ຓີ່	1	3
ຓີ້	1	3
ຓີ໊	1	3
ຓີ໋	1	3
ຓຶ	1	2
ຓຶ່	1	3
ຓຶ້	1	3
ຓຶ໊	1	3
ຓຶ໋	1	3
ຓື	1	2
ຓື່	1	3
ຓື້	1	3
ຓື໊	1	3
ຓື໋	1	3
ຓຸ	1	2
ຓຸ່	1	3
ຓຸ້	1	3
ຓຸ໊	1	3
ຓຸ໋	1	3
ຓູ	1	2
ຓູ່	1	3
ຓູ້	1	3
ຓູ໊	1	3
ຓູ໋	1	3
ຓົ	1	2
ຓົ່	1	3
ຓົ້	1	3
ຓົ໊	1	3
ຓົ໋	1	3
ດັ໊	1	3
ດັ໋	1	3
ດິ໊	1	3
ດິ໋	1	3
ດີ໊	1	3
ດຶ້	1	3
ດຶ໊	1	3
ດຶ໋	1	3
ດື້	1	3
ດື໊	1	3
ດື໋	1	3
ດຸ້	1	3
ດຸ໊	1	3
ດຸ໋	1	3
ດູ້	1	3
ດູ໊	1	3
ດູ໋	1	3
ດົ໊	1	3
ດົ໋	1	3
ຕີ໊	1	3
ຕຶ່	1	3
ຕຶ໊	1	3
ຕຶ໋	1	3
ຕື໊	1	3
ຕື໋	1	3
ຕຸ໋	1	3
ຕູ໊	1	3
ຕູ໋	1	3
ຕົ໊	1	3
ຖັ໊	1	3
ຖັ໋	1	3
ຖິ໊	1	3
ຖິ໋	1	3
ຖີ໊	1	3
ຖີ໋	1	3
ຖຶ້	1	3
ຖຶ໊	1	3
ຖຶ໋	1	3
ຖື໊	1	3
ຖື໋	1	3
ຖຸ່	1	3
ຖຸ້	1	3
ຖຸ໊	1	3
ຖຸ໋	1	3
ຖູ້	1	3
ຖູ໊	1	3
ຖູ໋	1	3
ຖົ໊	1	3
ຖົ໋	1	3
ທັ໊	1	3
ທັ໋	1	3
ທິ໊	1	3
ທິ໋	1	3
ທີ໊	1	3
ທີ໋	1	3
ທຶ໊	1	3
ທຶ໋	1	3
ທື໊	1	3
ທື໋	1	3
ທຸ໋	1	3
ທູ໊	1	3
ທູ໋	1	3
ທົ໊	1	3
ທົ໋	1	3
ຘັ	1	2
ຘັ່	1	3
ຘັ້	1	3
ຘັ໊	1	3
ຘັ໋	1	3
ຘິ	1	2
ຘິ່	1	3
ຘິ້	1	3
ຘິ໊	1	3
ຘິ໋	1	3
ຘີ	1	2
ຘີ່	1	3
ຘີ້	1	3
ຘີ໊	1	3
ຘີ໋	1	3
ຘຶ	1	2
ຘຶ່	1	3
ຘຶ້	1	3
ຘຶ໊	1	3
ຘຶ໋	1	3
ຘື	1	2
ຘື່	1	3
ຘື້	1	3
ຘື໊	1	3
ຘື໋	1	3
ຘຸ	1	2
ຘຸ່	1	3
ຘຸ້	1	3
ຘຸ໊	1	3
ຘຸ໋	1	3
ຘູ	1	2
ຘູ່	1	3
ຘູ້	1	3
ຘູ໊	1	3
ຘູ໋	1	3
ຘົ	1	2
ຘົ່	1	3
ຘົ້	1	3
ຘົ໊	1	3
ຘົ໋	1	3
ນັ໊	1	3
ນັ໋	1	3
ນິ໊	1	3
ນິ໋	1	3
ນີ໋	1	3
ນຶ໊	1	3
ນຶ໋	1	3
ນື໊	1	3
ນື໋	1	3
ນຸ໊	1	3
ນຸ໋	1	3
ນູ໊	1	3
ນູ໋	1	3
ນົ້	1	3
ນົ໊	1	3
ນົ໋	1	3
ບັ໊	1	3
ບັ໋	1	3
ບິ໋	1	3
ບີ໊	1	3
ບີ໋	1	3
ບຶ່	1	3
ບຶ້	1	3
ບຶ໋	1	3
ບື໊	1	3
ບື໋	1	3
ບຸ່	1	3
ບູ໋	1	3
ບົ໊	1	3
ບົ໋	1	3
ປັ໋	1	3
ປິ໊	1	3
ປິ໋	1	3
ປີ໊	1	3
ປຶ໊	1	3
ປຶ໋	1	3
ປື໊	1	3
ປື໋	1	3
ປຸ໊	1	3
ປູ໊	1	3
ປູ໋	1	3
ປົ໊	1	3
ຜັ້	1	3
ຜັ໊	1	3
ຜັ໋	1	3
ຜິ໊	1	3
ຜິ໋	1	3
ຜີ໊	1	3
ຜີ໋	1	3
ຜຶ່	1	3
ຜຶ໊	1	3
ຜຶ໋	1	3
ຜື໊	1	3
ຜື໋	1	3
ຜຸ່	1	3
ຜຸ໊	1	3
ຜຸ໋	1	3
ຜູ໊	1	3
ຜົ໊	1	3
ຜົ໋	1	3
ຝັ໊	1	3
ຝັ໋	1	3
ຝິ້	1	3
ຝິ໊	1	3
ຝິ໋	1	3
ຝີ່	1	3
ຝີ້	1	3
ຝີ໊	1	3
ຝີ໋	1	3
ຝຶ່	1	3
ຝຶ້	1	3
ຝຶ໊	1	3
ຝຶ໋	1	3
ຝື່	1	3
ຝື້	1	3
ຝື໊	1	3
ຝື໋	1	3
ຝຸ້	1	3
ຝຸ໊	1	3
ຝຸ໋	1	3
ຝູ່	1	3
ຝູ້	1	3
ຝູ໊	1	3
ຝູ໋	1	3
ຝົ່	1	3
ຝົ໊	1	3
ຝົ໋	1	3
ພັ໊	1	3
ພັ໋	1	3
ພິ໊	1	3
ພິ໋	1	3
ພີ໊	1	3
ພີ໋	1	3
ພຶ໊	1	3
ພຶ໋	1	3
ພື໊	1	3
ພື໋	1	3
ພຸ໊	1	3
ພຸ໋	1	3
ພູ້	1	3
ພູ໊	1	3
ພູ໋	1	3
ພົ໊	1	3
ພົ໋	1	3
ຟັ່	1	3
ຟັ໊	1	3
ຟັ໋	1	3
ຟິ່	1	3
ຟິ໊	1	3
ຟິ໋	1	3
ຟີ໊	1	3
ຟີ໋	1	3
ຟຶ່	1	3
ຟຶ໊	1	3
ຟຶ໋	1	3
ຟື໊	1	3
ຟື໋	1	3
ຟຸ໊	1	3
ຟຸ໋	1	3
ຟູ໊	1	3
ຟົ່	1	3
ຟົ໊	1	3
ຟົ໋	1	3
ຠັ	1	2
ຠັ່	1	3
ຠັ້	1	3
ຠັ໊	1	3
ຠັ໋	1	3
ຠິ	1	2
ຠິ່	1	3
ຠິ້	1	3
ຠິ໊	1	3
ຠິ໋	1	3
ຠີ	1	2
ຠີ່	1	3
ຠີ້	1	3
ຠີ໊	1	3
ຠີ໋	1	3
ຠຶ	1	2
ຠຶ່	1	3
ຠຶ້	1	3
ຠຶ໊	1	3
ຠຶ໋	1	3
ຠື	1	2
ຠື່	1	3
ຠື້	1	3
ຠື໊	1	3
ຠື໋	1	3
ຠຸ	1	2
ຠຸ່	1	3
ຠຸ້	1	3
ຠຸ໊	1	3
ຠຸ໋	1	3
ຠູ	1	2
ຠູ່	1	3
ຠູ້	1	3
ຠູ໊	1	3
ຠູ໋	1	3
ຠົ	1	2
ຠົ່	1	3
ຠົ້	1	3
ຠົ໊	1	3
ຠົ໋	1	3
ມັ໊	1	3
ມັ໋	1	3
ມິ໊	1	3
ມິ໋	1	3
ມີ໊	1	3
ມີ໋	1	3
ມຶ໊	1	3
ມຶ໋	1	3
ມື໊	1	3
ມື໋	1	3
ມຸ໊	1	3
ມຸ໋	1	3
ມູ໊	1	3
ມູ໋	1	3
ມົ໊	1	3
ມົ໋	1	3
ຢັ໊	1	3
ຢັ໋	1	3
ຢິ້	1	3
ຢິ໊	1	3
ຢິ໋	1	3
ຢີ໊	1	3
ຢີ໋	1	3
ຢຶ່	1	3
ຢຶ້	1	3
ຢຶ໊	1	3
ຢຶ໋	1	3
ຢື້	1	3
ຢື໊	1	3
ຢື໋	1	3
ຢຸ໊	1	3
ຢຸ໋	1	3
ຢູ໊	1	3
ຢູ໋	1	3
ຢົ່	1	3
ຢົ້	1	3
ຢົ໊	1	3
ຢົ໋	1	3
ຣັ໊	1	3
ຣັ໋	1	3
ຣິ໊	1	3
ຣິ໋	1	3
ຣີ໊	1	3
ຣີ໋	1	3
ຣຶ້	1	3
ຣຶ໊	1	3
ຣຶ໋	1	3
ຣື໊	1	3
ຣື໋	1	3
ຣຸ໋	1	3
ຣູ່	1	3
ຣູ໊	1	3
ຣູ໋	1	3
ຣົ່	1	3
ຣົ້	1	3
ຣົ໊	1	3
ຣົ໋	1	3
ລັ໊	1	3
ລັ໋	1	3
ລິ໊	1	3
ລິ໋	1	3
ລີ໊	1	3
ລີ໋	1	3
ລຶ໊	1	3
ລຶ໋	1	3
ລື໊	1	3
ລື໋	1	3
ລຸ໊	1	3
ລຸ໋	1	3
ລູ້	1	3
ລູ໊	1	3
ລູ໋	1	3
ລົ໊	1	3
ລົ໋	1	3
ວັ໊	1	3
ວັ໋	1	3
ວິ໊	1	3
ວິ໋	1	3
ວີ໊	1	3
ວີ໋	1	3
ວຶ່	1	3
ວຶ້	1	3
ວຶ໊	1	3
ວຶ໋	1	3
ວື່	1	3
ວື້	1	3
ວື໊	1	3
ວື໋	1	3
ວຸ໊	1	3
ວຸ໋	1	3
ວູ່	1	3
ວູ໊	1	3
ວູ໋	1	3
ວົ໊	1	3
ວົ໋	1	3
ຨັ	1	2
ຨັ່	1	3
ຨັ້	1	3
ຨັ໊	1	3
ຨັ໋	1	3
ຨິ	1	2
ຨິ່	1	3
ຨິ້	1	3
ຨິ໊	1	3
ຨິ໋	1	3
ຨີ	1	2
ຨີ່	1	3
ຨີ້	1	3
ຨີ໊	1	3
ຨີ໋	1	3
ຨຶ	1	2
ຨຶ່	1	3
ຨຶ້	1	3
ຨຶ໊	1	3
ຨຶ໋	1	3
ຨື	1	2
ຨື່	1	3
ຨື້	1	3
ຨື໊	1	3
ຨື໋	1	3
ຨຸ	1	2
ຨຸ່	1	3
ຨຸ້	1	3
ຨຸ໊	1	3
ຨຸ໋	1	3
ຨູ	1	2
ຨູ່	1	3
ຨູ້	1	3
ຨູ໊	1	3
ຨູ໋	1	3
ຨົ	1	2
ຨົ່	1	3
ຨົ້	1	3
ຨົ໊	1	3
ຨົ໋	1	3
ຩັ	1	2
ຩັ່	1	3
ຩັ້	1	3
ຩັ໊	1	3
ຩັ໋	1	3
ຩິ	1	2
ຩິ່	1	3
ຩິ້	1	3
ຩິ໊	1	3
ຩິ໋	1	3
ຩີ	1	2
ຩີ່	1	3
ຩີ້	1	3
ຩີ໊	1	3
ຩີ໋	1	3
ຩຶ	1	2
ຩຶ່	1	3
ຩຶ້	1	3
ຩຶ໊	1	3
ຩຶ໋	1	3
ຩື	1	2
ຩື່	1	3
ຩື້	1	3
ຩື໊	1	3
ຩື໋	1	3
ຩຸ	1	2
ຩຸ່	1	3
ຩຸ້	1	3
ຩຸ໊	1	3
ຩຸ໋	1	3
ຩູ	1	2
ຩູ່	1	3
ຩູ້	1	3
ຩູ໊	1	3
ຩູ໋	1	3
ຩົ	1	2
ຩົ່	1	3
ຩົ້	1	3
ຩົ໊	1	3
ຩົ໋	1	3
ສັ໊	1	3
ສັ໋	1	3
ສິ໊	1	3
ສິ໋	1	3
ສີ໊	1	3
ສີ໋	1	3
ສຶ໊	1	3
ສຶ໋	1	3
ສື໊	1	3
ສື໋	1	3
ສຸ໊	1	3
ສຸ໋	1	3
ສູ໊	1	3
ສູ໋	1	3
ສົ໊	1	3
ສົ໋	1	3
ຫັ໊	1	3
ຫັ໋	1	3
ຫິ໊	1	3
ຫິ໋	1	3
ຫີ້	1	3
ຫີ໊	1	3
ຫີ໋	1	3
ຫຶ່	1	3
ຫຶ້	1	3
ຫຶ໊	1	3
ຫຶ໋	1	3
ຫື້	1	3
ຫື໊	1	3
ຫື໋	1	3
ຫຸ໊	1	3
ຫຸ໋	1	3
ຫູ໊	1	3
ຫູ໋	1	3
ຫົ້	1	3
ຫົ໊	1	3
ຫົ໋	1	3
ຬັ	1	2
ຬັ່	1	3
ຬັ້	1	3
ຬັ໊	1	3
ຬັ໋	1	3
ຬິ	1	2
ຬິ່	1	3
ຬິ້	1	3
ຬິ໊	1	3
ຬິ໋	1	3
ຬີ	1	2
ຬີ່	1	3
ຬີ້	1	3
ຬີ໊	1	3
ຬີ໋	1	3
ຬຶ	1	2
ຬຶ່	1	3
ຬຶ້	1	3
ຬຶ໊	1	3
ຬຶ໋	1	3
ຬື	1	2
ຬື່	1	3
ຬື້	1	3
ຬື໊	1	3
ຬື໋	1	3
ຬຸ	1	2
ຬຸ່	1	3
ຬຸ້	1	3
ຬຸ໊	1	3
ຬຸ໋	1	3
ຬູ	1	2
ຬູ່	1	3
ຬູ້	1	3
ຬູ໊	1	3
ຬູ໋	1	3
ຬົ	1	2
ຬົ່	1	3
ຬົ້	1	3
ຬົ໊	1	3
ຬົ໋	1	3
ຢໍ້	1	3
ອັ້	1	3
ອັ໊	1	3
ອິ໊	1	3
ອີ໊	1	3
ອຶ໋	1	3
ອື໊	1	3
ອື໋	1	3
ອຸ໊	1	3
ອູ໊	1	3
ອົ໊	1	3
ອົ໋	1	3
ຼັ່	1	3
ຄິົ້	1	4
?	1	1
ຍ໊	1	2
