ର	571379	1
କ	400900	1
ରେ	315390	2
ନ	274516	1
ଏ	266770	1
ମ	250686	1
ସ	227392	1
ବ	210939	1
ଅ	203376	1
ଇ	191124	1
ଆ	184696	1
ତ	178694	1
ପ	178609	1
ରି	171517	2
ବା	164393	2
ଥି	160620	2
ହା	145276	2
ୟ	129744	1
ରା	126283	2
ଜ	119796	1
ମା	119427	2
ବି	117136	2
ଓ	112210	1
ଲେ	111056	2
୧	110291	1
କା	109887	2
ହି	102778	2
ପା	99498	2
ଗ	95860	1
ତା	94036	2
ଳ	93038	1
ଙ୍କ	92738	3
ନା	90068	2
ପ୍ର	89797	3
ଲା	89145	2
ଭା	88953	2
ନି	88764	2
୦	86119	1
ଣ	86089	1
ଉ	84812	1
ସେ	84312	2
ତି	82733	2
ରୁ	80537	2
କୁ	77138	2
ଲ	75111	1
୨	71175	1
ଯା	70225	2
ଶ	70206	1
ହ	68900	1
୯	66541	1
ସା	63973	2
ସି	63811	2
ଦ	61974	1
ଟ	60144	1
ଧା	57831	2
ଦେ	51186	2
ଟି	50623	2
ଥା	50185	2
ଡ଼ି	48586	3
ହୋ	48239	2
ଚ	47905	1
ମି	46583	2
ନେ	42944	2
ତ୍ର	41189	3
କି	41162	2
ବେ	41063	2
ଦି	39287	2
ଜା	39058	2
ରୀ	38818	2
ଚି	38544	2
ପୁ	38224	2
-	38087	1
ନ୍ତି	37324	4
ଲି	36944	2
ହେ	36739	2
ବଂ	35438	2
ଛି	35413	2
ଶା	35132	2
ଷ	35019	1
ଧ୍ୟ	33534	3
ନୁ	33194	2
୫	32791	1
ଭି	32375	2
ଭ	31856	1
ତୀ	31086	2
ଥ	30969	1
୮	30840	1
୪	29114	1
ରୋ	29042	2
୩	29027	1
ଦା	28638	2
୭	28576	1
ଶି	28519	2
୬	28107	1
ସଂ	27609	2
ହୁ	27591	2
ମୁ	27430	2
ଖ	27112	1
ଳା	26870	2
ଧ	26781	1
ଠା	25730	2
ଲୋ	25567	2
ଜି	24881	2
ଳି	24401	2
ଣା	24359	2
ଗୁ	24008	2
ନୀ	23593	2
ଙ୍କୁ	23251	4
କେ	23193	2
ବ୍ୟ	22855	3
ଇଁ	22774	2
ଡି	22671	2
ମେ	22564	2
ଧି	22407	2
।	22328	1
ର୍ଯ୍ୟ	22253	5
ନ୍ତ	21535	3
ସୁ	21336	2
ମ୍ବ	21269	3
ଖା	20677	2
କ୍ଷ	20264	3
ଙ୍ଗ	20143	3
ଜୀ	20027	2
ପି	19873	2
ଚା	19841	2
ସ୍ଥା	19720	4
ଣ୍ଡ	18956	3
ପ୍ରା	18609	4
ଯୋ	18570	2
ଜୁ	18418	2
.	18398	1
ଛ	18355	1
ଗୋ	18100	2
କ୍ତ	17967	3
ପୂ	17284	2
ଟେ	16959	2
ଘ	16485	1
ଗା	15773	2
ଣି	15687	2
ର୍ବ	15626	3
ର୍ଷ	15431	3
ୟା	15059	2
ନ୍ମ	14815	3
ନ୍	14642	2
ଫ	14572	1
ନ୍ୟ	14563	3
ତେ	14533	2
କୋ	14516	2
କ୍ତି	14064	4
ଳୀ	14063	2
ଣେ	13958	2
ଷ୍ଟ	13793	3
ର୍ବା	13459	4
ଡ଼	13233	2
ଖି	13144	2
ବୁ	12966	2
ଣୀ	12856	2
ଡ	12848	1
ଳେ	12719	2
ମୋ	12699	2
ସ୍ତ	12645	3
ଦ୍ୱା	12563	4
ଗ୍ର	12483	3
କ୍ଷା	12467	4
ଶ୍ୱ	12453	3
ଦୁ	12417	2
ଯେ	12336	2
କ୍ର	12035	3
ଯୁ	11932	2
ନ୍ଦ	11866	3
ତ୍ୟ	11670	3
ଯ	11666	1
ବୀ	11399	2
ନ୍ଦି	11386	4
ନ୍ନ	11194	3
ଟା	11183	2
ମୃ	11000	2
ଷା	10708	2
କୃ	10529	2
ଗୀ	10500	2
ପ୍ରେ	10210	4
ସ୍ଥି	10185	4
ବୋ	10078	2
ଜ୍ଞା	9996	4
ପେ	9905	2
ର୍ଣ୍ଣ	9886	5
ଶୁ	9730	2
ନ୍ଦ୍ର	9573	5
ଲ୍ଲା	9466	4
ତ୍ୟୁ	9395	4
ଡା	9291	2
ଞ୍ଚ	9256	3
ମୂ	9245	2
ମ୍ଭ	9242	3
ଦୀ	9210	2
ତ୍ତ	9207	3
ଜେ	9129	2
ନ୍ତୁ	9119	4
ଶୀ	8910	2
ଭୂ	8764	2
ସ୍	8684	2
କ୍ରି	8636	4
ସ୍କା	8522	4
ମୀ	8449	2
ଠ	8421	1
ହିଁ	8374	3
ଲ୍	8328	2
ର୍ଚ୍ଚ	8324	5
ବୃ	8195	2
ଶ୍ରୀ	8169	4
ଦ୍ଧ	8141	3
ତୁ	8117	2
ସ୍ୱ	8106	3
ଗି	7954	2
ର୍ଥ	7945	3
ଦ୍ୟା	7916	4
ଶେ	7897	2
ଜ୍ୟ	7668	3
ସ୍ୱା	7660	4
ର୍ମ	7658	3
ଖ୍ୟା	7525	4
ମ୍ବା	7516	4
ନ୍ୟା	7472	4
ଗ୍ରା	7444	4
କ୍ଟୋ	7331	4
ଚ୍ଚି	7309	4
ଡ଼ା	7219	3
ଔ	7204	1
ଷ୍ଟି	7108	4
ମ୍	7030	2
ପ୍ଟେ	7003	4
ସୀ	6954	2
ୟୁ	6944	2
ତ୍ସା	6859	4
,	6858	1
ଖ୍ୟ	6779	3
ନ୍ତ୍ର	6775	5
କ୍	6659	2
ର୍ଶ	6581	3
ଲୁ	6554	2
ନୋ	6512	2
ଡେ	6428	2
ଫି	6379	2
ପୋ	6356	2
ର୍	6271	2
ତ୍ୟା	6238	4
ଫୁ	6221	2
ଙ୍ଗୀ	6203	4
ରୂ	6093	2
ମ୍ମା	6004	4
ଧୀ	5835	2
ଳ୍ପ	5833	3
ଣ୍ଡି	5831	4
ମ୍ପ	5826	3
ଭୁ	5721	2
ଣ୍ଟ	5711	3
ଗ୍ରେ	5698	4
ତଃ	5677	2
ଫେ	5648	2
ଉଁ	5536	2
ଦ୍ର	5452	3
ର୍ମା	5385	4
ଞ୍ଜ	5323	3
ର୍କ	5316	3
ଦୂ	5272	2
ଚ୍ଚ	5239	3
ର୍ତ୍ତ	5237	5
ତ୍ରା	5194	4
ସିଂ	5164	3
ର୍ଦ୍ଦେ	5157	6
କୀ	5130	2
ଶ୍ର	5115	3
କ୍ଷି	5101	4
କ୍ଷେ	5067	4
ନ୍ତେ	5006	4
ସୋ	5002	2
କୌ	4992	2
ଣ୍ଡା	4967	4
ଣୁ	4964	2
ଭେ	4932	2
ର୍ଗ	4910	3
ଶ୍ୟ	4890	3
ଠି	4879	2
ଯି	4845	2
ଫା	4835	2
ଛା	4829	2
ଷ୍ଠ	4775	3
ଷ୍ଟ୍ର	4773	5
ବ୍ୟା	4749	4
ଖେ	4663	2
ସୂ	4622	2
ଦ୍ୟ	4618	3
ପ୍ତ	4612	3
ନ୍ଦୁ	4607	4
ଭୋ	4438	2
ତ୍ୱ	4422	3
ସ୍ଥ	4344	3
ଇଂ	4340	2
ୱା	4328	2
ୟୋ	4315	2
ବ୍ର	4300	3
ୟୀ	4255	2
ହୃ	4222	2
ସ୍ତା	4218	4
ତ୍ରି	4159	4
ନ୍ଧ	4145	3
ଭ୍ୟ	4132	3
ଟ୍	4110	2
ଧୁ	4069	2
ଙ୍କା	4007	4
ଷ୍ଠା	3986	4
ଞ୍ଜି	3934	4
ବୈ	3882	2
ଚେ	3877	2
ଷ୍ଣ	3867	3
ପ୍ରି	3832	4
ଶୋ	3817	2
ତ୍ରୀ	3797	4
ଷ୍ଟା	3710	4
ତ୍	3683	2
ଶ୍ରେ	3651	4
ସ୍ତୁ	3643	4
ପୃ	3595	2
ନ୍ନା	3573	4
କଂ	3530	2
ଙ୍ଗା	3520	4
କ୍ସ	3506	3
ମ୍ପା	3501	4
ତ୍ତି	3430	4
ତୃ	3416	2
ଘା	3403	2
ସୃ	3401	2
ଚୀ	3382	2
ଟୋ	3317	2
ଦୃ	3315	2
ନ୍ଦୀ	3310	4
ୟି	3301	2
ଣ୍ଟି	3264	4
ର୍ମି	3247	4
ଶ୍ୱା	3212	4
ଢ଼ି	3192	3
ଦ୍ଧା	3159	4
ସ୍କ	3083	3
ର୍ତ୍ତୀ	3074	6
’	3047	1
ଖୋ	3028	2
ଝି	2982	2
ର୍ତ୍ତି	2978	6
ଭୌ	2973	2
ବ୍ଦ	2955	3
ର୍ଶ୍ୱ	2925	5
ହୀ	2908	2
ପୀ	2904	2
ଲ୍ୟ	2868	3
ସ୍ନା	2860	4
ନୈ	2840	2
ନୂ	2836	2
ଶ୍ଚି	2824	4
ସ୍ପ	2812	3
ନ୍ତା	2799	4
ନୃ	2794	2
ଦ୍ଧି	2789	4
କ୍ଷୀ	2780	4
ଥ୍ୟ	2762	3
ଜ୍ଞ	2758	3
ଷି	2692	2
ନ୍ସ	2680	3
ସ୍କୃ	2674	4
ଅଂ	2632	2
ନ୍ତ୍ରୀ	2614	6
ଦ୍ରା	2597	4
ଗ୍ରୀ	2590	4
ଖୁ	2571	2
ଗେ	2565	2
ଝା	2558	2
ସ୍ୟା	2522	4
ଞ୍ଜା	2506	4
ଛୋ	2490	2
ଜୋ	2469	2
ବ୍ଦୀ	2406	4
ଦ୍ୱି	2405	4
ଋ	2397	1
ଧ୍ୟା	2388	4
ସ୍ୟ	2364	3
)	2329	1
ର୍ଭ	2315	3
ଟ୍ଟ	2291	3
(	2267	1
ତ୍ସ	2253	3
ଷ୍ଠି	2225	4
ଣ୍ଟା	2216	4
ଡୋ	2201	2
କ୍ରା	2195	4
ଡ୍	2175	2
ବ୍ରି	2170	4
ଲ୍ଲୀ	2150	4
ନ୍ଧା	2146	4
'	2136	1
ଘୋ	2131	2
ପ୍ରୋ	2130	4
ସ୍ଥ୍ୟ	2113	5
ଚୁ	2112	2
ହ୍ମ	2072	3
ଞ୍ଚି	2072	4
ଣ୍ଠ	2059	3
ର୍ଟ	2057	3
ଳୁ	2044	2
ଟୁ	2040	2
ସ୍ତ୍ର	2037	5
କ୍ୟା	2035	4
ନ୍ଧି	2015	4
ହେଁ	2010	3
ଈ	2001	1
ର୍ଟି	2000	4
ଆଁ	1991	2
ମ୍ୟା	1985	4
ମ୍ନ	1950	3
ନ୍ଥ	1920	3
ଜ୍	1911	2
ଫ୍	1903	2
ଗ୍ୟ	1884	3
ତ୍ମ	1859	3
ଯ୍ୟ	1859	3
ନ୍ଧୀ	1856	4
ୱେ	1854	2
ତ୍ତ୍ୱ	1833	5
ପ୍	1824	2
ନ୍ଧୁ	1813	4
ଲୀ	1812	2
ବ୍ରା	1809	4
ର୍ଡ	1806	3
ର୍ତ୍ତା	1800	6
ଦ୍ମ	1787	3
ଶୈ	1787	2
ଖ୍ରୀ	1784	4
ସ୍କୁ	1780	4
ହ୍ନ	1774	3
ତୋ	1774	2
ଢ଼ା	1754	3
ଞ୍ଚା	1747	4
ଡୁ	1739	2
ଗୃ	1736	2
/	1734	1
ଥେ	1725	2
ସ୍ରା	1717	4
ତ୍ନୀ	1706	4
ର୍ଜା	1680	4
ର୍ଭା	1679	4
ଦୋ	1673	2
‘	1671	1
ତ୍କ	1670	3
ଟ୍ରା	1662	4
ର୍ଥୀ	1645	4
କାଂ	1636	3
ଝ	1626	1
ର୍ଯ୍ୟା	1597	6
ଫୋ	1586	2
ସାଂ	1566	3
ର୍ଜ	1558	3
ନ୍ଦୋ	1557	4
ଦ୍	1515	2
ଢ	1505	1
ଲ୍ଲେ	1490	4
କ୍ଷୁ	1483	4
ପ୍ତା	1469	4
ନ୍ତୀ	1454	4
ଲ୍ମ	1454	3
ତ୍ନ	1449	3
ମ୍ବି	1444	4
ମୌ	1443	2
ର୍ଣ୍ଣି	1441	6
ବ୍	1441	2
ଭୀ	1438	2
ଙ୍ଗି	1425	4
ନ୍ଦା	1417	4
ର୍ଘ	1416	3
ଷ୍ୟ	1410	3
କ୍ଟ	1408	3
ସ୍ତି	1397	4
"	1397	1
ଦ୍ୟୁ	1395	4
ମାଂ	1389	3
ଷ୍ଟେ	1389	4
ଟ୍ୟ	1387	3
ମ୍ପି	1378	4
ମ୍ଭା	1375	4
କୂ	1367	2
ଗୁଁ	1367	3
ଣ୍ଡେ	1365	4
ଲ୍ୟା	1353	4
ଘୁ	1349	2
ର୍ଭୁ	1340	4
ଟ୍ରି	1339	4
ଗାଁ	1338	3
ର୍ଣ୍ଣା	1331	6
ଣ୍ୟ	1330	3
ମ୍ଭି	1319	4
ମ୍ରା	1306	4
ଫ୍ରି	1291	4
କ୍ଷ୍ମୀ	1289	6
ଜ୍ୟୋ	1284	4
ଷ୍କ	1281	3
ଠୀ	1275	2
ସ୍ତ୍ରୀ	1274	6
ସୌ	1256	2
ଐ	1253	1
ମ୍ଫା	1244	4
ଏଁ	1238	2
ତ୍ପା	1226	4
ଦ୍ୱୀ	1213	4
ଳ୍ପୀ	1208	4
କ୍ସି	1204	4
ଙ୍ଗୁ	1200	4
ଗୌ	1192	2
ଧୂ	1174	2
କ୍ରୀ	1170	4
ଙ୍ଗେ	1157	4
ତ୍ୟେ	1141	4
ହ୍ୟ	1137	3
ଡ଼େ	1135	3
ର୍ପ	1131	3
ଢ଼	1118	2
ବୌ	1107	2
ଗ୍	1106	2
ଯୌ	1104	2
ଛୁ	1099	2
ର୍ଷି	1094	4
ଟୀ	1092	2
ର୍ସ	1087	3
ର୍ଗା	1069	4
ମ୍ପୂ	1057	4
ଦୈ	1056	2
ଙ୍କି	1044	4
ସ୍ଟ	1038	3
ର୍ଦ୍ଧ	1031	5
ଘି	1026	2
ର୍ଡ଼	1022	4
ଚ୍ଛା	1021	4
ଷେ	1018	2
କ୍ଷ୍ୟ	1015	5
ଞ୍ଜେ	1005	4
ପ୍ଲା	995	4
ଲ୍ଲ	993	3
ବ୍ଲ	992	3
ଚୌ	989	2
ମୁଁ	983	3
ର୍ଦ୍ଦି	978	6
ଷ୍ଣୁ	974	4
ଲ୍ଲି	970	4
ର୍ମୀ	966	4
ର୍ଦ୍ଧା	952	6
ଟ୍ରେ	952	4
ଥୀ	949	2
“	946	1
ଗ୍ୟା	946	4
ଢି	942	2
ମ୍ୟୁ	942	4
ତ୍ତା	941	4
ଛେ	940	2
ର୍ବେ	934	4
କ୍ରୋ	931	4
ୱି	922	2
ଚୋ	921	2
ସ୍ୱୀ	916	4
ବ୍ଧ	912	3
ମ୍ମ	908	3
ତ୍ପ	905	3
ହଁ	899	2
ଢା	898	2
ଣ୍ଡ୍ରୋ	897	6
ର୍ବୋ	896	4
ପୌ	890	2
ଟ୍ର	890	3
ଷ୍ମ	888	3
ମ୍ବେ	881	4
ଷ୍ପ	880	3
”	877	1
ସୈ	872	2
ହ୍ମା	868	4
ଣ୍ଡୋ	866	4
ଦ୍ୱ	864	3
ମ୍ମୁ	863	4
ର୍ଥା	858	4
ର୍ଜି	858	4
ଷ୍ଠୀ	854	4
ଜୈ	848	2
2	844	1
0	843	1
ଷ୍କା	841	4
ତ୍ୟି	833	4
ୟେ	830	2
ଖୀ	827	2
ନ୍ୟୁ	824	4
ବିଂ	823	3
ଷୀ	823	2
ସ୍କୋ	823	4
ଶ୍ଚ	813	3
:	806	1
ତ୍କା	799	4
ଜ୍ୱ	788	3
ହ୍ରା	782	4
ପ୍ୟା	781	4
ଚ୍	778	2
କ୍ୟୁ	778	4
ଦ୍ଦେ	778	4
ଚ୍ଛ	777	3
ହ୍ର	773	3
ଡ଼ୁ	770	3
ନ୍ଦ୍ରା	766	6
ୱ	766	1
1	763	1
ର୍ଷା	761	4
ମ୍ପ୍ୟୁ	761	6
ଫ୍ରା	759	4
ଣ୍ଡୁ	751	4
କ୍ଷାଂ	745	5
ଶ୍	743	2
କ୍ଲୋ	738	4
କ୍ଳ	730	3
ଝୁ	729	2
ମ୍ଭୀ	717	4
ଭ୍ର	714	3
ମ୍ବୋ	714	4
ଟ୍ରୋ	710	4
ସ୍ଟି	704	4
ନ୍ତ୍ରି	694	6
ଷୋ	692	2
ଭ୍	692	2
କ୍କା	672	4
କ୍ଲ	672	3
ଦ୍ଭି	672	4
ଥୋ	668	2
ର୍କି	665	4
ଙ୍ଖ	663	3
ଣ୍ଟେ	658	4
ଷ୍ଟୋ	656	4
ପ୍ତି	654	4
ଗ୍ନି	652	4
ଢେ	652	2
ର୍ଶା	651	4
ନ୍ଧ୍ର	648	5
ଶୂ	644	2
ମ୍ପ୍ର	642	5
ର୍ଶି	641	4
ଭୃ	639	2
ର୍ବି	639	4
ର୍ନି	635	4
ଘ୍ର	634	3
ଥୁ	631	2
ଦୁଃ	628	3
ଣ୍ଠି	627	4
ର୍ଥି	626	4
ନଃ	624	2
ଦ୍ରୋ	620	4
କ୍ସା	607	4
ତ୍ମା	605	4
ଢ଼େ	601	3
ର୍ଜୁ	600	4
ସ୍ମୃ	597	4
ଶ୍ରା	596	4
ନ୍ସି	594	4
ର୍ଦ୍ଦ	593	5
ଲିଂ	593	3
୤	593	1
ଦୌ	590	2
ଷ୍ଟ୍ରେ	589	6
ଶ୍ୱେ	588	4
କ୍ଷ୍ମ	586	5
ଗ୍ନ	584	3
କ୍ରେ	584	4
ମ୍ର	584	3
ୟୂ	583	2
ଶୃ	582	2
ନ୍ଦେ	580	4
ନ୍ଦ୍ରୀ	579	6
ଫ୍ଟ	576	3
ଢ଼ୀ	575	3
ର୍ଜୀ	572	4
ର୍କୀ	566	4
ଟ୍ଟା	563	4
ଶ୍ୟା	563	4
ଚ୍ୟୁ	562	4
ଦ୍ରି	560	4
କୈ	560	2
ଡ୍ରା	558	4
ସ୍ମ	556	3
ୟଂ	554	2
ନ୍ଧ୍ୟା	554	6
ମ୍ଳ	553	3
ମ୍ପୁ	550	4
ଧୋ	548	2
କ୍ଲା	548	4
ସ୍ମା	543	4
କ୍ୟ	543	3
ଚୈ	537	2
ତ୍ରୁ	534	4
ମ୍ମି	531	4
କ୍ୱ	530	3
କ୍ତା	529	4
ଠୁ	526	2
ସ୍ପା	517	4
ବ୍ରୋ	510	4
ର୍ଗୀ	506	4
ଷ୍ଟ୍ରୀ	503	6
ସ୍ମି	501	4
ଷୁ	500	2
ସ୍ପେ	500	4
ର୍ଣ	496	3
ଲ୍ଡ	496	3
ମ୍ୟ	494	3
କ୍ଲି	493	4
ନୌ	492	2
ଙ୍ଗୋ	491	4
ସ୍ରୋ	477	4
ଧ୍ୱ	475	3
ଫ୍ରେ	470	4
ପ୍ଟ	467	3
ଣ୍ଡୀ	462	4
କ୍ୱା	459	4
ବ୍ଳ	459	3
ଶ୍ରୁ	457	4
ଣ୍ଡ୍	454	4
ଙ୍ଗ୍	452	4
ଶଂ	449	2
କ୍ଟି	446	4
ହିଂ	444	3
ଟିଂ	444	3
ଶ୍ମୀ	441	4
ରଂ	435	2
ଶ୍ରି	429	4
ସ୍ଟା	429	4
ର୍ଲ	422	3
ଞ୍ଜୁ	419	4
ତ୍ତ୍ୱେ	417	6
ସ୍ପି	417	4
ବ୍ଲି	416	4
ନ୍ମି	414	4
ଗ୍ଲୋ	408	4
ଙ୍କେ	407	4
ଧ୍ଯ	404	3
ଚୂ	403	2
ର୍ଲି	402	4
ଷ୍ଟ୍ରି	401	6
ରିଂ	399	3
ଢୁ	399	2
ମ୍ବୁ	396	4
ନ୍ଥି	396	4
ପ୍ଲେ	393	4
ଷ୍ଣା	393	4
ଘେ	391	2
ହାଁ	391	3
ସ୍ଟେ	389	4
ଭ୍ୟା	388	4
ର୍ସି	384	4
କ୍ଟ୍ରୋ	383	6
ଡ୍ର	381	3
ସ୍ତ୍ରୋ	381	6
ଟ୍ୟୁ	379	4
ଡ୍ରୋ	377	4
ର୍ପି	376	4
ଦ୍ରୁ	369	4
ସ୍ତେ	366	4
ମ୍ମ୍ୟୁ	365	6
ହଂ	364	2
ନ୍ସା	364	4
ବ୍ୟୁ	362	4
ଜ୍ମ	361	3
ଗ୍ରୁ	358	4
9	357	1
ଠେ	356	2
ଲୌ	355	2
ଦ୍ଦି	354	4
ଜ୍ଯ	350	3
ପ୍ରୀ	350	4
ଣ୍ଟୁ	349	4
ବ୍ରେ	349	4
ଠ୍ୟ	347	3
ତ୍ତୋ	346	4
ଚ୍ଛେ	345	4
ସ୍ୱି	345	4
ଙ୍କୋ	344	4
ଫ୍ଲା	344	4
%	343	1
ଚ୍ୟା	342	4
ଗ୍ଲା	341	4
ଡ୍ରେ	336	4
ଥ୍	334	2
ସ୍ର	333	3
ର୍ଦ୍ଧ୍ୱ	331	7
ଖାଁ	331	3
ହ୍ୱା	330	4
ର୍ଘ୍ୟ	327	5
ର୍ଦ୍ଧି	326	6
ଫ୍ଲୋ	325	4
ଦ୍ୟୋ	323	4
ବ୍ଯ	322	3
ନ୍ତୋ	318	4
ଣ୍ଟ୍	318	4
ନ୍ଥା	314	4
ହୁଁ	314	3
ର୍ଭି	312	4
ଜ୍ଜା	308	4
ପ୍ଲ	308	3
ଅା	307	2
ଜ୍ୟା	306	4
ଶ୍ୱି	306	4
ବାଂ	302	3
ତ୍ରେ	299	4
°	299	1
ଈଂ	299	2
ଙ୍କ୍	297	4
ହ୍ନା	297	4
–	296	1
ଊ	295	1
ଲ୍ସ	295	3
ଅଁ	294	2
ହ୍ନି	293	4
ର୍ମୁ	293	4
ବ୍ଲା	292	4
ଥ୍ରୋ	292	4
ଢ଼ୁ	290	3
ପ୍ନ	290	3
ପ୍ସି	290	4
ଗ୍ନା	290	4
ତ୍ତେ	290	4
ଦ୍ଭା	289	4
ପ୍ୟ	289	3
ଗ୍ଧ	287	3
ଚ୍ଛି	286	4
ଲ୍ୟୁ	286	4
ହ୍ଲା	286	4
ଶ୍ଳେ	285	4
ଟ୍ସ	285	3
ଣ୍ଟୋ	284	4
ଫ୍ୟା	284	4
ଷ୍ଟ୍ରୋ	281	6
ହ୍ୟୁ	281	4
ର୍ଡି	280	4
ଠୋ	279	2
ଷ୍କୃ	277	4
ମ୍ସ	276	3
ଆଂ	276	2
ନ୍ନି	275	4
ଫ୍ଲୁ	275	4
ଷ୍ପା	274	4
ଶ୍ଚା	271	4
ଳ୍ପି	270	4
ଚ୍ଚା	269	4
ତ୍ମି	268	4
ଜ୍ଜି	267	4
ସ୍ତୃ	264	4
ରୌ	264	2
କ୍ଟେ	263	4
5	262	1
ବ୍ରୁ	262	4
8	261	1
ନ୍ଦ୍ରି	258	6
ନ୍ୱ	253	3
ର୍ଚ	252	3
ର୍ବୁ	249	4
କ୍ଷ୍ମା	248	6
ଶ୍ନ	248	3
ଦ୍ଦ	245	3
ଧ୍ୱଂ	245	4
ର୍ଚ୍ଚି	245	6
ସ୍ଟୋ	244	4
ସ୍କେ	243	4
ଙ୍ଘ	242	3
ସ୍ନେ	242	4
ଗ୍ଲୁ	241	4
ହୂ	240	2
ଶ୍ଵ	240	3
ଜ୍ୟେ	238	4
ନ୍ତଃ	238	4
ଭୈ	238	2
ହ୍ୟା	238	4
ଜ୍ର	237	3
ଶ୍ବ	237	3
ପ୍ଟି	237	4
ଷ୍ଟୁ	235	4
ର୍ସେ	233	4
ସ୍କି	233	4
ଲ୍ଟ	233	3
ଗ୍ରି	228	4
ଶ୍ମ	228	3
ସ୍କ୍ରି	226	6
ମ୍ବୀ	224	4
ପ୍ପା	224	4
3	224	1
ଣ୍ଟ୍ରା	223	6
ଟ୍ୟା	223	4
ସ୍ପୋ	223	4
4	222	1
ର୍ଶୁ	222	4
ମୈ	220	2
ର୍ନ	220	3
ଧେ	218	2
ପ୍ଳ	215	3
ସ୍ଟ୍ରୋ	215	6
ନଂ	214	2
ର୍ତି	213	4
ବ୍ଲୁ	211	4
ପ୍ଟୋ	211	4
ଗ୍ନେ	210	4
ଓଁ	208	2
କ୍କ	207	3
ତ୍ତ୍ୱି	207	6
ର୍ଡ଼ି	205	5
ୟାଂ	204	3
ମ୍ନା	204	4
ନିଂ	203	3
ସ୍ୱେ	203	4
ଞ୍ଚୁ	202	4
ଗ୍ମ	201	3
ର୍ଚ୍ଚା	199	6
ର୍ଦ୍ର	199	5
ଫ୍ୟୁ	199	4
6	198	1
ଲ୍ଟି	198	4
କ୍କି	197	4
ସ୍ଫୋ	197	4
ର୍ଡ୍	197	4
ର୍ତ୍ତେ	195	6
ସ୍ଟ୍ରେ	195	6
ର୍ଭେ	193	4
ଭ୍ରା	193	4
ନାଁ	192	3
ପ୍ଲି	191	4
ଯ୍ୟା	189	4
ର୍ଥ୍ରା	188	6
ର୍ଦ୍ଦୁ	187	6
ଡ୍ରି	187	4
ନ୍ୱି	186	4
ଦ୍ମା	186	4
ର୍ଟା	186	4
ତୈ	184	2
ଜ୍ୱା	184	4
ଖ୍ଯ	183	3
ତ୍ତୀ	183	4
ହୈ	183	2
ଞ୍ଚେ	182	4
ଶଃ	181	2
ମ୍ଫୋ	181	4
ନ୍ମା	180	4
ମିଂ	180	3
ର୍କେ	179	4
ଡଃ	178	2
ଧ୍ରୁ	178	4
ର୍ପୋ	177	4
ଥ୍ୟା	176	4
ର୍ଲା	176	4
କ୍ସ୍	176	4
ର୍ଣା	175	4
ଣ୍ଟ୍ରି	173	6
ଜ୍ଜ	172	3
ଣୋ	171	2
7	171	1
ଡ଼ୋ	170	3
ନ୍ଯ	169	3
ଘୂ	169	2
ନିଃ	167	3
ର୍ଟ୍	167	4
ନ୍ମୋ	167	4
ଞ୍ଜୋ	166	4
ର୍ଟେ	166	4
ର୍ମୋ	166	4
ଷ୍ଟୀ	162	4
ର୍ତୀ	162	4
ଷ୍ଟ୍	162	4
କ୍ନୋ	160	4
କ୍ସେ	160	4
ର୍ଦ	159	3
ପୈ	158	2
ଓ୍	158	2
ଡ଼ୀ	157	3
ଣ୍ଢେ	157	4
ଡ୍ୟୁ	157	4
ପ୍ପ	156	3
ତ୍ରୋ	154	4
ତ୍ତ୍ୱା	153	6
କ୍ସୋ	153	4
ତ୍କୃ	151	4
ର୍ତ	151	3
କ୍ଟ୍ର	151	5
ସ୍ବ	150	3
ସ୍ଲା	150	4
ଫ୍ଲେ	150	4
ଡ୍ୟା	150	4
ର୍ନା	150	4
ଶ୍ମି	149	4
ତ୍ସ୍ୟ	149	5
ର୍କ୍	149	4
ଫ୍ର	147	3
ଞ୍ଜୀ	146	4
ୟାଁ	144	3
ଝୋ	144	2
ର୍କୋ	144	4
ଚ୍ୟ	143	3
ର୍ସା	142	4
ପ୍ଲୋ	140	4
ଶିଂ	140	3
ଥ୍ୱୀ	139	4
ର୍ଯା	138	4
ଜ୍ଜ୍ୱ	137	5
ମାଁ	137	3
ର୍ଜେ	137	4
ର୍ଯ୍ୟୋ	137	6
ଷ୍ଟ୍ରା	137	6
ର୍ଦ୍ଧେ	134	6
କ୍ରୁ	134	4
ଦ୍ୱୈ	133	4
ଳ୍ମ	133	3
ଦ୍ରୌ	132	4
ର୍ଥେ	131	4
ଗ୍ଲି	131	4
ଣ୍ଠୁ	131	4
କ୍ଳା	131	4
ଖ୍	130	2
ତ୍ଥା	129	4
ର୍ଯ	129	3
ନ୍ଦୂ	129	4
ନ୍ତ୍ରା	128	6
ମ୍ପୋ	128	4
ଡ଼୍	128	3
ବ୍ଲ୍ୟୁ	128	6
ନ୍ଯା	127	4
ମ୍ପୃ	127	4
ବ୍ୱ	127	3
୍	126	1
ଶ୍ରୋ	126	4
ସ୍ନି	126	4
ମ୍ରି	125	4
ଦ୍ର୍ୟ	124	5
ପଂ	124	2
କିଂ	124	3
କ୍ଟା	124	4
ତ୍ଯ	123	3
ର୍ମେ	123	4
ରାଂ	122	3
ମ୍ଫ	122	3
ଣ୍ଢ	122	3
ହ୍ୱ	122	3
କ୍ୱି	122	4
ଡୀ	122	2
ଞ୍ଚୋ	121	4
ଝେ	121	2
ଝୀ	121	2
ଣ୍ଠା	121	4
ଳୋ	120	2
ଷ୍ଟ୍ୟ	120	5
ର୍ତ୍ତୃ	120	6
ଙ୍କୀ	120	4
ଘ୍ନ	120	3
ଦ୍ଵା	118	4
ଶ୍ଳୋ	117	4
ଟ୍ଟି	117	4
ମ୍ଭୁ	116	4
ର୍ଗି	116	4
ସ୍ତୀ	115	4
ଦ୍ରୀ	115	4
ଯୀ	115	2
ନ୍ୱେ	115	4
ର୍ଶୀ	114	4
ନ୍ଦ୍ୱ	114	5
ସ୍କ୍ଲେ	114	6
ର୍ତ୍ତୁ	113	6
ମ୍ପେ	113	4
ତ୍ମ୍ୟ	112	5
ଣ୍ଟ୍ରୋ	112	6
ନ୍ନ୍ୟା	112	6
ନ୍ଥୀ	111	4
ଚ୍ଛୁ	111	4
ର୍ଡା	111	4
ଗ୍ଧା	110	4
|	110	1
ପ୍ୟୁ	110	4
ର୍ଦ୍ଦା	109	6
ତ୍ସି	109	4
ପ୍ସା	109	4
ଜିଂ	109	3
ଫୃ	109	2
ଫ୍ଲ	108	3
ଧୃ	107	2
ଘୃ	107	2
ର୍ଫି	107	4
ସ୍ଲୋ	106	4
ଧାଂ	106	3
ର୍ଣି	105	4
ଶୌ	105	2
ଢୋ	105	2
ର୍ଣ୍ଣେ	105	6
ର୍ପା	104	4
କ୍ତୃ	104	4
ପ୍ସ	103	3
ର୍ସୀ	102	4
ହ୍ନୁ	102	4
ଜ୍ୟି	102	4
ନ୍ଥେ	102	4
ଞ୍ଝା	102	4
ଡିଂ	102	3
ଦ୍ଭ	101	3
ଙ୍ଘା	101	4
ସ୍ପୃ	100	4
ଡ୍ଡୁ	100	4
ତ୍ସୁ	99	4
ଦ୍ଧେ	98	4
ଙ୍ଖା	98	4
ବ୍ବ	98	3
ର୍କା	98	4
ର୍ଜ୍	98	4
ଦ୍ଧୃ	98	4
ଣ୍ଢା	97	4
ର୍ଗେ	96	4
ଷ୍କ୍ରି	96	6
ଶ୍ଚେ	96	4
କ୍ଷ୍ୟା	96	6
ନ୍ନେ	95	4
ଦ୍ଦୀ	95	4
ମ୍ବ୍ରି	95	6
ଗ୍ରୋ	95	4
କ୍ଲେ	95	4
କ୍ଷ୍ନୌ	93	6
ଫ୍ରୋ	93	4
ର୍ଜ୍ୟ	93	5
କ୍ମି	92	4
ମ୍ପ୍ଲେ	92	6
ର୍ସ୍	92	4
ଡି଼	91	3
ସ୍ଟ୍ରି	91	6
ଢୀ	90	2
ଲ୍ଫ	90	3
ଞ୍ଚ୍	90	4
କ୍ୱେ	90	4
ର୍ଥ୍ୟ	87	5
ଦ୍ଭୁ	87	4
ଡ୍ଡୀ	86	4
ତ୍ନା	86	4
ଦଂ	86	2
ପ୍ନା	86	4
ଣ୍ଡିଂ	86	5
ବ୍ସ	86	3
ଭ୍ୟୁ	85	4
ା	85	1
ଇଁଁ	85	3
ତ୍ୱା	84	4
ର୍ଦି	84	4
ର୍ଧ	84	3
ମ୍ଭ୍ରା	84	6
ଗ୍ଲ	84	3
ବ୍ଯା	83	4
ତ୍ବ	83	3
ମ୍ଭୋ	83	4
ନ୍ର	83	3
ମଂ	82	2
ର୍ନେ	82	4
ନ୍ସ୍	82	4
ମେଁ	81	3
ବ୍ୟୋ	80	4
ୟଃ	80	2
ବ୍ଧି	80	4
ଫୌ	80	2
ମ୍ଫୀ	80	4
ଳ୍ପା	79	4
ନ୍ସେ	79	4
ର୍ଭୂ	78	4
‎	78	1
ର୍ତ୍ତ୍ୟ	77	7
ତୁଃ	77	3
ର୍ଷୀ	77	4
ଛ୍	76	2
କ୍ମ	76	3
ବ୍ଦା	75	4
ଳ୍କ	75	3
ଲ୍ମି	74	4
ଞ୍ଜ୍	74	4
ମ୍ଳା	74	4
ସ୍ତୋ	73	4
ଷ୍ୟା	73	4
ନ୍ଧେ	73	4
ଗ୍ନୀ	72	4
ସ୍ତ୍ରା	72	6
ର୍ଡେ	72	4
ପ୍ଟା	71	4
ସ୍ଯ	71	3
କ୍ଟ୍ରି	71	6
ରୈ	71	2
ଲ୍ପ	71	3
ଡା଼	70	3
ସ୍କ୍ୱା	70	6
ପ୍ଲୁ	70	4
ଦ୍ଦା	69	4
କ୍ତେ	69	4
ଞ୍ଛା	69	4
ସ୍ଫି	69	4
ଡ଼଼	68	3
ଲଂ	68	2
ଡ୍ଡି	68	4
ଷ୍	68	2
ର୍ତା	68	4
ଟ୍ଟୋ	68	4
ନ୍ଟ	67	3
ର୍ଣ୍ନ	67	5
ର୍ଡୋ	67	4
ତ୍ପୀ	67	4
କ୍ଷ୍ମେ	67	6
ର୍କ୍ସ	66	5
ର୍ଧା	66	4
]	66	1
ର୍ପୁ	66	4
ଲ୍ଲୁ	65	4
ଦ୍ରେ	65	4
ମ୍ଫେ	65	4
ି	64	1
॥	64	1
ସ୍ଟ୍ରା	64	6
ଘ୍ରା	63	4
ସ୍ଫୁ	63	4
ସ୍ତ୍ୟ	63	5
ଣ୍ଡ୍ରି	63	6
କ୍ଷୋ	63	4
ର୍ନୀ	63	4
ନ୍ନୁ	63	4
ସ୍ଟ୍ର	62	5
+	61	1
ଲ୍ଲୋ	61	4
ଭ୍ରଂ	61	4
ନ୍ମୁ	61	4
ଟ୍ଟୁ	61	4
ହ୍ନେ	60	4
ଜ୍ଜୁ	60	4
ଲ୍ୱ	60	3
ଟ୍ୱି	60	4
ନ୍ଧ୍ୟ	59	5
ଖ୍ଯା	59	4
ବ୍ଲେ	59	4
ର୍ଲ୍ସ	59	5
ସ୍ୟୁ	59	4
କ୍କୁ	59	4
ୱୋ	59	2
ମ୍ଭେ	58	4
ଗଂ	58	2
ଷ୍ମା	58	4
ର୍ଡ଼ା	58	5
ଣ୍ଟିଂ	57	5
ର୍ଦା	57	4
ତ୍ରୈ	57	4
ପିଂ	57	3
ମ୍ରେ	57	4
ର୍ଚ୍ଛା	57	6
ର୍ଗୋ	57	4
ର୍ବୀ	57	4
ହିଃ	57	3
ନ୍ଦ୍ୱା	57	6
ସ୍ବା	56	4
ସ୍ଲି	56	4
ଦ୍ବି	56	4
ନ୍ନୀ	55	4
ର୍ପୂ	55	4
ଲ୍କ	55	3
ମ୍ବ୍ରେ	55	6
ର୍ଥୋ	55	4
ଣ୍ଡ୍ର	54	5
ଚିଂ	54	3
ର୍ଷେ	54	4
ସ୍ଫ	54	3
ହ୍ୱି	54	4
ର୍ପେ	53	4
ଲ୍ଡେ	53	4
ପ୍ରୁ	53	4
ମ୍ବ୍ର	53	5
ଗ୍ୱା	53	4
ନ୍ରେ	52	4
ଭ୍ରୁ	52	4
ନ୍ଥୋ	52	4
ଗ୍ଲେ	52	4
ତାଂ	52	3
ଥ୍ର	52	3
ର୍ଥାଂ	51	5
ଟ୍ରୁ	51	4
ଜଂ	51	2
ନ୍ଦ୍ୱି	51	6
କ୍ସିଂ	51	5
ଫ୍ଲି	51	4
ମ୍ନୋ	50	4
ନ୍ମେ	50	4
ପ୍ଳା	50	4
ଟ୍ଟୀ	50	4
=	50	1
ମ୍ମେ	50	4
ନ୍ଙ୍କ	49	5
ସ୍ତୂ	49	4
ତ୍ସ୍ନା	49	6
ଣ୍ତ	49	3
ଲ୍ଡ୍	49	4
ସ୍ଖ	48	3
କ୍ଚ	48	3
′	48	1
ହିଁଁ	48	4
ଫୀ	48	2
ଲୈ	48	2
ଜ୍ୟୈ	47	4
ଡ୍ସ	47	3
ଫ୍ରାଂ	47	5
ମ୍ନୀ	46	4
ଶ୍ବା	46	4
ଦ୍ମି	46	4
ଥ୍ରୀ	46	4
ଭାଂ	46	3
ସ୍ପ୍ରେ	46	6
ସ୍ପିଂ	46	5
ର୍ଗୁ	45	4
ହ୍ମୀ	45	4
ଙ୍କୃ	45	4
ନ୍ଦ୍	45	4
ଲ୍ଡି	45	4
ର୍ଖା	45	4
ଘୀ	44	2
ର୍ତୁ	44	4
ର୍ଲ୍	44	4
ର୍ରା	44	4
ଣ୍ଠେ	44	4
ଦ୍ଵି	44	4
ଞ୍ଛ	44	3
ଭିଂ	44	3
ହ୍ନୋ	44	4
ଙ୍ଗ୍ରି	43	6
ସ୍ଥେ	43	4
ଣ୍ୟା	43	4
—	43	1
ପୁଂ	43	3
ର୍ଲ୍ଡ	43	5
ମ୍ପ୍	43	4
ର୍ଫା	43	4
ଲ୍ବି	43	4
ଦ୍ୱେ	42	4
ପ୍ତେ	42	4
ଷ୍କୋ	42	4
ୠ	42	1
ହ୍	42	2
ଲ୍ମ୍	42	4
ନ୍ଦ୍ୟ	42	5
ପ୍ପୁ	42	4
ସ୍ପ୍ରି	42	6
ଲ୍ଟ୍ରା	42	6
ର୍ୟ	41	3
ତ୍ଯା	41	4
ଙ	41	1
ର୍ରେ	41	4
ର୍କିଂ	41	5
ତ୍ୱି	41	4
ମ୍ଫି	41	4
ଡେ଼	41	3
ନ୍ଦ୍ରୋ	41	6
ଧୈ	40	2
ପ୍ଲୀ	40	4
କ୍ଳେ	40	4
ଡ୍ଗ	39	3
ର୍ଚି	39	4
ଲ୍ଲଂ	39	4
ଲ୍ମୀ	39	4
ମଃ	39	2
ସ୍ଫୀ	39	4
×	39	1
ର୍ଫ	38	3
ର୍ଜ୍ଜ	38	5
ପାଂ	38	3
ଣ୍ଣ	38	3
ନ୍ସୀ	38	4
ଦ୍ଘା	38	4
ଲ୍ଗୁ	38	4
ର୍ତ୍ତୋ	38	6
ହ୍ଣ	38	3
ର୍ଣ୍ଣ୍	38	6
ଲ୍ଟା	38	4
ସ୍ଵ	38	3
କ୍ୟୋ	37	4
ର୍ଟୁ	37	4
ଲ୍ର	37	3
ଲାଂ	37	3
ପ୍ରୌ	37	4
ର୍ଣ୍ଣୀ	37	6
କ୍କୋ	37	4
ଙ୍ଘି	37	4
ଧ୍	37	2
ଜ୍ମା	37	4
ଥୋଂ	37	3
ଣ୍ମ	36	3
ଶ୍ଳି	36	4
ଙ୍ଗ୍ଲୋ	36	6
ବ୍ଦି	36	4
ମ୍ବ୍ଲି	36	6
ସ୍କ୍ରୀ	36	6
ଫୈ	35	2
ଈଁ	35	2
ଗୈ	35	2
କ୍ଷ୍ଣ	35	5
ଶ୍ଳୀ	35	4
ଭ୍ରାଂ	35	5
ସାଁ	35	3
ମ୍ପ୍ଲା	35	6
ଥ୍ରି	35	4
ଧ୍ଧ୍ୟ	35	5
ର୍ଶ୍ଵ	35	5
ତୂ	34	2
ଦ୍ଯା	34	4
ନ୍କୁ	34	4
ଙ୍ଗ୍ର	34	5
ର୍ଟୋ	34	4
ଟୌ	34	2
ଣଃ	34	2
କ୍ନି	33	4
ନ୍ତ୍ର୍ୟ	33	7
ର୍ଡ଼୍	33	5
ତ୍ତ୍ବ	33	5
ଖ୍ୱା	33	4
ସ୍ରେ	33	4
ସ୍ଦ୍ୱା	33	6
ର୍ଲୋ	33	4
ଥ୍ରା	33	4
ତ୍ମୀ	32	4
ୟ୍	32	2
ଳଂ	32	2
ଲ୍ରେ	32	4
ଲ୍ମୋ	32	4
ହୋଁ	31	3
ର୍ର	31	3
ସ୍ଲେ	31	4
ଭ୍ରୂ	31	4
″	31	1
ଟ୍ୱେ	31	4
ଙ୍ଖୁ	31	4
ର୍ଚ୍ଚ୍	31	6
ର୍ଗ୍	31	4
ଣ୍ଡ୍ରେ	31	6
ଶ୍ଲେ	30	4
ର୍ଡିଂ	30	5
ଙ୍ଖ୍ୟା	30	6
ର୍ଦ୍ଦୋ	30	6
ଗ୍ସ	30	3
ନ୍ନୋ	30	4
ର୍ଫ୍ୟୁ	30	6
ୱୁ	30	2
ଷ୍ଟିଂ	30	5
£	30	1
ବ୍ବା	30	4
ଷ୍ଠୁ	29	4
ଣ୍ୱ	29	3
ର୍ହି	29	4
ନାଂ	29	3
ତ୍ଯେ	29	4
ର୍ଟ୍ସ	29	5
ଙ୍ଗ୍ସ	29	5
ଶ୍ଯ	29	3
ରାଁ	29	3
ବ୍ଳି	29	4
ଗ୍ନ୍ୟା	29	6
ଜୌ	29	2
ସ୍ମେ	29	4
ସ୍କ୍ରୋ	29	6
ଠୁଁ	28	3
ଞ୍ଛି	28	4
ଟ୍ଟେ	28	4
ଗୂ	28	2
ଥ୍ରେ	28	4
ର୍ଖ	28	3
ଭଂ	28	2
ସ୍ପୁ	28	4
ସ୍ରୁ	28	4
ସ୍ପ୍ଲି	28	6
ଷ୍ଯ	27	3
ର୍ହ	27	3
;	27	1
ର୍ଜ୍ଜୁ	27	6
ଷ୍ଟ୍ରୁ	27	6
ଟ୍ସ୍	27	4
ମ୍ମୋ	27	4
ଣ୍ଡ୍ରା	27	6
ପ୍ନେ	27	4
ୱ୍	27	2
ର୍ଚା	27	4
ସ୍ନୋ	27	4
ଗ୍ଗ	27	3
କ୍ଯୁ	26	4
ର୍ଲେ	26	4
॰	26	1
ଲ୍ହା	26	4
କ୍ଳୋ	26	4
ଲ୍କା	26	4
ର୍ଯୋ	26	4
ହୌ	26	2
ନ୍ଫୋ	26	4
ଲ୍ଲାଃ	26	5
ମ୍ନି	26	4
ତ୍ଯୁ	26	4
ବୂ	26	2
ଙ୍ଗ୍ରେ	26	6
ର୍ସୋ	26	4
ଙ୍ଘେ	26	4
ଣାଂ	25	3
ନ୍ସୁ	25	4
ର୍ଣ୍ଣ୍ଣ	25	7
ବ୍ୱା	25	4
କ୍ଳି	25	4
ଳ୍କୀ	25	4
ଷ୍ନ	25	3
ଗ୍ନାଂ	25	5
ବ୍ରୀ	25	4
!	25	1
ସ୍ମୋ	25	4
ନ୍ରି	25	4
କ୍ଟ୍	25	4
ସଁ	25	2
ର୍ଚେ	25	4
ନ୍ଥ୍ରା	25	6
ଗୋଂ	25	3
ଙ୍ଗ୍ଲି	24	6
ସ୍ଥ୍ୟା	24	6
ଷ୍ଟାଂ	24	5
ମୋୖ	24	3
ଧଃ	24	2
ର୍ଫେ	24	4
ଖୋଁ	24	3
ତ୍ସୋ	24	4
ମ୍ଭୌ	24	4
ତ୍ତୁ	23	4
ଜ୍ଜୀ	23	4
ତ୍ଥ	23	3
ହ୍ରି	23	4
ଲ୍ବ	23	3
ଚ୍ଚୋ	23	4
ଏଂ	23	2
ଲ୍ସ୍	23	4
ସ୍ନ	23	3
ନ୍ଦ୍ରେ	23	6
ର୍ନ୍ତ	23	5
ଲ୍ଭ	23	3
ପ୍ପୋ	22	4
ହ୍ମେ	22	4
ପ୍ପି	22	4
[	22	1
ର୍ଶ୍ୱି	22	6
ର୍କୁ	22	4
ଫ୍ଟି	22	4
ଞ୍ଚୀ	22	4
ତେଃ	22	3
ଙ୍କ୍ରା	22	6
ର୍ଣିଂ	22	5
ଧ୍ଯା	22	4
ର୍ଲ୍ୟା	22	6
ଦ୍ବୀ	22	4
ର୍ଭୋ	22	4
ସ୍ଲ	22	3
ର୍ଚୁ	22	4
ର୍ଷ୍ଟ	22	5
ଦ୍ଯ	22	3
†	22	1
ମ୍ସ୍	22	4
ମ୍ନାଂ	22	5
ସ୍ଵା	22	4
ଞ	21	1
ର୍ମୂ	21	4
ଶ୍ନୋ	21	4
ଦ୍ବା	21	4
ଲ୍ଡିଂ	21	5
ର୍ଲିଂ	21	5
ହ୍ରୁ	21	4
ଲ୍ଥ	21	3
ଳ୍	21	2
ତୌ	21	2
ହାଂ	21	3
ଗ୍ରାଁ	21	5
ଙ୍ଗ୍ରା	21	6
ଷ୍ପୀ	21	4
ମ୍ପ୍ଲି	21	6
ଲ୍ଟେ	21	4
ନ୍ଥ୍ରୋ	21	6
ମ୍ଲୋ	21	4
´	21	1
ର୍ଡ଼ୋ	21	5
ଞ୍ଚୂ	21	4
ଢେ଼	20	3
ର୍ଘା	20	4
କ୍ଯା	20	4
ର୍ନୋ	20	4
ଡ୍ଡା	20	4
ଲ୍ସି	20	4
ଷ୍ପେ	20	4
ଧୌ	20	2
ଗାଂ	20	3
ଟଂ	20	2
ର୍ଦୋ	20	4
ଲ୍ଯ	20	3
ଚଂ	20	2
ନ୍ଦ୍ୱୀ	20	6
ନ୍ସୋ	20	4
ଝାଁ	20	3
ନ୍ୟେ	20	4
ଉଁଁ	20	3
ଗ୍ଗା	20	4
ର୍ଯ୍ୟାଂ	20	7
ଲୋଂ	20	3
ନ୍ହି	20	4
ନ୍ତ୍ରାଂ	19	7
ମ୍ଲ	19	3
ଜ଼	19	2
ର୍ଲ୍ଲ	19	5
ର୍ଡ଼ିଂ	19	6
ଠ୍	19	2
ଲ୍ଡୋ	19	4
ଉଂ	19	2
ର୍ବ୍ୟ	19	5
ବ୍ୱେ	19	4
ର୍ଧି	19	4
ନ୍ଟା	19	4
ସ୍ଟୁ	19	4
ପ୍ଳୀ	19	4
ଫ୍ଟ୍	19	4
ଚାଂ	19	3
ମ୍କୁ	19	4
ସ୍ମୁ	19	4
ପ୍ୟୋ	19	4
କ୍ଷ୍ନୋ	19	6
ପ୍ଲାଂ	19	5
ମ୍ନେ	19	4
ସ୍କ୍	18	4
ଟ୍ଜ	18	3
ସ୍ତ୍	18	4
ଲ୍ଟୋ	18	4
ଲ୍ହ	18	3
ର୍ଭୀ	18	4
ର୍ଦ୍ରା	18	6
ସ୍ଥୁ	18	4
ର୍ତ୍ୟ	18	5
ଲୂ	18	2
କ୍ଯ	18	3
ବ୍ନ	18	3
ମ୍ପ୍ରେ	18	6
ଲ୍ପା	18	4
ଡାଃ	18	3
ବ୍ଲୋ	18	4
ର୍ଶେ	18	4
ରୋଁ	18	3
ଡୋଂ	18	3
ମ୍ମାଁ	18	5
ଶ୍ଵା	18	4
କୁଂ	17	3
ହ୍ମୋ	17	4
ସ୍ଥୂ	17	4
ଲିଃ	17	3
ଞ୍ଝି	17	4
−	17	1
ଗ୍ମୀ	17	4
ର୍ଣ୍ଣୋ	17	6
ଗଁ	17	2
ନ୍ୟୋ	17	4
ର୍ଟୀ	17	4
ନ୍ହା	17	4
ରାଃ	17	3
କାଁ	17	3
ନ୍କ	17	3
ଜ୍ଞେ	17	4
ହ୍ଲେ	17	4
ର୍ଟିଂ	17	5
ଦ୍ଦୁ	17	4
ଦ୍ର୍ୟା	17	6
କ୍ନୀ	17	4
କ୍ଯୋ	16	4
ଯୂ	16	2
ଗ୍ଣ	16	3
ପ୍ପୂ	16	4
ନ୍ଟି	16	4
ଗ୍ନୋ	16	4
ର୍ତୃ	16	4
ଳ୍ପେ	16	4
ର୍ଢ଼୍ୟ	16	6
ନ୍ଯୁ	16	4
ଜ୍ୟୁ	16	4
ଜ୍ଞୀ	16	4
ତ୍ୟୋ	16	4
ଦ୍ଗ	16	3
ସ୍ସା	16	4
ଣୂ	16	2
ସ୍ଚେ	16	4
ଚ୍ଚେ	16	4
ର୍ଦ୍ୱା	16	6
ଣ୍ଟ୍ରେ	16	6
ମ୍ମୀ	16	4
ଣ୍ଟ୍ର	16	5
ଓଂ	16	2
ଦ୍ଧୁ	16	4
ମ୍ବ୍ରୋ	16	6
ଙ୍ଖ୍ୟ	16	5
ଝାଂ	16	3
ଶ୍ରୌ	15	4
ଗ୍ଳା	15	4
ଧ୍ୟୁ	15	4
ଦ୍ଦ୍ୱା	15	6
ନ୍ରୁ	15	4
ଲ୍ଫା	15	4
ନ୍ୱା	15	4
ବାଁ	15	3
ର୍ତ୍ସ	15	5
ଗ୍ମା	15	4
ଡ଼଼ା	15	4
ୟୁଁ	15	3
ସ୍ସ	15	3
ନ୍ଧ୍ରା	15	6
ଯାଂ	15	3
ର୍ସିଂ	15	5
ର୍ୟା	15	4
ସ୍ଯା	15	4
କ୍ଷ୍	15	4
କ୍ଲୁ	15	4
େ	15	1
ଣ୍ତି	15	4
ଲ୍ଚ	15	3
ଦୁ୍ୟ	15	4
	15	1
ଥ୍ୟୁ	15	4
ଞ୍ଝ	15	3
ଶ୍ଚୀ	15	4
ସ୍ସି	15	4
ର୍ଦେ	15	4
ଫିଂ	15	3
ତ୍ଵ	15	3
ମ୍ଭୂ	14	4
ଣଂ	14	2
ସ୍ୱଂ	14	4
ତଂ	14	2
ଘ୍ନେ	14	4
ସ୍ପ୍ରିଂ	14	7
ସ୍ପ୍ଲେ	14	6
ଷ୍ପି	14	4
ର୍ଙ୍କ	14	5
ଭ୍ଭି	14	4
ର୍ଡ୍ସ	14	5
ସ୍ମୀ	14	4
ଗ୍ୱି	14	4
ପ୍ତୀ	14	4
ଦ୍ଗୀ	14	4
କ୍ରୂ	14	4
ଷ୍କି	14	4
ରଃ	14	2
ମ୍ରୁ	14	4
ଙ୍କ୍ରି	14	6
ଲ୍ଯା	14	4
ସ୍କ୍ର	14	5
ଣ୍	14	2
ଙ୍କ୍ସ	14	5
ମେଂ	14	3
ଲ୍ୟୋ	14	4
ଭ୍ଲ	14	3
ତ୍ଚ	14	3
ତ୍ଲା	14	4
ଜ୍ଜୋ	14	4
ଷ୍ତ	14	3
୳	14	1
ସ୍ବେ	14	4
ଘ୍	13	2
ର୍ୟ୍ୟ	13	5
ବ୍ଜ	13	3
*	13	1
?	13	1
₹	13	1
ଚ଼	13	2
ଣ୍ଡ୍ୟ	13	5
କ୍ସୁ	13	4
ଙ୍	13	2
ଜ୍ରା	13	4
ତ୍ର୍ୟ	13	5
ତ୍ଥି	13	4
ଶ୍ଲୋ	13	4
ଜ୍ଞୋ	13	4
ଷୃ	13	2
ଌ	13	1
ଣ୍ଡ୍ୟା	13	6
ର୍ୱା	13	4
ତ୍ତ୍ୟ	13	5
ଧ୍ୱୀ	13	4
ଭାଁ	13	3
ଡ଼ିଂ	13	4
ଲ୍ଗ	13	3
ଲ୍ୱା	13	4
ଲ୍କୁ	13	4
ଵା	13	2
ସ୍ଙ୍କ	13	5
ଡ୍ୱା	13	4
_	13	1
ତ୍ଛ	13	3
ତ୍ଶ	13	3
ଜ୍ଜୈ	13	4
ନ୍ୟୂ	13	4
ତ୍ସେ	13	4
ନ୍ଫି	13	4
ଘ୍ନା	13	4
ମ୍ଯୋ	13	4
ଚୋୖ	13	3
ନ୍ପୁ	12	4
ଢା଼	12	3
ଗିଂ	12	3
ମ୍ଦ୍ୱା	12	6
କ୍ଙ୍କ	12	5
ହ୍ଯ	12	3
ତେଁ	12	3
ସ୍ଠା	12	4
ରିି	12	3
ବ୍ୟି	12	4
ହ୍ଲ	12	3
ସ୍କ୍ରୁ	12	6
ମୁ୍କ୍ତି	12	7
ଷ୍ପ୍ରା	12	6
ଲ୍ଙ୍କ	12	5
ଙ୍ଘୀ	12	4
ଧ୍ୟେ	12	4
ଳ୍ୟ	12	3
ଶ୍ଲି	12	4
ପ୍ନୋ	12	4
ଭ୍ସ	12	3
କ୍ଜା	12	4
ଲ୍ଡ଼	12	4
ର୍ଥ୍	12	4
ସ୍ପ୍ରୁ	12	6
ଙ୍ଗ୍ଲ	12	5
ଲ୍କୋ	12	4
କୋୖ	12	3
ବ୍ୟାଂ	12	5
ର୍ମିଂ	12	5
ଝିଁ	12	3
ର୍ଶୃ	12	4
ଝ୍	12	2
ନ୍ସିଂ	12	5
※	12	1
ଟ୍ବେ	12	4
ଟ୍ୱା	11	4
ଖ୍ୟି	11	4
ର୍ଝ	11	3
ମ୍କା	11	4
ସ୍ତ୍ରୁ	11	6
ନ୍ତ୍ୱ	11	5
ଦ୍ବୈ	11	4
ନ୍ଡ	11	3
ପ୍ଳି	11	4
ଙ୍କ୍ର	11	5
ଲିି	11	3
ର୍ୟୁ	11	4
ଧ୍ରା	11	4
ଟ୍କୁ	11	4
ମ୍ଲା	11	4
ଚ୍ଯ	11	3
ଷ୍ଣେ	11	4
ଷ୍ଟ୍ୟୁ	11	6
…	11	1
ଲ୍ଗା	11	4
ଶ୍ନା	11	4
ଭ୍ଲା	11	4
ପ୍କୁ	11	4
ମ୍ବ୍ରା	11	6
ଟୃ	11	2
ଣ୍ଠୀ	11	4
ଲ୍ଡ୍ରେ	11	6
ପ୍ପେ	11	4
ଣ୍ତା	11	4
ଞ୍ଛୋ	11	4
ନ୍ୱୀ	11	4
ର୍ଥ୍ରୋ	11	6
ସ୍ଚୁ	11	4
କ୍କୀ	11	4
ଞି	11	2
ଭ୍ରି	11	4
ଗ୍ୟୁ	11	4
ସ୍ୱୋ	11	4
କ୍ଟ୍ରା	11	6
ଯାଁ	11	3
ଦ୍ୱଂ	11	4
ୱାଂ	11	3
ଲ୍ଫୀ	11	4
ଗ୍ଗି	11	4
ଲ୍ଲୂ	11	4
ମ୍ପ୍ରି	11	6
କ୍ଲିଂ	11	5
ବ୍ବେ	11	4
ତ୍ତ୍	10	4
ଷ୍ଣୋ	10	4
ଷ୍ଠେ	10	4
ଜ୍ରେ	10	4
ଲ୍ଟ୍	10	4
ସ୍ମ୍ରୁ	10	6
ଥୂ	10	2
ଡ୍ରୁ	10	4
କ୍ୟେ	10	4
ଆା	10	2
ମିଃ	10	3
ର୍ଷୁ	10	4
ଦ୍ଧୋ	10	4
ତ୍ନି	10	4
ଛଂ	10	2
ଷ୍ଠ୍ୟ	10	5
ର୍ଗ୍ୟ	10	5
ନ୍ତ୍ୟ	10	5
ଷ୍ପ୍ର	10	5
ମ୍ହା	10	4
ପାଁ	10	3
କ୍ତୀ	10	4
ନ୍ଗ	10	3
ନ୍ତ୍	10	4
ଶୃଂ	10	3
ର୍ଚ୍	10	4
ଶାଂ	10	3
ଫ୍ଳୋ	10	4
ଭ୍ଯା	10	4
ଢ଼଼	10	3
ନ୍ଥୁ	10	4
ଜ୍ଡ	10	3
ଢି଼	10	3
ନ୍ଡ୍ରୋ	10	6
ତ୍ପ୍ରେ	10	6
ମ୍ୟୋ	10	4
ରେଂ	10	3
ସ୍ଚ	10	3
ସ୍ଫା	10	4
ବ୍ଳା	10	4
ଫ୍ରୁ	10	4
ଗୋଁ	10	3
ର୍ଦୁ	10	4
୰	10	1
ଲ୍ଜ	10	3
ଜାଂ	10	3
ର୍ୟେ	10	4
କ୍ଟୁ	10	4
ଟ୍ଦ୍ୱା	10	6
】	10	1
ଚାଁ	10	3
ତ୍ଶା	10	4
ଥ୍ଲେ	10	4
ଣ୍ଟ୍ୟୁ	10	6
ର୍ଫୋ	10	4
କ୍ୟାଂ	10	5
ଗ୍ରଁ	10	4
ନ୍ଯେ	10	4
ଶ୍ଵି	10	4
ଜଃ	9	2
ପ୍ରଂ	9	4
ଗ୍ଯ	9	3
ଖ୍ରି	9	4
ର୍ଦ୍ଦ୍ୟ	9	7
ଷାଂ	9	3
ର୍ସୁ	9	4
ଆଃ	9	2
ର୍ଦ୍ଧ୍ବ	9	7
ଜ୍ରି	9	4
ଦାଂ	9	3
ଶ୍ଲୀ	9	4
▪️	9	2
କୈା	9	3
ର୍ଡୁ	9	4
ଧ୍ୱା	9	4
ବଃ	9	2
ଳ୍ପୋ	9	4
କଁ	9	2
ଖୈ	9	2
ଜାଁ	9	3
ୀ	9	1
ୟୈ	9	2
ବ୍ୱି	9	4
ନ୍ରା	9	4
ର୍ନ୍	9	4
ର୍ତୋ	9	4
ଚ୍ଛ୍ର	9	5
ଫ୍ଟିଂ	9	5
ଙ୍କିଂ	9	5
ଷ୍ଫୋ	9	4
ମ୍ପୀ	9	4
ଟ୍ରୀ	9	4
ଶ୍ଲୈ	9	4
ୱୀ	9	2
କ୍ଦ୍ୱା	9	6
ଣ୍ଯ	9	3
ୱିଂ	9	3
ଭ୍ଯ	9	3
ଲୁଂ	9	3
ବେଂ	9	3
ଜ୍ନ	9	3
ଟ୍ଲା	9	4
ଓଃ	9	2
	9	1
ଲ୍ଦ୍ୱା	9	6
ଲେଁ	9	3
ସ୍କ୍ରା	9	6
ହ୍ୱେ	9	4
ଶାଃ	9	3
ଙ୍ଗ୍ରୁ	9	6
【	9	1
ଲ୍ତୁ	9	4
•	9	1
ପ୍କି	9	4
ନ୍ନୌ	9	4
ରେଁ	9	3
ର୍ଘେ	9	4
ଫ୍ସି	9	4
ସ୍ୟୈ	9	4
ଦ୍ଵୀ	9	4
ଢ଼ୀ଼	8	4
ର୍ଚ୍ଛି	8	6
ନ୍ଠା	8	4
ମ୍ଠା	8	4
ଇँ	8	2
ଚ୍ଚୁ	8	4
ଡ଼଼ି	8	4
ଷ୍ଫ	8	3
ଗ୍ଳୋ	8	4
ଘଂ	8	2
ଦ୍ଯୋ	8	4
ଶ୍ଟ	8	3
ର୍ଦୃ	8	4
ପ୍ଳୋ	8	4
ସ୍ଟ୍	8	4
ଚ୍ଛ୍ୱା	8	6
ର୍ଦ୍ୟ	8	5
ଦ୍ଧୀ	8	4
ଙ୍କ୍ତି	8	6
କ୍ଷୌ	8	4
ଣ୍ୟେ	8	4
ନ୍ୟାଂ	8	5
ତ୍ସ୍ୟେ	8	6
ପ୍ଳୁ	8	4
ର୍ଦୀ	8	4
ସ୍ବୀ	8	4
ସ୍ଥୌ	8	4
ଟୂ	8	2
କ୍ଷ୍ଯ	8	5
ଗ୍ନୁ	8	4
ଢୌ	8	2
ର୍କ୍ସି	8	6
ଟ୍ଯ	8	3
ଗ୍ନ୍	8	4
ସ୍ଫେ	8	4
ତ୍ପୁ	8	4
ସଃ	8	2
ଜ୍ଜ୍ୟା	8	6
କ୍ଡ	8	3
ତୁଂ	8	3
କେଂ	8	3
ସ୍ସେ	8	4
କ୍କେ	8	4
ନ୍ନ୍	8	4
ଟେ୍	8	3
ମ୍ଳୀ	8	4
ର୍ଡ଼େ	8	5
ଞା	8	2
ନ୍ଟେ	8	4
କ୍ୟୁଁ	8	5
	8	1
ଷ୍ଟୂ	8	4
ଚ଼ା	8	3
ଗ୍ସ୍	8	4
ସ୍ପୀ	8	4
ଙ୍ଘ୍	8	4
ଲ୍ଦ	8	3
କ୍ଟିଂ	8	5
ଯ୍	8	2
ପ୍ଟ୍	8	4
ର୍ଜ୍ୟା	8	6
ନ୍କା	8	4
ଟ୍ମେ	8	4
ଡୌ	8	2
ଦୁଂ	8	3
ନ୍ଣ	8	3
ନ୍ଧ୍	8	4
ତ୍ସାଂ	8	5
ସୁଁ	8	3
ଧ୍ବଂ	8	4
ବ୍ସି	8	4
ସ୍ଥୀ	8	4
ଞ୍ଚିଂ	8	5
ଧ୍ଵ	8	3
ନ୍ଗୁ	7	4
`	7	1
ଦଃ	7	2
ଜ୍ଙ୍କ	7	5
ହାଃ	7	3
ଡ୍ଡ	7	3
ହିି	7	3
ବ୍ୟଂ	7	4
ମ୍ଯୁ	7	4
ଲ୍ଳା	7	4
ପ୍ଳେ	7	4
ଙ୍କ୍ରୋ	7	6
ଗ୍ଗୁ	7	4
ଶ୍ଯା	7	4
ସିଁ	7	3
ଦ୍ଭୂ	7	4
ଗ୍ନ୍ୟୁ	7	6
ଡୂ	7	2
ପ୍ଯୁ	7	4
ନ୍ଧ୍ରୀ	7	6
ର୍ଣୀ	7	4
ଢ୍ୟ	7	3
ର୍ଦ୍ୱ	7	5
ଜ୍ବ	7	3
ପେଁ	7	3
ଅାଁ	7	3
ର୍ରୁ	7	4
ର୍ତେ	7	4
ମ୍ପ୍ରୋ	7	6
କେଁ	7	3
ଖ୍ଟ	7	3
ର୍ଜୋ	7	4
ର୍ଫିଂ	7	5
ବ୍ଜା	7	4
ଥ୍ରୁ	7	4
ଟ୍ରାଂ	7	5
ଷ୍ତି	7	4
ଖ୍ମ	7	3
ଣ୍ଡ୍ରୁ	7	6
ଫ୍ରୀ	7	4
ଗ୍ଦ	7	3
ଭ୍ରୋ	7	4
ଟୈ	7	2
ଜ୍ମୋ	7	4
ଦ୍ଧ୍ୟା	7	6
କ୍ନେ	7	4
ନ୍ଫ୍ଲୁ	7	6
ର୍ଯ୍ୟଂ	7	6
ସ୍ପ୍ରା	7	6
ର୍ଦ୍ଦ୍ୱ	7	7
ଡ୍କୁ	7	4
କ୍ମୀ	7	4
କ୍ଜି	7	4
ଟ୍ଙ୍କ	7	5
ଗ୍ହ	7	3
ପ୍ନି	7	4
ଶ୍କ	7	3
ସ୍ଗୋ	7	4
ବ୍ସ୍	7	4
ଦ୍ଧ୍ୱ	7	5
ଣ୍ଟୀ	7	4
ର୍ୱ	7	3
ଲ୍ପୁ	7	4
ଲ୍ୱେ	7	4
ମ୍ଫ୍ରି	7	6
କ୍ୟି	7	4
ଘୁଂ	7	3
କ୍ଲୈ	7	4
ଗ୍ୱେ	7	4
ର୍ମ୍	7	4
ହେଁଁ	7	4
ଗ୍ୱାଂ	7	5
ଞ୍ଜ୍ୟୁ	7	6
ପ୍ଲିଂ	7	5
ବ୍ବୁ	7	4
ଫ୍ନା	7	4
ଜୌଂ	7	3
ନେଁ	7	3
କ୍ଷ୍ୱା	7	6
ହ୍ଵା	7	4
ଧ୍ର	6	3
ତିଃ	6	3
ଦ୍ୟାଂ	6	5
ଛିି	6	3
ସ୍କିଂ	6	5
କଃ	6	2
ର୍ୱି	6	4
ମ୍ବ୍	6	4
ଢ଼ୋ	6	3
ଭୁଂ	6	3
ଶିଁ	6	3
ଙ୍ଖେ	6	4
ନ୍ତ୍ରୋ	6	6
ନ୍ଙ୍କୁ	6	6
ଧ୍ୟ୍ୟା	6	6
ର୍ଲୀ	6	4
ଣ୍ଦ	6	3
କ୍ଷ୍ମି	6	6
ଲ୍ବେ	6	4
କେ୍	6	3
ର୍ବାଂ	6	5
ବାଃ	6	3
ଯ୍ଯ	6	3
ଦ୍ଜୀ	6	4
ତ୍କୀ	6	4
ଶ୍ମା	6	4
କ୍ରୌ	6	4
କ୍ଶ	6	3
କ୍ତ୍ରି	6	6
ର୍କ୍ସ୍	6	6
ଲ୍ଫ୍	6	4
ଲ୍ତ	6	3
ଭ୍ୟୋ	6	4
ହ୍ୟି	6	4
ମ୍ପ୍ସ	6	5
ର୍ଲ୍ସ୍	6	6
ର୍ଜ୍ୟୋ	6	6
ଧ୍ୟ୍ୟ	6	5
ତ୍ବା	6	4
ୟେଁ	6	3
ନ୍ଦ୍ରୁ	6	6
ମ୍ପ୍ରା	6	6
କ୍ଷ୍ନ	6	5
ବ୍ଦୁ	6	4
ଫ୍ଙ୍କ	6	5
ଚେଂ	6	3
ଜୂ	6	2
ନ୍ଟ୍	6	4
ଦ୍ଗି	6	4
ର୍ଧେ	6	4
କ୍ୱୋ	6	4
ଖୋଂ	6	3
ଥାଂ	6	3
ର୍ଣ୍ଣିଂ	6	7
ର୍ଟ୍ରା	6	6
ରିଃ	6	3
ମ୍ରୋ	6	4
ସ୍ଥୋ	6	4
ଜ଼ା	6	3
ର୍ୟ୍ଯ	6	5
ର୍ଠା	6	4
ସେଂ	6	3
ଖୂ	6	2
ରୁଂ	6	3
ଙ୍ଗ୍ୟ	6	5
ସୁଂ	6	3
ପେଂ	6	3
ଶ୍ୱୀ	6	4
ଦ୍ବ	6	3
ଲ୍ସା	6	4
ଜ୍ପୁ	6	4
ଲ୍ଗୋ	6	4
ଜ୍ନୋ	6	4
ର୍ଡୀ	6	4
ଣ୍ଡ୍ର୍ୟୁ	6	8
ସ୍ଡ	6	3
ସ୍ପ୍ର	6	5
ନ୍ନ୍ୟ	6	5
ମ୍ଯା	6	4
ଥ୍ଯି	6	4
ବ୍ୟେ	6	4
ସ୍ଳି	6	4
ନ୍ଟୂ	6	4
ଫ୍ତ	6	3
ହୋଂ	6	3
ଙ୍ଖୋ	6	4
↑	6	1
ର୍ଚ୍ୟୁ	6	6
ୟେଃ	6	3
ଷୂ	6	2
ନ୍ଯୋ	6	4
ସ୍କ୍ୱି	6	6
ପ୍ୱେ	6	4
ଣ୍ଡ୍ସ	6	5
ମାେ	6	3
ମ୍ଟେ	6	4
୲	6	1
ଲୋଁ	6	3
ର୍ଟ୍ରି	6	6
ତ୍ତ୍ବେ	6	6
ଫ୍ଟା	6	4
ଲ୍ଵ	6	3
ପ୍ପୋଁ	5	5
ଂ	5	1
ଢ଼ି଼	5	4
ଦ୍ରଂ	5	4
ତାଃ	5	3
²	5	1
ଷ୍ତା	5	4
ର୍ଶ୍ବ	5	5
ର୍ଡ୍ୱେ	5	6
ଲ୍ରୁ	5	4
ମ୍ବୂ	5	4
ମ୍ୟାଁ	5	5
ବ୍ଂ	5	3
ଜ୍ମ୍	5	4
ଛ୍ହି	5	4
ହ୍ଲି	5	4
ନ୍ଡି	5	4
ଳ୍ଲା	5	4
ଗ୍ମି	5	4
ଗ୍ଳୁ	5	4
ବ୍ଦେ	5	4
ଡେଂ	5	3
ରେି	5	3
ସ୍ଳୋ	5	4
ଚ୍ଚୈଃ	5	5
ମ୍ଳେ	5	4
ର୍ଟ୍ରେ	5	6
ତ୍ରିଂ	5	5
କିି	5	3
ଚ୍ଯୁ	5	4
ନ୍ମ୍	5	4
ୄ	5	1
ଷ୍ଚେ	5	4
ବୈା	5	3
ର୍ଚ୍ଛ	5	5
ବି଼	5	3
ଶ୍ପ	5	3
ଲାଃ	5	3
ଦ୍ଜା	5	4
ଡ୍ୱି	5	4
ନ୍ରୋ	5	4
ର୍ଫ୍	5	4
ର୍ହା	5	4
କ୍ଲୀ	5	4
ଛ୍ଛି	5	4
ସ୍ତ୍ରେ	5	6
ର୍ୟୋ	5	4
ନେ୍	5	3
#	5	1
ସିି	5	3
ନ୍ହ	5	3
ଗ୍ଯା	5	4
ର୍ଣେ	5	4
ର୍ବ୍ୟା	5	6
ଫ୍ୟ	5	3
ତ୍ସୀ	5	4
ଲ୍ଫେ	5	4
ଶ୍ଚୁ	5	4
ନ୍ୟ୍	5	4
ର୍ବିଂ	5	5
≈	5	1
କ୍ଷୂ	5	4
ଘେଁ	5	3
ଭୋଁ	5	3
କ୍ସୀ	5	4
କ୍ଜୋ	5	4
ଧ୍ରୌ	5	4
କ୍ଷ୍ଯା	5	6
ଲ୍ପି	5	4
ସ୍ଟ୍ରୁ	5	6
ଡ଼୍ର	5	4
ର୍ଧ୍ୱ	5	5
ଗ୍ୟେ	5	4
ଳ୍ଡ	5	3
ସ୍ଙ୍କୁ	5	6
ଫ୍ଳୁ	5	4
ର୍ଣ୍	5	4
ଭ୍ସ୍	5	4
ଲ୍ଥ୍	5	4
ଲ୍ଦି	5	4
ହିା	5	3
ସ୍ଲୁ	5	4
ଧ୍ଧ	5	3
ଖଃ	5	2
ଗ୍ୟୋ	5	4
ଦୁଁ	5	3
କାଃ	5	3
ଚ୍ଛ୍	5	4
ସ୍ସୁ	5	4
ଗ୍ୱ	5	3
ହ୍ର୍	5	4
ନ୍ଶ	5	3
ହୈଁ	5	3
ଫ୍ଟୋ	5	4
ଶ୍ଳ	5	3
ଫ୍ତା	5	4
ର୍ନୁ	5	4
ର୍ସ୍ଟ	5	5
ଚ୍ଯା	5	4
କ୍ଷ୍ଯେ	5	6
ର୍ଜ୍ଯ	5	5
ଝୌ	5	2
ସ୍ଜି	5	4
କ୍ଷ୍ୟେ	5	6
ର୍ଚ୍ଚୁ	5	6
ନ୍ଚ	5	3
ର୍ଝି	5	4
ମ୍ହେ	5	4
ଲେଃ	5	3
ଲ୍କେ	5	4
ର୍ଲୁ	5	4
ଟେଂ	5	3
ମ୍ଗେ	5	4
କ୍ଳୀ	5	4
ପ୍ଦ୍ୱା	5	6
ର୍ଷ୍ଟେ	5	6
ଶ୍ୟୋ	5	4
ଡାଂ	5	3
ଶ୍କୋ	5	4
ଗୁଁଁ	5	4
ର୍ଖି	5	4
ଡ଼ିି	5	4
ଧ୍ଧ୍ୟା	5	6
→	5	1
ଡ୍ଲ	5	3
ଙ୍କ୍ଡ	5	5
ଗ୍ଯୁ	5	4
ଣ୍ଡୋଂ	5	5
ନ୍ବି	5	4
ନ୍ଫ୍ରା	5	6
ଲ୍ଭୁ	5	4
ଧ୍ବ	5	3
ତ୍ତ୍ଵ	5	5
ଶ୍ଵେ	5	4
କ୍ଷ୍ଯୁ	4	6
କ୍ତୋ	4	4
ବ୍ଡି	4	4
ବୋଂ	4	3
ଊଁ	4	2
ଙ୍ଗୃ	4	4
ଲ୍ଂ	4	3
ସ୍ଷ୍ଟା	4	6
ଥିଂ	4	3
ଗୁँ	4	3
ର୍ପୃ	4	4
ଦେଁ	4	3
ଲେଂ	4	3
ଙ୍କ୍ଷା	4	6
ର୍ଜ୍ଜି	4	6
କୋଂ	4	3
ପେ୍	4	3
ମ୍ସା	4	4
ଜେଂ	4	3
ଯଂ	4	2
ନ୍ତିା	4	5
ଜୁଃ	4	3
ସ୍ଚା	4	4
କ୍ଷ୍ୟୁ	4	6
ଫ୍ଟେ	4	4
ଙ୍ଗ୍ୟା	4	6
ଷ୍ଟ୍ଯ	4	5
ଦ୍ଘୋ	4	4
ମଁ	4	2
ରୁଁ	4	3
ନାଃ	4	3
ମାଃ	4	3
ନ଼	4	2
ଗୁଂ	4	3
ର୍ମ୍ମ	4	5
ଦ୍ଦ୍ୟ	4	5
ଥିି	4	3
ନ୍ଚା	4	4
ଟ୍ନା	4	4
ଟ୍ୱ	4	3
ସ୍ୱୈ	4	4
ଫ୍ସ	4	3
ଡ୍ସ୍	4	4
ଜ୍ଜେ	4	4
ଓ଼	4	2
ର୍କ୍ୟୁ	4	6
ଢ଼୍ୟ	4	4
ଏଁଁ	4	3
ହଃ	4	2
ନ୍ଜି	4	4
ଲ୍ମା	4	4
ଚୁ୍ୟ	4	4
ଽ	4	1
ଖଂ	4	2
ଶ୍ରୂ	4	4
କ୍ନ	4	3
ର୍ଷୋ	4	4
ମ୍ଲି	4	4
କ୍ମା	4	4
ର୍ଲ୍ୟୁ	4	6
ଜ୍ଦ	4	3
ନ୍ୱ୍ୟା	4	6
ଶ୍ନୀ	4	4
ର୍ଯୁ	4	4
ନ୍ତ୍ୟେ	4	6
ତ୍ନେ	4	4
ୱ୍ୱ	4	3
ଦିଂ	4	3
ନ୍ଟ୍ରି	4	6
ନ୍ଡ୍	4	4
ଥିେ	4	3
ଲୁଁ	4	3
ତ୍ତ୍ୱ୍	4	6
କୁଁ	4	3
ଲ୍ଭି	4	4
ୱ୍ୱେ	4	4
ସେଁ	4	3
ଣ୍ୟୁ	4	4
ଦାଃ	4	3
>	4	1
ଣ୍ଡ୍ୟୁ	4	6
ଗ୍ରଂ	4	4
ଥୈ	4	2
ଲ଼୍ଲା	4	5
ତିି	4	3
ନ୍ଜ	4	3
ତ୍ପି	4	4
କୁୁ	4	3
ଷ୍କ୍କ	4	5
ଞ୍	4	2
ଲ୍ଳ	4	3
ଯ଼ା	4	3
ଲ୍ଜି	4	4
ୟ୍ୟ	4	3
ନ୍ନାଃ	4	5
କ୍ବି	4	4
କ୍ଶି	4	4
କ୍ଶେ	4	4
ଗ୍ପୁ	4	4
ନ୍ଦ୍ଶ	4	5
ଲ୍ଗି	4	4
ଚ୍ଦ୍ୱା	4	6
ପୄ	4	2
ସ୍ସୀ	4	4
କ୍ତ୍	4	4
ଲ୍ଳି	4	4
ନ୍ଲା	4	4
ଡ଼୍ଦ୍ୱା	4	7
&	4	1
ବ୍ଯୁ	4	4
ୟୋଂ	4	3
ଖ୍ୱ	4	3
ପ଼	4	2
ଖ୍ତ	4	3
କ୍ୱୁ	4	4
ସୋଂ	4	3
ଡଂ	4	2
ଗ୍ରାଂ	4	5
କ୍ର୍ରି	4	6
ଧ୍ହୀ	4	4
ରୋଂ	4	3
ଥ୍ଭି	4	4
ୟିଂ	4	3
ଅ୍	4	2
କ୍ସ୍ଟ	4	5
ପୋଂ	4	3
ଡ୍ଡେ	4	4
ଫ୍ଫା	4	4
ବ୍ର୍ଯା	4	6
ପ୍ଯା	4	4
କ୍ୟୋଁଁ	4	6
କ୍ତୁ	4	4
ସ୍କୀ	4	4
ୱାଃ	4	3
ଲ୍ହେ	4	4
ର୍ବୃ	4	4
ନୋଃ	4	3
ଛ୍ଛା	4	4
ଡ଼ଃ	4	3
ନ୍ଫା	4	4
ସ୍ସୋ	4	4
ପ୍ପୀ	4	4
ଡ୍ୱେ	4	4
ଘ୍ୟୋ	4	4
ଇେ	4	2
ଓୌ	4	2
ଯୈା	4	3
¸	4	1
ଟିଁ	4	3
ତ୍ୟୂ	4	4
ଭିଃ	4	3
ବ୍ଧୀ	4	4
ସ୍ତାଁ	4	5
ଟ୍କ	4	3
ହ୍ବା	4	4
ଷ୍ମୋ	4	4
ର୍ଷ୍ୟା	4	6
ଣ୍ଟୁଂ	4	5
ଗ୍ଗେ	4	4
ଫାଂ	4	3
କ୍ଲାଂ	4	5
ଜ୍ନି	4	4
କ୍ଡ୍	4	4
ହ୍ଳା	4	4
ୟାଃ	4	3
ଥ୍ୱା	4	4
ସ୍ବି	4	4
କ୍ଵା	4	4
ସ୍ଵି	4	4
ସ୍ପ୍ଲା	3	6
ର୍ଯ୍ୟେ	3	6
ଠ୍ଯ	3	3
ଡ୍ରୀ	3	4
ଗ୍ବେ	3	4
ତ୍ର୍ୟା	3	6
ଷ୍ୱ	3	3
ଡ଼ା଼	3	4
ୟଁ	3	2
ତ୍ର୍	3	4
ନ୍ୟି	3	4
ନ୍ଲି	3	4
ଶ୍ଟି	3	4
ନ୍ଡୀ	3	4
ନ୍ଚି	3	4
ଟ୍ଯା	3	4
ର୍ଜ୍ଜା	3	6
ଟ୍ଲି	3	4
ତ୍ଲି	3	4
ର୍ୱେ	3	4
ଦ୍ନ	3	3
ବ଼ା	3	3
ଜ଼ି	3	3
ନ୍ଥ୍	3	4
ଦ୍ଧ୍ୟ	3	5
ତ୍ସ୍ଯ	3	5
ନ୍ତ୍ରେ	3	6
ଙ୍ଗ୍ଲା	3	6
\	3	1
ତ୍ୱେ	3	4
ଳୌ	3	2
ଟ୍ଠା	3	4
ର୍ଯ଼୍ୟ	3	6
ଖ୍ରା	3	4
ଲ୍ଳୀ	3	4
କ୍ଠା	3	4
ଜ୍ଙ୍କୁ	3	6
ତୄ	3	2
ଶେ୍	3	3
ଥିା	3	3
ନ୍ଷ୍ଟି	3	6
ଖୀଂ	3	3
ଏା	3	2
ଗୈା	3	3
ଯେଁ	3	3
ମ୍ଲେ	3	4
ଛ୍ଛ	3	3
ଚ୍ଛୋ	3	4
ମିି	3	3
ଷ୍ଣୂ	3	4
ମ୍ୟାଂ	3	5
ଗ୍ନ୍ୟ	3	5
ର୍ଧ୍ୟା	3	6
ତ୍କ୍ଷ	3	5
ଦ୍ଦ୍ଯେ	3	6
ପଃ	3	2
ତ୍ଖ	3	3
ପୁ୍ନ	3	4
ୣ	3	1
ଯୋଂ	3	3
ୡ	3	1
ଟେଃ	3	3
ଐଂ	3	2
ମ୍ନ୍	3	4
ତୁ୍ୟ	3	4
ଦ୍ୱୋ	3	4
ଙ୍ଗ୍ଲେ	3	6
ଳଃ	3	2
ଷ୍ୱା	3	4
ମ୍ପ୍ରୀ	3	6
ର୍ଛ	3	3
ର୍ତ୍ତ୍ୟା	3	8
ଷ୍ଫୁ	3	4
ଚ୍ର	3	3
ଷ୍ଠାଂ	3	5
ଚୋଂ	3	3
ଣ୍ଡ୍ସ୍	3	6
ଲ୍ଯୁ	3	4
ଯୈ	3	2
ଶ୍ଛି	3	4
ଲ୍ଳେ	3	4
ର୍ରି	3	4
ର୍ସ୍କ	3	5
ଳାଂ	3	3
ଚ୍ଚୈ	3	4
ଲ୍କି	3	4
ଶ୍ଛେ	3	4
ଦ୍ଧ୍	3	4
ଲ୍ଫୋ	3	4
ବ୍ଡେ	3	4
ଜ୍ରୁ	3	4
ଭାେ	3	3
ଲେ୍	3	3
ସ୍ଠି	3	4
ଚ୍ଛ୍ୱ	3	5
ଣ୍ଣି	3	4
ନ୍ବ	3	3
ସ୍ତ୍ରି	3	6
କ୍ଷ୍ମୌ	3	6
ନ୍ତ୍ର୍ର	3	7
ବ୍ରୋଂ	3	5
ଞ୍ଛେ	3	4
ଦ୍ୟେ	3	4
ହ୍ୟେ	3	4
ତ୍ପ୍ର	3	5
ୱାଁ	3	3
ଧ୍ୟାଂ	3	5
ନ୍ଡା	3	4
ତ୍ତୃ	3	4
ଣ୍ଢି	3	4
ନ୍ଡ୍ରା	3	6
ଚ଼ୀ	3	3
ଫ୍ୟୋ	3	4
ଦ଼	3	2
ନ୍ଟ୍ରା	3	6
ତ୍ରଂ	3	4
ର୍ଦ୍ଧାଂ	3	7
ଙ୍ଗାଂ	3	5
~	3	1
ତ୍ୟଂ	3	4
କ୍ୟୂ	3	4
ର୍ନିଂ	3	5
ଗ୍ଦ୍ୱା	3	6
ର୍ଗ୍ର	3	5
ର୍ଟ୍ସ୍	3	6
ତ୍କେ	3	4
ର୍ଖେ	3	4
ଡ଼୍ରା	3	5
ଫ୍ଳା	3	4
ନ୍ଡୋ	3	4
ଷ୍ୟୋ	3	4
ତ୍କି	3	4
ର୍ଦ୍	3	4
ଷ୍ଚୁ	3	4
ମ୍ମ୍ୟ	3	5
ସ୍ଟୃ	3	4
କ୍ଚୋ	3	4
ମ୍ଙ୍କ	3	5
ମ୍ଙ୍କୁ	3	6
ହ୍ରୀ	3	4
ଦଁ	3	2
ଫେଂ	3	3
ଣ୍ସ	3	3
ର୍ରୋ	3	4
ଟ୍ଲ	3	3
ସ୍ଠ	3	3
ପ୍ସୋ	3	4
ତ୍ତାା	3	5
ଳୁଁ	3	3
ର୍ଭ୍	3	4
ର୍ତ୍ତ୍ରୀ	3	8
ର୍ଣ୍ଣିି	3	7
ଜ୍ଯା	3	4
ଗ୍ମେ	3	4
ଇ୍	3	2
ଲ୍ଦୀ	3	4
ବିା	3	3
ସ୍ତ୍ୟୋ	3	6
ଷ୍ଣ୍ଣ	3	5
କ୍ତ୍ରୋ	3	6
ବ୍ରୌ	3	4
ଙ୍କ୍ୟ	3	5
ହ୍ତ	3	3
ହ୍ୱୁ	3	4
ଜ୍ସ	3	3
ଜ୍ୱି	3	4
ହ୍ଁର	3	4
ଶ୍ଚ୍ୟ	3	5
ଳୂ	3	2
ପଁ	3	2
ନ୍ଫ	3	3
ବ୍ସା	3	4
ରୁୁ	3	3
ଶ୍ନେ	3	4
ସ୍ତୌ	3	4
ର୍ପ୍	3	4
ସ୍ଟ୍ନା	3	6
ଫ୍ନ	3	3
ସ୍ତ୍ରୈ	3	6
ହ୍ମୁ	3	4
ଥୃ	3	2
ନ୍ଲେ	3	4
ଶଁ	3	2
ଞ୍ଝେ	3	4
ଡ଼୍ସ	3	4
କାୖ	3	3
ଙ୍କୁୁ	3	5
ର୍ଙ୍କୁ	3	6
ପ୍ୱା	3	4
ମ୍ପ୍ୟ	3	5
ଫୂ	3	2
ଖେଁ	3	3
ଲ୍ଲ୍ୟ	3	5
ଧ୍ହ	3	3
ଙ୍ଗ୍ଫୋ	3	6
ମ୍ଫ୍ରେ	3	6
ଚ୍ରେ	3	4
ନ୍ଧ୍ଯା	3	6
ଣେେ	3	3
ବ୍ୟୂ	3	4
ଙ୍କ୍ଲେ	3	6
ନ୍ଶୋ	3	4
ଜୋଂ	3	3
ସୋଁ	3	3
ଙ୍ଘୁ	3	4
କ୍କ୍ରା	3	6
ସ୍ୟେ	3	4
ଷ୍ମୀ	3	4
ୱ୍ୱି	3	4
ବୋଁ	3	3
ନ୍ସ୍କ	3	5
ତ୍ତ୍ରୁ	3	6
କୋଃ	3	3
ଲ୍ତା	3	4
׃	3	1
ଛ୍ଛେ	3	4
ହ୍ମି	3	4
ଛ୍ଛୁ	3	4
ର୍ସ୍କି	3	6
ସ୍କ୍ରେ	3	6
ଦ୍ରୃ	3	4
ପ୍ଚା	3	4
ଲ୍ଭା	3	4
ପ୍ଚୁ	3	4
ଟ୍ଜ୍	3	4
ର୍ଷ୍ଟ୍	3	6
ର୍ଲ୍ଡ୍	3	6
ବିେ	3	3
କୗ	3	2
ନ୍ଧୋ	3	4
÷	3	1
ର୍କ୍ୱେ	3	6
ର୍ଲ୍ଡ଼	3	6
ଧ୍ୟ୍	3	4
ୱ୍ୱଁ	3	4
ଟ୍ୟାଂ	3	5
ଲ୍ଟ୍ର	3	5
ଣ୍ତେ	3	4
ଲଁ	3	2
ଟ୍ରୂ	3	4
ହ୍ବି	3	4
ଲ୍ରି	3	4
ତ୍ଜା	3	4
ଟ୍ଲୁ	3	4
ଞ୍ଚୁଂ	3	5
ଚ୍ୟୋ	3	4
ମ୍ଗୁ	3	4
ବ୍ବି	3	4
କ୍ଙ୍କୁ	3	6
ଜ୍ଦ୍ୱା	3	6
ସ୍ଯୁ	3	4
ର୍ରୀ	3	4
ଫାଃ	3	3
ନ୍ବା	3	4
ମ୍ଫୁ	3	4
ମ୍ପିଂ	3	5
ଦାଁ	3	3
କ୍ଲୌ	3	4
ଫ୍ଟ୍ରି	3	6
ଦ୍ମେ	3	4
ଥ୍ବୀ	3	4
­	3	1
ଙ୍ଗ୍ରୋ	3	6
ଲ୍ଙ୍କୁ	3	6
ୱ୍ୟେ	3	4
ମ୍ୱ	3	3
ମ୍ଖା	3	4
ଜ୍ଜ୍ଵ	3	5
ଵେ	3	2
ଶ୍ବେ	3	4
ପ୍ଦା	2	4
ଥଃ	2	2
ପ୍ତୋ	2	4
ର୍କ୍ସୀ	2	6
ଡ୍ରିଂ	2	5
ଜାଃ	2	3
ଣ୍ଦି	2	4
ତ୍ରୌ	2	4
ଣ୍ର	2	3
ଡ୍ଡ୍ୟା	2	6
ଡ଼ି଼	2	4
ରୃ	2	2
ଲ୍ଡ଼ିଂ	2	6
ଞ୍ଚ୍ୟା	2	6
ପ୍ତୁ	2	4
ଦ୍ଦ୍ୟେ	2	6
ଦ୍ୱୁ	2	4
ଣ୍ଡୃ	2	4
ଣ୍ଟ୍ସ୍	2	6
ଚ୍ନ	2	3
ସ୍ଛା	2	4
ତ୍ତିି	2	5
ପି୍ର	2	4
ଦେି	2	3
ନ୍କେ	2	4
ଘ୍ୟ	2	3
ର୍ଙ୍ଗ	2	5
ସ୍ତାଂ	2	5
ଣ୍ଟୈ	2	4
ଙ୍ଗ୍ଳା	2	6
ଷ୍ନା	2	4
ର୍ଧ୍ଧ	2	5
ଣ୍ଡ଼ି	2	5
ଛୁଁ	2	3
ଯ଼	2	2
ର୍ଯ଼୍ୟା	2	7
ନ୍ହୁ	2	4
ଙ୍ଚି	2	4
ନ୍ଚୁ	2	4
ର୍ମ୍ମା	2	6
ଭୁ୍ୟ	2	4
ନ୍ସ୍ର	2	5
ନ୍ତୃ	2	4
ହାେ	2	3
ଳ୍କି	2	4
ଛିା	2	3
ଜ୍ଞି	2	4
ଆଁଁ	2	3
ଶ୍ୱ୍ୱ	2	5
ଳ୍କ୍ୟ	2	5
ଡ଼୍ଗ	2	4
ଥ୍ୱି	2	4
ଢୋ଼	2	3
ସ୍ତ୍ରୃ	2	6
ର୍ତ୍ୟୁ	2	6
ର୍ବ୍ୱା	2	6
କ୍ତ୍ୟା	2	6
କ୍ତ୍ୱା	2	6
ପୂଂ	2	3
ଣ୍ଡୂ	2	4
କ୍ତ୍ୟ	2	5
ବ୍ପୁ	2	4
ହିାଁ	2	4
ଦ୍ବେ	2	4
ଝଂ	2	2
ତ୍କୁ	2	4
ତ୍କ୍ର	2	5
ହ୍ଲୀ	2	4
ୂ	2	1
ୃ	2	1
ଲୃ	2	2
ତ୍କ୍ଷି	2	6
￼	2	1
ୟୁଃ	2	3
ର୍ଦ୍ଧ୍ୟା	2	8
ବ୍ହା	2	4
ର୍ଥଂ	2	4
ର୍ଯ୍ୟୁ	2	6
ଡୁ଼	2	3
ଡ୍ଡ଼ୀ	2	5
ମ଼	2	2
ସ୍ମ୍ରି	2	6
ତ୍ନୋ	2	4
ହ୍ଲୀଂ	2	5
କ୍ଲୀଂ	2	5
ର୍ଛା	2	4
ର୍ଘୋ	2	4
ଧ୍ନ	2	3
ତ୍ଦ୍ରା	2	6
ଲ୍ଚି	2	4
ଛାଂ	2	3
ଗଃ	2	2
ସ୍ଜା	2	4
ଜିେ	2	3
ଭିେ	2	3
ୟୋଁ	2	3
ତ୍କୋ	2	4
ହ୍ଯା	2	4
ତ୍ଙ୍କୁ	2	6
ବ୍ନି	2	4
ସ୍କ୍ଲା	2	6
ର୍ସ୍ଚ	2	5
ଜ଼େ	2	3
ଷ୍କୀ	2	4
ଥ୍ଙ୍କ	2	5
ତ୍ୱୋ	2	4
ଷ୍ତ୍ର	2	5
ଦ୍ଭେ	2	4
ଲ୍ପୀ	2	4
ଦ୍ୱ୍ୟ	2	5
ନ୍ସ୍କ୍ରୁ	2	8
ତ୍ୱାଂ	2	5
ଜ୍ମୀ	2	4
ଲ୍ଲ୍ୟୁ	2	6
ଫ୍ଲ୍ୟୁ	2	6
ଶୁଂ	2	3
ତ୍ଲ	2	3
ପ୍ଟୀ	2	4
ପ୍ସୁ	2	4
କ୍ନା	2	4
ଶ୍କୃ	2	4
କ୍ଲ୍ଲ	2	5
ଠିଁ	2	3
ଚ୍ଛୀ	2	4
ଜ୍ଠା	2	4
ତିଂ	2	3
ଭେଂ	2	3
ଉି	2	2
ଫ୍ଟ୍ସ	2	5
କୁ୍ୟ	2	4
ବ଼	2	2
ସ୍ପୂ	2	4
ଣ୍ଚି	2	4
ଦିା	2	3
ତ୍କ୍ଷେ	2	6
ଯାା	2	3
ବ୍ଳେ	2	4
ମିଁ	2	3
ସ୍ଫ୍ରୁ	2	6
ଫ୍ଫ	2	3
ଦେ୍	2	3
ହୁଃ	2	3
ଗ୍ଲୈ	2	4
ର୍ଭ୍ୟା	2	6
ଷ୍ପୁ	2	4
ସ୍ରି	2	4
ମ୍ଳି	2	4
ଣ୍ଥି	2	4
ର୍ନ୍ନ	2	5
ବ୍ଳୁ	2	4
ହ୍ଁ	2	3
ଜ୍ଯେ	2	4
ତ୍ୱ୍ୱ	2	5
ମ୍ଭ୍	2	4
ଦ୍ୟି	2	4
଼ି	2	2
ଣ୍ଡଃ	2	4
ସ୍ମୈ	2	4
ଷ୍ଣ୍ଣୁ	2	6
ଷ୍ନୁ	2	4
ର୍ତ୍ତିି	2	7
ପ୍ରାଂ	2	5
ନ୍ମୀ	2	4
ଯ୍ୟୁ	2	4
ଡ୍ଦ୍ୱା	2	6
ର୍ବଂ	2	4
ବ୍ର୍	2	4
ନ୍ସ୍ଦ୍ୱା	2	8
ସ୍ଥଃ	2	4
ବ୍ଧୋ	2	4
ରେୁ	2	3
ମ୍ଫ୍ରୀ	2	6
ର୍ସ୍ୟ	2	5
ଗ୍ଗୀ	2	4
ଜିି	2	3
ସ୍ରାଂ	2	5
କ୍ନ୍ୟା	2	6
ଶ୍କା	2	4
ଛି଼	2	3
ର୍ତ୍ତୂ	2	6
ର୍ଘ୍ଯ	2	5
ଲ୍କ୍	2	4
ଚୁଂ	2	3
ପ୍ରୈ	2	4
ହ୍ରେ	2	4
ମ୍ହ	2	3
ଠୋଁ	2	3
ଦ୍ରୂ	2	4
ଧିି	2	3
ଘେଂ	2	3
ଲୁ୍ୟ	2	4
ଫୁ୍ୟ	2	4
ତିୀ	2	3
ମ୍ଦ	2	3
ନ୍ଟୀ	2	4
ପ୍କା	2	4
ଭଁ	2	2
ଦ୍ର୍ଯ	2	5
ଢ୍ଯ	2	3
ହ୍ହ	2	3
ମ୍ମ୍ଯୁ	2	6
ଶି଼	2	3
ରା଼	2	3
ଅ଼	2	2
ଶ୍ୱ୍ୱା	2	6
ମୂ୍ର୍ତ୍ତି	2	9
ଙ୍ଗ୍ଦ୍ୱା	2	8
ଖ୍ରେ	2	4
ମ୍ବାଃ	2	5
ପ୍ଲ୍ୟୁ	2	6
ଲ୍ନା	2	4
ୟୋଃ	2	3
ହ୍ଲୋ	2	4
ର୍ଶ୍	2	4
ଙ୍ଗ୍ଙ୍କ	2	7
କିୁ	2	3
ୟୁଂ	2	3
ତ୍ତ୍ର	2	5
ଭ୍ରେ	2	4
ର୍ଣ୍ଡି	2	6
ଯ୍ର୍ୟ	2	5
ନ୍ଟୁ	2	4
ମ୍ଫ୍	2	4
ର୍ସଂ	2	4
ଘ୍ରି	2	4
ଶିି	2	3
କ୍ଡା	2	4
ପ୍ଙ୍କ	2	5
ତ୍ଦ୍ୱା	2	6
ଗ଼୍ରା	2	5
ସ଼୍ତ	2	4
ହୀଁ	2	3
ଟିା	2	3
ନ୍ଭ	2	3
ଚ୍ଙ୍କ	2	5
ନ୍ଡେ	2	4
ର଼	2	2
ନ୍ଜା	2	4
ଞ୍ଜିି୍ଫ	2	7
କ୍ଷ୍ଠ	2	5
ର୍କ୍କୁ	2	6
ଜ୍ଣ	2	3
ଖ୍ଲା	2	4
ଶ୍ସ	2	3
ଙ୍ଗ୍ସ୍	2	6
ର୍ନ୍ୟା	2	6
ଭ୍ଲି	2	4
ଥ୍ନୋ	2	4
ଷ୍ଚ	2	3
ଲ୍ଫି	2	4
ଞ୍ଛୁ	2	4
ହ୍ନୀ	2	4
ଣୁି	2	3
·	2	1
ବୁୁ	2	3
ହ୍ଳୀଂ	2	5
ଖୃ	2	2
ର୍ଶ୍ୱା	2	6
ନ୍ବୀ	2	4
ର୍ଡ଼୍ସ	2	6
ଅଁଁ	2	3
ଷ୍ପଂ	2	4
ଟାଁ	2	3
ମ୍ଥି	2	4
ମ୍କ	2	3
ଜ୍ଗ	2	3
କ୍ତ୍ସ	2	5
ଞ୍ଝୁ	2	4
ନ୍ଦ୍ଲ	2	5
ନ୍ଦ୍ସ	2	5
ଞ୍ଜ୍ଗି	2	6
ଞ୍ଚ୍କୁ	2	6
ହ୍ଦୋ	2	4
ଧ୍ପୁ	2	4
ହ୍ଜ	2	3
ଷ୍ଲ	2	3
କ଼	2	2
ଃ	2	1
ଖ୍ପୁ	2	4
ପିା	2	3
ଟ୍କେ	2	4
ସ୍ଗୁ	2	4
କ୍ନୁ	2	4
ଫ୍ଫୋ	2	4
ଙ୍କ୍ଲ	2	5
ନ୍ଫ୍ର	2	5
ଣ୍ଢୀ	2	4
ତ୍ଥ୍ୟ	2	5
ଜ୍ୱେ	2	4
ଫ୍ଲୂ	2	4
ଜଁ	2	2
ନ୍କ୍ସ	2	5
ପ୍ଯ	2	3
ଣ୍ଣା	2	4
ଟ୍କୋ	2	4
ଜୀଁ	2	3
ଷ୍ଟ୍ମା	2	6
ର୍ଳେ	2	4
ମୈଁ	2	3
ର୍ଫୁ	2	4
ହ୍ରୀଂ	2	5
ତ୍ମୋ	2	4
ର୍ଣ୍ଡ	2	5
ସ୍ଛ	2	3
‡	2	1
ଚ୍ମେ	2	4
ବୈଂ	2	3
ଙ୍କ୍ୱା	2	6
ତ୍ତେ୍	2	5
ଦ୍ଦ୍ୱ	2	5
ର୍ପୀ	2	4
ସ୍ଳ	2	3
ଲ୍ଖ	2	3
ଡ୍ଡୋ	2	4
ସ୍ୟାଂ	2	5
ତ୍ସ୍ୱ	2	5
ମ୍ତି	2	4
ପ୍ର୍	2	4
ୱୌ	2	2
ଶ୍ରୁଂ	2	5
ମ୍ସି	2	4
ଙ୍ଖ୍ଯା	2	6
ନ୍ଜେ	2	4
ଥ୍ଯା	2	4
ଋଂ	2	2
ଙ୍ଖ୍ୟାଁ	2	7
ବ୍ଢ	2	3
ଣ୍ଟ୍ରୀ	2	6
କ୍ଷ୍ର	2	5
ମ୍ବୃ	2	4
ଭ୍ଧ	2	3
ସ୍ପ୍ଯା	2	6
ଷ୍ନୋ	2	4
ନ୍ତାଂ	2	5
ଲ୍ସୋ	2	4
ବୀଂ	2	3
ଚୃ	2	2
ଘ୍ରେ	2	4
ଭୋଂ	2	3
ଣେ୍	2	3
ହେଂ	2	3
ଦ୍ଦ୍ୟୋ	2	6
ସ୍ୱ୍ହ	2	5
ଲ୍ଖା	2	4
ର୍ମୌ	2	4
ମ୍ବ୍ସ୍	2	6
ଥ୍ୱ	2	3
ବ୍ଭା	2	4
ର୍ତ୍ଥୀ	2	6
ର୍ଳା	2	4
କ୍ଷ୍ରୁ	2	6
ଖ୍ଶ	2	3
ମ୍ଣୀ	2	4
ମ୍ପ୍ଲ	2	5
ପ୍ପ୍ର	2	5
ନ୍ୱୋ	2	4
ଫ୍ତି	2	4
ଟ୍ୟେ	2	4
ଚ୍ରି	2	4
ଦା଼	2	3
ର୍ଗ୍ରେ	2	6
ର୍ବ୍ସ୍ତ	2	7
କ୍ସ୍ଡ	2	5
ର୍ବ୍	2	4
ଙ୍ଗ୍ୟୁ	2	6
ମ୍ଜ	2	3
ଲ୍ଲ୍	2	4
ସ୍ଥ୍ଜି	2	6
ଲ୍ଚା	2	4
ଗେଃ	2	3
ଚ୍ଚେଃ	2	5
ଁ	2	1
ତ୍ୱୀ	2	4
^	2	1
କ୍ସ୍ଦ୍ୱା	2	8
ଟ୍ଟ୍	2	4
ଡୁଂ	2	3
ପ୍ସ୍	2	4
ଦ୍ଜ	2	3
ଷ୍ଟ୍ରଂ	2	6
ଷ୍ଡ	2	3
ଚ୍ଚ୍	2	4
ସ୍ପାଂ	2	5
ହୁଂ	2	3
ଗେଂ	2	3
ମୋଁ	2	3
ଧ୍ୟୋ	2	4
ଡ୍ୱ	2	3
କ୍ଟ୍ରେ	2	6
ଦ୍ଦୋ	2	4
ଦ୍ମୀ	2	4
ର୍ଣ୍ଣୁ	2	6
ଟୁଂ	2	3
ଧ୍ଧା	2	4
ସ୍ଥ୍ର	2	5
₩	2	1
ଫଁ	2	2
ଜ୍ଲୋ	2	4
ଦୈଁ	2	3
ଟ୍ଚା	2	4
ବ୍ୱ୍	2	4
ଅାେ	2	3
କାେ	2	3
ଷ୍ଠ୍ଠ	2	5
ଞ୍ଜିଂ	2	5
ଟେଁ	2	3
ଷ୍ତୁ	2	4
ଷ୍ଣ୍ଣା	2	6
ଭ୍ଂ	2	3
√	2	1
ଷ୍ଟ୍ଦ୍ୱା	2	8
ର୍ଦ୍ଧୀ	2	6
ବ୍ୱୁ	2	4
ଫୋୖ	2	3
ର୍ଖୋ	2	4
ଙ୍ଖି	2	4
୦ଂ	2	2
ସ୍ୱଃ	2	4
ପ୍ପ୍ରେ	2	6
ପ୍ସୀ	2	4
ହିିଁ	2	4
ର୍ଦ୍ଦୂ	2	6
ନ୍ବେ	2	4
ନୁଁ	2	3
ଖ୍ଟ୍	2	4
ର୍ର୍	2	4
ନ୍ମୂ	2	4
ଯୁ୍କ୍ତ	2	6
ଡ୍ଦା	2	4
ର୍ସ୍ଥା	2	6
ଟ୍ୱୀ	2	4
ନ୍ଟ୍ର	2	5
ର୍ଦୌ	2	4
ମ୍ସେ	2	4
ଭ୍ଳା	2	4
ଙ୍କ୍ୱି	2	6
ଫ୍ୱେ	2	4
ଜୁଂ	2	3
ଲ୍ଟ୍ରେ	2	6
ର୍କୈ	2	4
ନୋଂ	2	3
ଙ୍ଗୌ	2	4
ଘ୍ୟା	2	4
ମ୍ଫ୍ଲେ	2	6
ସ୍କ୍ୟୁ	2	6
ନୁୁ	2	3
କ୍ଜୀ	2	4
ଡ୍ଲା	2	4
ର୍ଥ୍ଯ	2	5
ଞ୍ଜାଂ	2	5
ସ୍ଚି	2	4
କ୍ଷ୍ୟାଂ	2	7
ଙ୍ଗ୍କୋ	2	6
ନ୍ବୋ	2	4
ଗ୍ଯୋ	2	4
ହ୍ଯୋ	2	4
ତ୍ସ୍ୟୌ	2	6
ବ୍ବ୍	2	4
ତୋଂ	2	3
ଗିଁ	2	3
କ୍ଲେଂ	2	5
ଞ୍ଜୋଂ	2	5
ଦ୍ଃ	2	3
ନ୍ଧ୍ରି	2	6
ତ୍ତ୍ରା	2	6
ଶୀଁ	2	3
ଗ୍ଡି	2	4
ଶ୍ୱାଂ	2	5
ଯୗ	2	2
ର୍ଣ୍ନି	2	6
ଜ୍କୁ	2	4
€	2	1
ଣ୍ଚ	2	3
ଷୌ	2	2
ଳ୍ଟ	2	3
ଖୌ	2	2
ତ୍ତୂ	2	4
ପ୍ଟ୍ରୋ	2	6
ବ୍ଙ୍କ	2	5
ଣ୍ଡୌ	2	4
ଲ୍ରା	2	4
ହ୍ହା	2	4
ମୁ୍ଦ୍ରି	2	7
ଙ୍ଗଂ	2	4
ଶ୍ତି	2	4
ଡ୍ଲି	2	4
ନ୍ଧୋଁ	2	5
ଭ୍କା	2	4
ଯ୍ଯା	2	4
ଚ୍କୁ	2	4
ମୁଂ	2	3
ମ୍ଜି	2	4
ନ୍ଷ୍ଟ	2	5
ମ୍ୱି	2	4
ମ୍ୱା	2	4
କିା	2	3
ନିା	2	3
ଜ୍ଵା	2	4
ଙ୍ଗ୍ୱୀ	2	6
ଦ୍ଵୈ	2	4
କ୍ବା	2	4
ଚ୍ଛ୍ଵା	2	6
ମ୍ଵୋ	2	4
ହ୍ଵ	2	3
ମ୍ଵା	2	4
ଫ଼ି	2	3
ନ୍ଦ୍ଲା	2	6
ନଁ	2	2
ମ୍ବ୍ମ	1	5
ତ୍ର୍ଯ	1	5
ଖ୍ୟଂ	1	4
ଟ୍ଗୁ	1	4
ଭୁ୍ଦ	1	4
ଖୁଁ	1	3
ଦିି	1	3
ତ୍ତିଃ	1	5
ତ୍ତୈ	1	4
କିଁ	1	3
ଶ୍ହେ	1	4
କ୍ତଂ	1	4
କ୍ରୈଃ	1	5
ସୈଃ	1	3
ଳ୍ନ	1	3
ଚ଼ି	1	3
ନ୍ତ୍ୱା	1	6
ତୋଃ	1	3
ର୍ଷ୍ମ	1	5
ଣ୍ୟଂ	1	4
ଭ୍ୱ	1	3
ତ୍ୟ୍ଂ	1	5
ଢ୍ୟ଼	1	4
ଙ୍ଗ୍ସା	1	6
କେଃ	1	3
ଇ଼	1	2
ଋେ	1	2
ଋି	1	2
ର୍ଭିା	1	5
ର୍ଗଂ	1	4
	1	1
୥	1	1
ଷ୍ତ୍ରୋ	1	6
ଟ୍ୟିୁ	1	5
୧୍	1	2
ନ୍କ୍ରି	1	6
ସ୍ଠୁ	1	4
ଫୈା	1	3
ଜ୍ବେ	1	4
ଣ୍ଡ୍ଟ	1	5
ଉँ	1	2
ୟ୍ର୍	1	4
ସ୍ୱୁ	1	4
ଲ୍ଭ୍	1	4
ପ୍ୟୂ	1	4
ନ୍ଡ଼େ	1	5
ଭି୍ୟ	1	4
ଦ୍ଯା୍ୟ	1	6
ପ୍କ	1	3
ର୍ଦ୍ଧୁ	1	6
଼଼	1	2
ଷ୍ଥା	1	4
କ୍ଷ୍କ	1	5
ନ୍ଦ୍ର୍	1	6
ଡ଼଼ୀ	1	4
ରୈଃ	1	3
ଶ୍ଚୈ	1	4
ନ୍ଦୈ	1	4
ହ୍ନ୍ୟ	1	5
କ୍ତିଃ	1	5
ନୀଂ	1	3
ଦ଼ି	1	3
ଳ୍ମି	1	4
ଶ୍ୱ୍	1	4
ଣ୍ଡ଼୍ରୀ	1	7
ଏ଼	1	2
ଛ୍ହ	1	3
ଙ୍ଚ	1	3
ଶ୍ହୁ	1	4
ହ୍ହି	1	4
ଲ୍ଲୌ	1	4
କୁୁୁ	1	4
ସ୍କ୍ତି	1	6
ସ୍ଟେଂ	1	5
ଲ୍ୱି	1	4
ଶ୍ଠ	1	3
ଷ୍କ୍ରୁ	1	6
ଦ୍ୱ୍	1	4
ଶ୍ଟୁ	1	4
ଡ଼ାଃ	1	4
ଯୁୁ	1	3
ୱ୍ୟା	1	4
ଷ୍ତେ	1	4
ଲ୍ଲ୍ଲି	1	6
ଶେି	1	3
ଫ୍ଫୁ	1	4
ଡାଁ	1	3
ଡେ଼ା	1	4
ହୋି	1	3
ଲେି	1	3
ଆି	1	2
ବେ଼	1	3
କ୍ସେି	1	5
କ୍ପ	1	3
ଳିଂ	1	3
ଳ୍ର	1	3
ଷ୍ଣି	1	4
‰	1	1
ଉେ	1	2
ଳ୍ଳୀ	1	4
ପୁୁୁ	1	4
ଦ୍ଭୀ	1	4
ର୍ପ୍ୟୁ	1	6
ଙ୍କ୍ତେ	1	6
ଜୈଃ	1	3
ତ୍ମଃ	1	4
ଦ୍ଦ୍ର	1	5
ଳ୍ଳ	1	3
:଼	1	2
ହ୍ଳ	1	3
ଭୋଃ	1	3
ର୍ମ୍ୟା	1	6
ର୍ଷ୍ଟି	1	6
ସ୍ତ୍ୱ	1	5
ସ୍ନୁ	1	4
ୟ୍ସ୍କି	1	6
ପ୍ର୍ୟ	1	5
ଖୋା	1	3
ଷ୍ତ୍ର୍	1	6
ମ୍ଚ	1	3
ସ୍ୟୋ	1	4
ର୍ମ୍ର	1	5
ତ୍ନ୍ମା	1	6
ଳ୍ୱ	1	3
ଜୋଁ	1	3
ୁ	1	1
ୢ	1	1
୆	1	1
ଲୄ	1	2
ଦୂଃ	1	3
ତ୍ସୂ	1	4
ହ୍ନୂ	1	4
କ୍ତି଼	1	5
ଲ୍ମୁ	1	4
ବୃଂ	1	3
ସ୍ତ୍ରଂ	1	6
ର୍ସିୀ	1	5
ଲ୍କ୍ୟ	1	5
ସ୍ପ୍ୱ	1	5
ଥ୍ଲି	1	4
ଜ୍ଟି	1	4
ଧୈଃ	1	3
ଜ୍ଞାଂ	1	5
ଙ୍କାଂ	1	5
ଟ୍ୱ୍	1	4
ଣ୍ତୋ	1	4
ମ୍ନ୍ଦି	1	6
ଆ଼଼	1	3
ହାୀ	1	3
ମ୍ୟ୍ୟ	1	5
ନ୍ଧ୍ୱ	1	5
ଙ୍କିୁ	1	5
ସ୍ଳେ	1	4
ଗ୍ନୌ	1	4
ଥୁଁ	1	3
ଚିଃ	1	3
ଞ୍ଜ୍ଙ୍କୁ	1	8
ଧ୍ନ୍ୟ	1	5
ଶ୍ଛ	1	3
ଳ୍ମୋ	1	4
ତ୍କ୍ଳେ	1	6
ଦ୍ଧ୍ଯ	1	5
ଘାଂ	1	3
ସାଃ	1	3
ଚ୍ଚ୍ଛା	1	6
ମିେ	1	3
ଶ୍ଚୂ	1	4
ନ୍ଡ଼ି	1	5
ନ୍ତିି	1	5
ଜି଼	1	3
ଟ୍ସୀ	1	4
କ଼୍ରି	1	5
ଦ୍କ	1	3
ଣ୍କି	1	4
ଯୁଂ	1	3
ଫ୍ସ୍	1	4
ଖ୍ଙ୍କ	1	5
ଶ୍କ୍	1	4
ଲ୍ସେ	1	4
ଦ୍କୁ	1	4
ଶ୍ଯୁ	1	4
ଙ୍କ୍ରୁ	1	6
ଥ୍ମା	1	4
ସ୍ଦ	1	3
ର୍ଲ୍ଯା	1	6
ଲ୍ୟାା	1	5
ଦ୍ଦ୍ୟା	1	6
ଚଃ	1	2
ର୍ଧୃ	1	4
ତାଁ	1	3
ବ୍ଲାଁ	1	5
ଗ୍ତ୍	1	4
ର୍ଶ୍ଚେ	1	6
ଲ୍ଲ୍ଲେ	1	6
ୟ୍ତ	1	3
ନ୍ଲ୍ୟା	1	6
ଣ୍ଡଂ	1	4
ଢ଼ୌ	1	3
ର୍ଦ୍ଧ୍ୱେ	1	8
ର୍ଧ୍ହ୍	1	6
ର୍ଗଃ	1	4
ଜ୍ଜ୍ଜା	1	6
ର୍କ୍କ	1	5
ର୍ବଃ	1	4
ମ୍ପ୍ସେ	1	6
ଗ୍ୱୀ	1	4
ସ୍ଫୂ	1	4
ସ୍ଥ୍ଳ	1	5
ତ୍ଜ୍ଞା	1	6
କ୍ଳାଂ	1	5
ଣୌ	1	2
ଗ୍ଦେ	1	4
ଗ୍ୟାଁ	1	5
ର୍ତ୍ପ	1	5
ଫେ୍	1	3
ସେି	1	3
ଡେି	1	3
ମୁ୍ୟ	1	4
ମ୍ଫିଂ	1	5
ଷ୍ଳେ	1	4
ଷ୍କ୍ରା	1	6
ସ୍ଥ୍ମା	1	6
ଖିା	1	3
ଣ୍ଦ୍ରୋ	1	6
ସ୍ଙ	1	3
ର୍ପ୍ରେ	1	6
ପ୍ଯେ	1	4
ବ୍େ	1	3
ନ଼୍	1	3
ଟ଼୍	1	3
ଥି୍ବୀ	1	5
ଚି଼	1	3
ଗ୍ର୍	1	4
ଛ୍ଛ୍ୱା	1	6
ବ୍ୱ୍ରି	1	6
ଗ୍ଗ୍ରୁ	1	6
ନ୍ଫ୍ଲା	1	6
ଫ୍ଫ଼	1	4
ତ୍ରେି	1	5
କ୍ୟ୍ୟା	1	6
ଷ୍ଚା	1	4
ତ୍ପ୍ରା	1	6
ଫଃ	1	2
ଲ୍ୱ୍	1	4
ଷ୍ଚ୍ରେ	1	6
ଷ୍ଟ୍ୱା	1	6
ଷ୍ଧୀ	1	4
ମ୍ୟ୍	1	4
ଶ୍ଛା	1	4
ଶ୍ୟ୍କ	1	5
୫ଂ	1	2
ଡ଼ୃ	1	3
ଡ୍ନି	1	4
ନ୍ସ୍ଫେ	1	6
ତ୍ରିଃ	1	5
ଗ୍ଜ୍ୟୋ	1	6
ଗ୍ଣା	1	4
ଦ୍ମୁ	1	4
ତ୍କ୍ଷା	1	6
ନେଂ	1	3
ର୍ସ୍ୱ	1	5
ର୍ଲ୍ସ୍ଙ୍କ	1	9
ଯୀୀ	1	3
ମୄ	1	2
ସ୍ଥ୍ୟ୍	1	6
ଯ୍ୟ୍ରେ	1	6
ନ୍ଯୂ	1	4
କ୍ଳ୍ଳୁ	1	6
ର୍କ୍ଷ୍ୟ	1	7
ପ୍ଣ୍ୟ	1	5
ଟ୍କୂ	1	4
ଜ୍ଞ୍ନା	1	6
ପ୍ତ୍	1	4
ହ୍ଁରି	1	5
ର୍ତ୍ତ୍ନ	1	7
ମ୍ପ୍ଫା	1	6
ତ୍ସ୍ସା	1	6
ର୍ଦୈ	1	4
ସେଃ	1	3
ବ୍ଲ୍ୟ	1	5
ଚେ଼	1	3
ରୁୂ	1	3
ଫ୍ଥା	1	4
଼	1	1
କ୍ଦା	1	4
ଭ୍ଷି	1	4
ପ୍ୱି	1	4
ଷ୍ମ୍	1	4
≤	1	1
ମ୍ପ୍ସ୍	1	6
ଡେ୍	1	3
ଗେ୍	1	3
ଷ୍ଟେ୍	1	5
ଦୈ୍	1	3
ତ୍ନୀଂ	1	5
́	1	1
ଣ୍ଟେି	1	5
ର୍ଯେ୍	1	5
ପୁ୍ୟ	1	4
କ୍ଷଂ	1	4
କ୍ୟୌ	1	4
କ୍ଲ୍	1	4
ସ୍ମ୍	1	4
ଣ୍ଚା	1	4
ଣ୍ଡୁୁ	1	5
ଳ୍ଳା	1	4
ଯେଂ	1	3
ହ୍ରାଁ	1	5
ହ୍ନାଁ	1	5
ପି଼	1	3
ବୄ	1	2
ମ୍ଦ୍ୟ	1	5
ତ୍ୟ୍ତୁ	1	6
ସ୍ୟାଃ	1	5
ର୍ଶ୍ୱେ	1	6
ଗ୍ର୍ୟା	1	6
ଷ୍ପୌ	1	4
କ୍ଜେଂ	1	5
ଟ୍ରୈ	1	4
ଥ୍ୟେ	1	4
ର୍ଘି	1	4
ଲ୍ଲ୍ୟା	1	6
ପ୍ତ୍ର	1	5
ଢ଼଼ି	1	4
ଖିଂ	1	3
ତ୍କ୍ରୁ	1	6
ଯୋଁ	1	3
ନ୍ନଃ	1	4
ଯ୍ୟୋ	1	4
ର୍ଦ୍ଧ୍ୱା	1	8
ଧ୍ରୃ	1	4
ଡ଼୍ୟୁ	1	5
ସ୍ନ୍	1	4
ଶ୍ଟୋ	1	4
ର୍ଫ୍ୱେ	1	6
ଶ୍ହ	1	3
ର୍କ୍ଲ	1	5
ୱ୍ୱା	1	4
ଫ୍ରେଂ	1	5
ବ଼େ	1	3
କ୍ଶ୍ନ୍ନ୍ନ୍ନ୍	1	12
ଲ୍ଟ୍ରି	1	6
ତ୍ସ୍ୱା	1	6
ନା୍	1	3
ପୋି	1	3
ର୍ୟ୍ଯା	1	6
ଣ୍ଡ୍ଯ	1	5
ନ୍ଦ୍ୟେ	1	6
ବ୍ଳୋ	1	4
ଗ୍ରୂ	1	4
ସ୍ଥ୍ଯ	1	5
ଗାଁଁ	1	4
ଗ୍ଳେ	1	4
ଚ୍ହ	1	3
ନ୍ଡ୍ର	1	5
ଧ୍ଯୁ	1	4
ଣ୍ଡ୍ଠା	1	6
ଣ୍ଦୋ	1	4
ମ୍ଦୋ	1	4
ନ୍ସ୍ତୃ	1	6
ଗ୍ତ	1	3
ନ୍ଦ୍ରୌ	1	6
ନ୍ଦ୍ରଃ	1	6
ଲ୍ଧ	1	3
ଣ୍ଚେ	1	4
ନୈା	1	3
ମୈା	1	3
ଦ୍ୟା୍ୟ	1	6
ରା୍ଯା	1	5
ସୈା	1	3
ପୈା	1	3
ବ୍ଦ୍ଧ	1	5
ଫେଁ	1	3
ପୁଁ	1	3
ଭ୍କ	1	3
ନ୍ଛି	1	4
ୈ	1	1
ଲ୍ଣ	1	3
ନ୍ତ୍ୟା	1	6
ଡ୍ଟ	1	3
ପ୍ଫ୍ରା	1	6
ରୋ଼	1	3
ହ୍ଞ୍ଛି	1	6
ବ୍ହୁ	1	4
ସ୍ପ୍ତି	1	6
ମ୍ଦା	1	4
ମୁ୍ର୍ତ୍ତି	1	9
ରାି	1	3
ଙ୍ର	1	3
କ୍କ୍ଟ	1	5
ପ୍କୃ	1	4
ତିିିି	1	5
ବିିିି	1	5
ଡ୍ଙ୍କ	1	5
ଷ୍ଖୃ	1	4
ଲ୍ଯ୍ପ୍ତୁ	1	8
ଟ୍ଟ୍ସ	1	5
ର୍ଲ୍ଲା	1	6
≥	1	1
ଜ୍ମି	1	4
କ୍ସ୍ଙ୍କ	1	7
ର୍ଠ	1	3
ଶ୍ନି	1	4
⁄	1	1
ଗୄ	1	2
ଖ୍ସ	1	3
ତ୍ରିି	1	5
ନ୍ରୀ	1	4
ଚ୍ର୍ଚ	1	5
ପ୍ଝେ	1	4
କ୍ତ୍ର	1	5
ର୍ୱ୍	1	4
ର୍ଧ୍ଧା	1	6
ସ୍ଛୁ	1	4
ର୍ଷ୍କ	1	5
ଙ୍ଗ୍ୱା	1	6
ଣ୍ଡାା	1	5
ପାି	1	3
ସ୍କୂ	1	4
ଲ୍ଜୀ	1	4
ଲୈଂ	1	3
ଓୈା	1	3
କ୍ଷା଼େ	1	6
ଡ୍ଂ	1	3
ର୍ଯୌ	1	4
ଲ୍ନେ	1	4
ମ୍ପୁ୍ୟ	1	6
ବ୍ଲୁ୍ୟ	1	6
ଫ୍ଳ	1	3
ଷ୍ଟାଁ	1	5
ଖ୍ରୋ	1	4
କ୍ଲ୍ୟୁ	1	6
ଷିି	1	3
ନ଼୍ମ	1	4
ସ଼୍ଥ	1	4
ଖ଼୍ୟା	1	5
ମ଼୍ୱି	1	5
ଣ଼୍ଡି	1	5
ନିଁ	1	3
ଢାଂ	1	3
ସ୍ଟୈଂ	1	5
ଲ୍ଡ଼ି	1	5
ର୍ବିି	1	5
ର୍କ୍ୟ	1	5
ର୍ଣ୍ୟ	1	5
ଡିା	1	3
କ୍ସ୍ର	1	5
ଚ୍ଙ୍କୁ	1	6
ଫଂ	1	2
ସ୍ତ୍ତ	1	5
ଣ୍ଟ୍ରାଂ	1	7
ର୍କ୍ଲୀ	1	6
ଚ୍ୱେ	1	4
ର୍ସ୍ଂ	1	5
ସ୍ଜ	1	3
ର୍କ୍ଷେ	1	6
ଟ୍ନି	1	4
ଯ୍ନି	1	4
ର୍ଦ୍ର୍ୟ	1	7
ନ୍ନୂ	1	4
ର୍ଡ୍ରେ	1	6
ତ୍ତ୍ୱୁ୍ପୂ	1	9
କୁ୍ର୍ଗ	1	6
ର୍ସ୍ର	1	5
ଷ୍ଟ୍ସ୍	1	6
ଲେ଼	1	3
ଟ୍ଲେ	1	4
ପ୍ମେ	1	4
ଞୁ	1	2
ଳ୍ଗ	1	3
ଥି୍	1	3
ସ୍ଲ୍	1	4
ର୍ସାଂ	1	5
ର୍କ୍ଲି	1	6
ର୍ଣ୍ଡ୍	1	6
ପ଼୍ର	1	4
ଗ୍ଟୀ	1	4
କିିିି	1	5
ଳିା	1	3
ର୍ମ୍ପ	1	5
ଏି	1	2
ଅିା	1	3
ଠିା	1	3
ଶିା	1	3
ନିୀ	1	3
ଭି୍ନ	1	4
ରୀା	1	3
ଣୁା	1	3
ନ୍ତୁା	1	5
ର଼୍	1	3
ନି୍ଣ୍ଣ	1	6
ନ୍ପ	1	3
ମ୍ମୂ	1	4
ଦ୍ୟଃ	1	4
ସ୍ରୀ	1	4
ର୍ଜ୍ଞା	1	6
ଟି୍	1	3
ହ୍ନାଂ	1	5
ଳିି	1	3
ର୍ମ୍ସ	1	5
ଣ଼୍ଡ	1	4
ମ୍ବ୍ୟୁ	1	6
ର୍ନୂ	1	4
ବ୍ଲୀ	1	4
ଲୈା	1	3
ବାା	1	3
ର୍ନ୍ୟ	1	5
ଣ୍ଯା	1	4
ଲ୍ଦ୍	1	4
ଦ୍ମ୍ପୁ	1	6
ସା଼	1	3
ଗ୍ଢ	1	3
ସିା	1	3
ନ୍ନ୍ନ	1	5
ଢୀ଼	1	3
ସ୍ଜୃ	1	4
ଡ଼ିିି	1	5
ବ୍କ	1	3
ତ୍ଣ	1	3
ଷ୍ପ୍ର୍ୟା	1	8
ନ୍ତୂ	1	4
ବୂ୍ୟ	1	4
ଷ୍ୱି	1	4
ର୍ଭାଃ	1	5
ଜ୍କୋ	1	4
ମ୍ଗ	1	3
କ୍ଚୁ	1	4
ହ୍ବୁ	1	4
ଜ୍ମେ	1	4
ଲ୍ଲ୍ସ୍	1	6
ଶ୍ତ୍ର	1	5
ଲ୍ନ	1	3
ଧ୍ଶି	1	4
ବ୍ଗ	1	3
କ୍ଟୀ	1	4
ଡ଼୍ଦି	1	5
ର୍ଦ୍ଧୃ	1	6
ଲ୍ଡା	1	4
ଖ୍ଟେ	1	4
ର୍ଜୈ	1	4
ଚ୍ଚ୍ଚ	1	5
ଙ୍କ୍ୟୋ	1	6
ଳ୍ଭା	1	4
ର୍ୟାଂ	1	5
ର୍ବ୍ଦୀ	1	6
ଠ୍ୟୋ	1	4
କ୍ଷ୍ଣା	1	6
ଗ୍ଗୋ	1	4
ସିୀ	1	3
ତ୍ଙ୍କ	1	5
ନ୍ମ୍ଫୋ	1	6
ଣ୍ଦା	1	4
ଜ୍ଞ୍ୟା	1	6
ଟ୍ସ୍ଙ୍କ	1	7
ସ୍ଂ	1	3
ବୋୖ	1	3
ଭ୍ଙ୍କ	1	5
ଜ୍ୱ୍ସା	1	6
ମ୍ପୁ୍ଟ	1	6
ଷ୍ଗେ	1	4
ଙ୍କ୍ସ୍	1	6
ଙ୍କ୍ରେ	1	6
ସ୍ଡ଼	1	4
ନ୍ଡ଼	1	4
ର୍ଚ୍ରେ	1	6
ର୍ଚ୍ଟି	1	6
ଣ୍ଦ୍ର	1	5
ସ୍ଖି	1	4
ଫ୍ଫି	1	4
ସ୍ହ	1	3
ବା଼	1	3
ଡେଁ	1	3
ତ୍ର୍ରୁ	1	6
କୄ	1	2
ଫ୍ମା	1	4
ବ୍କୁ	1	4
ଡ୍ମି	1	4
ଲ୍ସ୍ମା	1	6
ଟ୍କି	1	4
ନ୍ତି଼	1	5
ର୍ଚିଂ	1	5
ର୍ଡ୍ରୁ	1	6
ୟ୍ୱା	1	4
ର୍ଶ୍ଚ	1	5
ର୍ପ୍ର	1	5
ଞ୍ଜ୍ର	1	5
ପ୍ର୍ୟୋ	1	6
ଜ୍ୟୀ	1	4
ଲାା	1	3
ଷ୍କ୍ର	1	5
ଷ୍ନୌ	1	4
ଞୀ	1	2
ଳ୍କୁ	1	4
ର୍ଗାା	1	5
କ୍ଟ୍ରୀ	1	6
ଥ୍ଦ୍ୱା	1	6
ଷ୍ଫି	1	4
କ୍ମୁ	1	4
ତ୍ୟୁୁ	1	5
ସ୍ଟୈ	1	4
ସ୍ଟ୍ନ	1	5
ଖ୍ତି	1	4
ଫ୍ଲୈ	1	4
ଲ୍ମୂ	1	4
ଟୄ	1	2
ର୍ଧ୍ୱା	1	6
ନ୍ଫ୍ୟୁ	1	6
କ୍ଡ଼	1	4
ଗ୍ଲୌ	1	4
ର୍ଦ୍ଧ୍ୟ	1	7
ଙ୍ଖ୍ୱା	1	6
ଷ୍ଣ୍ନ	1	5
ଙ୍କ୍ଙ୍କ	1	7
ର୍କ୍ଲେ	1	6
ଲାଁ	1	3
ଲୁୁ	1	3
ମ୍ଙ୍	1	4
ମ୍ପ୍ୟା	1	6
ହେୁ	1	3
ନ୍ଭେ	1	4
ନୌଁ	1	3
ବ୍ୟୈ	1	4
ଡ଼୍ରୀ	1	5
ତ୍ପେ	1	4
ଥଂ	1	2
ଲ୍ପ୍	1	4
ତିା	1	3
ଣ୍ରା	1	4
ଣିଃ	1	3
ଚଁ	1	2
ଷ୍ତ୍ରୀ	1	6
କ୍ହା	1	4
ର୍ଟ୍କଂ	1	6
ଲ୍ଦେ	1	4
ର୍ଟ୍ଦ୍ୱା	1	8
ରି୍ବ	1	4
ସ୍ଭା	1	4
ଭୋୖ	1	3
ଣ୍ନ	1	3
ଣ୍ରୋ	1	4
ର୍ଞ୍ଜ	1	5
ଆୀ	1	2
ଭାୁ	1	3
କ୍ଝୋ	1	4
ଯିି	1	3
ହ୍ଞ୍ଚି	1	6
ର୍ଟିି	1	5
ତ୍ୟାି	1	5
କ୍ଷାା	1	5
ର୍ନ୍ଦ	1	5
ନ୍ଠୁ	1	4
ମ୍ପ୍ଳି	1	6
ସ୍ତଂ	1	4
ଲ୍ବା	1	4
ଣ୍ଟ୍ଦ୍ୱା	1	8
ସ୍ପ୍ଲ	1	5
ନ୍ତ୍ତୁ	1	6
ହ୍ଙ	1	3
ଛଃ	1	2
ତ୍ସ୍ୱେ	1	6
ପ୍ନଃ	1	4
କ୍୍ତି	1	5
କ୍୍ୟ	1	4
ନ୍ଧ୍ୱା	1	6
ନ୍ହେ	1	4
ନ୍ଝ	1	3
ଞ୍ଜ୍ୱା	1	6
ଦ୍ୁ	1	3
ନ୍ଧୈ	1	4
ଗ୍ଣୀ	1	4
ଦ୍ଦ୍ଦି	1	6
ପ୍ମ	1	3
ପ୍ଲ୍	1	4
ପୂ୍ବ	1	4
ଳ୍ପ୍ପ	1	5
ଧ୍ରେ	1	4
ତ୍ୀ	1	3
ଙ୍ଗ୍ଯା	1	6
ଡ଼ୌ	1	3
ମ୍ମ୍ନ	1	5
ଙ୍ଘୋ	1	4
ଳ୍ଲି	1	4
ନ୍ଟ୍ରୋ	1	6
ର୍ଡ଼୍ଦ୍ୱା	1	9
ଣ୍ଡ୍ଟି	1	6
ଣ୍ତ୍	1	4
˚	1	1
ମୂଁ	1	3
ରୋୖ	1	3
ଢୈ	1	2
ଫ୍ସ୍ରେ	1	6
ସ୍ପୈ	1	4
ମ୍ମ୍ନି	1	6
ଟ୍ସ୍ରେ	1	6
ୱ୍ହି	1	4
ନ୍ଦ୍ତ୍ର	1	7
ଛ୍ଯା	1	4
ଧ୍ୟଂ	1	4
ଭି୍ର୍ନ	1	6
ଣ୍ଡ୍ଙ୍କୁ	1	8
ମ୍ପ୍ପୂ	1	6
ଖଁ	1	2
ର୍ଗ୍ଘ	1	5
ନ୍ତ୍ସ	1	5
ଷ୍ଠୋ	1	4
ଫ୍ଠା	1	4
ବ୍ୱ୍ୟ	1	5
ଷ୍ମି	1	4
ଶ୍ସି	1	4
ନିି	1	3
ନ୍ଣେ	1	4
ସ୍ଜ୍କ	1	5
ବ୍ସେ	1	4
ର୍ସ୍କୋ	1	6
ବ୍ହି	1	4
ବ୍ଘ	1	3
ପ୍ଲ୍ଯା	1	6
ଟ୍ଚ	1	3
ତ୍ଣ୍ୱ	1	5
ଚ୍ତା	1	4
ସ୍ନୌ	1	4
ଭ୍ଧି	1	4
ଦ୍ଧ୍ହି	1	6
କ୍ତ୍ନୀ	1	6
କ୍କ୍ନା	1	6
ସ୍ତ୍ନା	1	6
ମ୍ମ୍ସ୍କୋ	1	8
ୱ୍ହେ	1	4
କ୍ଷ୍ତି	1	6
ଧ୍ଯୋ	1	4
ପ୍ଗି	1	4
ଥ୍ହି	1	4
ବ୍ରଂ	1	4
ଲ୍ଫ୍ରେ	1	6
ସ୍ଗ୍ରା	1	6
ୱ୍ଯୋ	1	4
ର୍ଧ୍ମ	1	5
ନ୍ଟିଂ	1	5
ହ୍ତି	1	4
ଣ୍ଢୋ	1	4
ତ୍ଦୁ	1	4
ନ୍ଦ୍କ	1	5
ଙ୍ଗ୍ୱୋ	1	6
ର୍ଦୂ	1	4
ଲ୍ହୋ	1	4
ଢୁଂ	1	3
ଲ୍ଧା	1	4
ର୍ତ୍ଜ	1	5
ସ୍ତ୍ଥା	1	6
ବ୍ହ	1	3
ଘ୍ଯ	1	3
ର୍ସ୍ତୃ	1	6
କ୍ଜ୍ରା	1	6
ତ୍ସ୍ମେ	1	6
ନ୍ସ୍ପେ	1	6
ବ୍ପ୍ର	1	5
ହ୍ନ୍ଗ	1	5
ଲ୍ଙ୍ଗ	1	5
ଭ୍ଦ	1	3
ଫ୍ଷ୍ଟ	1	5
ଦ୍ଦିଂ	1	5
ଫ୍ଲୀ	1	4
ବ୍ଲ୍ପୁ	1	6
ନ୍ଡିଂ	1	5
ଙ୍କ୍ଲା	1	6
ତ୍କ୍ରୋ	1	6
ଥ୍ଗି	1	4
ଗ୍ଦୋ	1	4
କ୍ୟୋଁ	1	5
ଝୂ	1	2
ବ୍ତ	1	3
ର୍ଜ୍ଯା	1	6
ଗ୍ଡ଼ା	1	5
ଙ୍ଗ୍ଗ	1	5
କ୍ଷ୍ଦି	1	6
ର୍ଘ୍ତ	1	5
ତ୍ଜ୍ୟା	1	6
କ୍ଷ୍ଶ୍ୟା	1	8
ନ୍ଫୁ	1	4
ଲ୍ଶ	1	3
କ୍ଧ	1	3
ବ୍ଯ୍ୱ	1	5
ବ୍ଯି	1	4
ନ୍ସ୍କ୍ର୍ଟ	1	9
ତ୍ଘୃ	1	4
ଦ୍ୱ୍ହା	1	6
ଗ୍ପା	1	4
ଧ୍ଳି	1	4
ତ୍ତ୍ନା	1	6
ବ୍ହେ	1	4
ଷ୍ପୂ	1	4
ଡ଼୍କୀ	1	5
କ୍ଷ୍ଯୋ	1	6
ଦ୍ନ୍ଦ	1	5
ଲ୍ଚୁ	1	4
ର୍ଣ୍ଯ	1	5
ବ୍ଦୃ	1	4
ବ୍ସୂ	1	4
କ୍ଷ୍ନୋୖ	1	7
ତ୍ଛା	1	4
ଦ୍ଦ୍ରୁ	1	6
ଦ୍ଗୁ	1	4
ଯ୍ଯୁ	1	4
ଦ୍ୱୂ	1	4
ଦ୍ଖା	1	4
କ୍ଷ୍ଷ୍ୟ	1	7
ବ୍ଲୂ	1	4
କ୍କ୍ଟୋ	1	6
ଫ୍କୋ	1	4
ମ୍କୋ	1	4
ମ୍ଡୁ	1	4
ସ୍ୱ୍ଠ	1	5
ର୍ତୂ	1	4
ସ୍ଟିଂ	1	5
ୱୂ	1	2
ତ୍ୟ୍	1	4
ନ୍ଗ୍ରି	1	6
ନୃ୍ତ୍ୟ	1	6
ସି୍	1	3
ଠ୍ଙ୍କୁ	1	6
କ୍ର୍	1	4
ଲ୍ର୍	1	4
ଶ୍ମ୍ରୁ	1	6
ର୍ସ୍ଥି	1	6
ଦ୍ଣ	1	3
ବ୍ଧେ	1	4
ଲ୍ଡ୍ସ	1	5
କା୍ର୍ଡ଼	1	7
ଗ୍ସ୍ତେ	1	6
ଚା୍ଲ୍ସ୍	1	7
ଟୁୁ	1	3
"ା	1	2
ଣ୍ହ	1	3
ନ୍ମ୍ବ	1	5
କ୍ଖ	1	3
ଫ୍ତୀ	1	4
ସ୍ଚୂ	1	4
ଣ୍ଡ୍ର୍ଯୁ	1	8
ଲ୍ଲିେ	1	5
ରୁା	1	3
ଦ୍ଧଂ	1	4
ଞ୍ଜ୍ଜ	1	5
ଗ୍ଣ୍ୟା	1	6
ବୁି	1	3
ଦ୍ଭ୍ରା	1	6
ପୁ୍ତ୍ର	1	6
ପ୍ପା଼	1	5
ଣ୍ଠୋ	1	4
ଙ୍ଗ୍ରୀ	1	6
ମାା	1	3
ର୍କ୍ରି	1	6
ଡ୍ଭା	1	4
ଭ୍ଭୁ	1	4
ଡ୍ଦି	1	4
ଣ୍ଧେ	1	4
ର୍ମ୍ୟ	1	5
ର୍ଯୀ	1	4
ଡ଼୍ଡୁ	1	5
ଆେ	1	2
କ୍କ୍	1	4
ସ୍ନୋଁ	1	5
ଡ୍ଢା	1	4
ଲ୍ଗେ	1	4
ଥ୍କେ	1	4
ଗ୍ଟ	1	3
ୱୋଃ	1	3
ଚ୍ତ	1	3
କେୌ	1	3
ଷ୍ଫା	1	4
ଞ୍ଜ୍ୱ	1	5
ଙ୍ଖ୍	1	4
ଢ଼୍	1	3
ର୍ଯ୍ୟି	1	6
ର୍ହୋ	1	4
℅	1	1
୨ା	1	2
ଚ୍ଠା	1	4
ସ୍ଣା	1	4
ଣ୍ମୁ	1	4
ଖାଂ	1	3
ନୁଃ	1	3
ହ୍ମାଂ	1	5
ତ୍ଖା	1	4
ତ୍ଯି	1	4
ନ୍ସ୍ଙ୍କ	1	7
ର୍ଡ୍ଙ୍କ	1	7
ଙ୍ଗ୍ୱି	1	6
ଗ୍ଙ୍କ	1	5
ଙ୍କ୍ୟା	1	6
ର୍ଜ୍ଦ୍ୱା	1	8
ର୍ଜ୍ଙ୍କ	1	7
ଦ୍ରାଂ	1	5
ର୍କ୍ମା	1	6
ଗ୍ଶ	1	3
ଟ୍ଜେ	1	4
ବୃ୍ୁ	1	4
ର୍ଷ୍ୟ	1	5
ତ୍ରାଂ	1	5
ହାଁଁ	1	4
କ୍ଚ୍ର	1	5
ଦ୍ସ	1	3
ଷ୍ଟ୍ରୋଂ	1	7
ଲ୍ଡୁ	1	4
ସ୍କ୍ୟା	1	6
ଦ୍ନେ	1	4
ସ୍ଫିଂ	1	5
ନ୍ୁମ	1	4
ଲ୍ଟାଂ	1	5
ଶେଂ	1	3
ର୍ସ୍ତେ	1	6
ସୀା	1	3
ଗ୍ଗ୍	1	4
ୟ୍ସ୍	1	4
ଫ୍ଫେ	1	4
ଶ୍ରୈ	1	4
ପ୍ୟୌଂ	1	5
ତ୍ଜୀ	1	4
ପ୍ର୍ୟୁ	1	6
ପ୍ର୍ୟି	1	6
ଚୀଂ	1	3
ଖ୍ୟୃ	1	4
ପ୍ୟେ	1	4
ହ୍ନୋଂ	1	5
ଜ୍ୱୀ	1	4
ର୍ନ୍ସ	1	5
କ୍ଜ	1	3
ତ୍ଣୀ	1	4
କ୍ଯ୍	1	4
ମ୍ମୃ	1	4
₱	1	1
ର୍ଡ୍କୋ	1	6
ଙ୍ଗ୍ଳି	1	6
ତଁ	1	2
ମୋଂ	1	3
କ୍ରୋଂ	1	5
ଧଁ	1	2
ନ୍ଗୀ	1	4
ତ୍ସ୍ଚା	1	6
ଦ୍ୱ୍ର୍	1	6
ନ୍ଦୃ	1	4
ନାୃ	1	3
ଚ୍ଚି୍ତ୍ର	1	8
ଣ୍ଜେ	1	4
¨	1	1
ସ୍ପୋ୍	1	5
ଚ୍ଚ୍ଚି	1	6
ହ୍ଯି	1	4
ଡ୍ଫ୍ଲା	1	6
ଖେେ	1	3
ଫୁ୍	1	3
ଲ୍ଟ୍ୟେ	1	6
ଥେଂ	1	3
ଗ୍ପ	1	3
ମ୍ୟି	1	4
ଦ୍ୟୀ	1	4
ନ୍ମ୍ମ	1	5
ଚ୍ଚିି	1	5
ଝୋଂ	1	3
ଝେଂ	1	3
ଜ୍ୟୋଂ	1	5
ଞ୍ଝୋ	1	4
ଗ୍ଜି	1	4
ୟୂୂ	1	3
ଡ଼୍ରେ	1	5
ବୋଃ	1	3
ମ୍ପ୍ଟ	1	5
ର୍ଯ୍ଜ	1	5
ତ୍ଜ୍	1	4
ସ୍ଲ୍ୟା	1	6
ଡ଼୍ନା	1	5
ଲ୍ଡ଼୍ରେ	1	7
ଥ୍ଯ	1	3
ର୍ତ୍ଚ	1	5
ବ୍ଲାଂ	1	5
ଣ୍ଟ୍ଠା	1	6
ଦ୍ୱାା	1	5
ଫୋଃ	1	3
ଭ୍ଲ୍ୟା	1	6
ଡ୍ରୋଂ	1	5
ପୂ୍ର୍ଣ୍ଣ	1	8
ର୍ଚ୍ଛେ	1	6
ଏ୍	1	2
ନୁ୍ପ୍ରା	1	7
ଗାଃ	1	3
ର୍ଚୈ	1	4
ଛୁୁ	1	3
ଜାୀ	1	3
ଣ୍ମା	1	4
ଶ୍ର୍ୟୁ	1	6
ଗ୍ଲୂ	1	4
ତ୍ୱ୍ଦୀ	1	6
ନ୍ସ୍ରେ	1	6
ବା୍ଲ	1	4
ଉ୍	1	2
ର୍ତ୍	1	4
ଣୀଂ	1	3
ଷ୍ଟିେ	1	5
ଭୗେ	1	3
ରିେ	1	3
ନାେ	1	3
ଡ଼ାେ	1	4
ୟୁେ	1	3
୯େ	1	2
ଖିେେ	1	4
ଧୁେ	1	3
	1	1
ଡ଼୍ରି	1	5
ଧ୍ରୂ	1	4
ସୖ	1	2
ଠିେ	1	3
ପାେ	1	3
ନ୍୍	1	3
ଶ୍ର୍ର	1	5
ନ୍ତୁୁ	1	5
ହୁୂ	1	3
ବୁେ	1	3
ପୁେ	1	3
ଥାା	1	3
ର୍ଳ	1	3
ସୁେ	1	3
ନିେ	1	3
ର୍ସ୍ଥ	1	5
ନୁେ	1	3
ୱୈ	1	2
ଦି୍ଲ	1	4
ନ୍ଟ୍ର୍	1	6
ତ୍ବୁ	1	4
ୟ୍ରେ	1	4
ଟ୍ୟୁଁ	1	5
ରୁ୍ପ୍	1	5
ମ୍ନୁ	1	4
ଡ୍ମେ	1	4
ଣ୍ଟଁ	1	4
ହୁଁଁ	1	4
ଣୈ	1	2
ପୂ୍ର୍ଣ୍ଣି	1	9
ଡ୍ଗୀ	1	4
ହ୍ୱୈ	1	4
ଟ୍ଲୋ	1	4
ଭ୍ନ	1	3
ଛିଂ	1	3
ସ୍ଥ୍ୟୋ	1	6
ର୍ର୍ଣ୍ଣେ	1	8
ର୍ଦ୍ଦୈ	1	6
ଅ଼ା	1	3
ଗୋ଼	1	3
ଫ୍ରଁ	1	4
ଶ୍ରେ୍	1	5
ଶ୍ଂ	1	3
ର୍ଚ୍ଚେ	1	6
ନୁ୍ନ୍	1	5
ଙ୍ଗ୍କୁ	1	6
ଲ୍ମ୍ୟ	1	5
ଞ୍ଟି	1	4
ଥିଁ	1	3
ଦି୍ଲ୍ୀ	1	6
ସ୍ର୍ୱ	1	5
ନ୍ୟ୍ୟ	1	5
ଲ଼	1	2
କ୍ରାଂ	1	5
ସ୍ତ୍ରୀଂ	1	7
ନ୍ଗ୍କୁ	1	6
ଷ୍ଠ୍ରୀ	1	6
ନ୍ଶା	1	4
ନ୍ଦ୍ରୈ	1	6
ବ୍ଧୈ	1	4
ଳୈ	1	2
ଷ୍ୟେ	1	4
ଦ୍ଡି	1	4
ନ୍ଫେ	1	4
ରି୍ଥି	1	5
ଦୋୖ	1	3
କ୍ଲ୍ୟ	1	5
ପୂ୍ର୍ଣ୍ଣା	1	9
ନ୍ନ୍ୱ	1	5
ଡ୍ୟ	1	3
ଶ୍ୱୋ	1	4
ଗ୍ଲୁଂ	1	5
ମ୍ପେ୍	1	5
ଣ୍ଡ୍ୱେ	1	6
ଚ୍ୱା	1	4
ଅଃ	1	2
ର୍ଯ୍ଶୀ	1	6
ଘ୍ନି	1	4
ଡ଼୍ଠା	1	5
ପି୍ପ	1	4
ଥୌ	1	2
ବ୍ୱୋ	1	4
ଚୁଁ	1	3
ଶୁଁ	1	3
୯ଂ	1	2
ତ୍ଃ	1	3
ଭ୍ୱି	1	4
ଭ୍ବି	1	4
ନ୍ଃ	1	3
କ୍ରୃ	1	4
ଟ୍ରୌ	1	4
ଖ୍ରିୀ	1	5
ଦ୍ଧୈ	1	4
ବ୍ଲିଂ	1	5
ର୍ବ୍ସ	1	5
ଷ୍ଟ୍ରାେ	1	7
ଲ୍ଭୋ	1	4
ଷ୍ଂ	1	3
ଦୁ୍ଷ୍ଟ	1	6
ଣ୍ଡୈ	1	4
ଷ୍ଚୋ	1	4
ଶ୍ୟେ	1	4
ଛ୍ୱା	1	4
ଙ୍ଗ୍ବା	1	6
କ୍ଥ	1	3
ନ୍ଭା	1	4
ସ୍କ୍ବା	1	6
ର୍ମ୍ସ୍	1	6
ର୍ସ୍ପି	1	6
ଟ୍ର୍	1	4
ଦୋଃ	1	3
ନ୍ପୋ	1	4
ତ୍ସୋଂ	1	5
ତ୍ସଂ	1	4
କ୍ୟେଁ	1	5
ର୍ଡ଼ୁ	1	5
ଖ୍ତୀ	1	4
ନ୍ତ୍ୟୋ	1	6
ଯ଼ୋ	1	3
ର୍ମ୍ୟୁ	1	6
ଦ୍ମ୍ଭୂ	1	6
ର୍ଯ୍ୟ଼	1	6
ଠେଁ	1	3
ଷ୍ଥି	1	4
ଖ୍ସେ	1	4
ଢଂ	1	2
ଣ୍ଡେ୍	1	5
ନ୍ନିଂ	1	5
ୱଂ	1	2
ଲ୍ପେ	1	4
ମ୍ମ୍ମି	1	6
ବ୍ଜୀ	1	4
ଦ୍ନୀ	1	4
ଡ୍ନେ	1	4
ସ୍ପ୍ବ	1	5
ଚ୍ଚୀ	1	4
କ୍ର୍ୟୁ	1	6
କ୍ଜୁ	1	4
ବ୍ବୂ	1	4
ସ୍କ୍ୱ	1	5
ଷ୍ରେ	1	4
ବିୈ	1	3
ଥ୍ୟାଂ	1	5
ର୍ଫ୍ଲ	1	5
କ୍ଜେ	1	4
ଲୁ୍ଟ୍	1	5
ଲ୍ବୁ	1	4
ମ୍ଭ୍ଳି	1	6
ଷ୍ଖ	1	3
ବ୍ଡ	1	3
ଙ୍ଗୈ	1	4
ନ୍ତୌ	1	4
ଣ୍ଡ୍ୱା	1	6
ସିୁ	1	3
ଭି୍ନ୍ନ	1	6
ଯ୍ୟେ	1	4
କ୍କ୍ତ	1	5
ପ୍ୟି	1	4
ସ଼ା	1	3
ର୍ବ୍ଲ	1	5
ଟାଂ	1	3
ଲୁଃ	1	3
ନୁଂ	1	3
ହ୍ରୋ	1	4
ଲ୍ୟଁ	1	4
ଞ୍ଜୋଁ	1	5
ଗ୍ୟାଂ	1	5
ର୍ସ୍କା	1	6
ଶ୍ୟୀ	1	4
ଙେ	1	2
ର୍ଥୁ	1	4
ଶ୍ଲିଂ	1	5
ସ୍ରିଂ	1	5
ଛୀ	1	2
ଥ୍ମ	1	3
ଖୁଂ	1	3
ଞ୍ଜ୍ୟ	1	5
ଟ୍ତ	1	3
ମ୍ପ୍ଟୋ	1	6
ଦୁ୍ସ୍ମି	1	7
ମ୍ପ୍ଲୋ	1	6
ନ୍ତୈ	1	4
ହ୍ରିଂ	1	5
ଧ୍ରୋ	1	4
ତ୍ତ୍ରି	1	6
ଖିଁ	1	3
ଚ୍ରା	1	4
ସ୍ପ୍ୟା	1	6
ଶ୍ଟ୍ରେ	1	6
ବ୍ଦୋଁ	1	5
ନ୍ଦୌ	1	4
ଭୁଁ	1	3
ଶ୍ତ	1	3
ଳ୍ୟା	1	4
କ୍ଷ୍ନୀ	1	6
ତ୍ସିଂ	1	5
ମ୍ପ୍ଳେ	1	6
ଙ୍କୂ	1	4
ୱଁ	1	2
ସ୍ଟାଁ	1	5
ଟ୍ମା	1	4
ଟ୍ସୋ	1	4
ନ୍କି	1	4
ଧ୍ଲୁ	1	4
ର୍ଣୋ	1	4
ଶୋଂ	1	3
ଘ୍ରୋ	1	4
ଷ୍କ୍ରୀ	1	6
ର୍ତ୍ସୋ	1	6
ୟୂଁ	1	3
ର୍ଥ୍ୱା	1	6
ଢ୍ୟା	1	4
ଡ୍ରଁ	1	4
ମ୍ପୁଂ	1	5
ହ୍ୱୀ	1	4
ତ୍ସ୍ୟା	1	6
ଲ୍ଟୁ	1	4
ଣ୍ଡ୍ୱି	1	6
ନୀି	1	3
ନ୍ଫ୍	1	4
ପ୍ଲ୍ୟା	1	6
ସ୍ଥ୍ୱା	1	6
ନ୍ତିିି	1	6
ଗ୍ହି	1	4
ପ୍ୱ	1	3
ଏଃ	1	2
ମ୍ଯ	1	3
ଯ଼େ	1	3
ନ୍ହୋ	1	4
ଲ୍ମେ	1	4
ର୍ଗ୍ଲେ	1	6
ଧ୍ଯେ	1	4
ଲାେ	1	3
ବ୍ବୀ	1	4
ବ୍ରୌଃ	1	5
ସିଃ	1	3
ପ୍ଟୁ	1	4
ର୍ଭିଂ	1	5
ଷ୍ଠ୍	1	4
ଞ୍ଜଂ	1	4
ନ୍ଦୁଂ	1	5
ଟିଃ	1	3
ୱୋଂ	1	3
ନ୍ଶୁ	1	4
କ୍କାଁ	1	5
ହ୍ଯାଂ	1	5
ଦିିି	1	4
ଛୋଁ	1	3
ଭ୍ଯୁ	1	4
ନ୍ଦେଁ	1	5
ଗେଁ	1	3
ନ୍ର୍ଯୁ	1	6
ଲ୍କ୍ସ	1	5
ଜ୍ଯାଂ	1	5
ବ୍ଯାଂ	1	5
ଗ୍ଯୋଂ	1	5
ହ୍ୱାଂ	1	5
ମ୍ପ୍ୟୋଂ	1	7
ର୍ଗ୍ରି	1	6
ଚିି	1	3
ଜ୍ଯି	1	4
ଜିଁ	1	3
ହ୍ନ୍ଯୋ	1	6
ନ୍ପ୍ର	1	5
ଲିଁ	1	3
ନ୍ନଁ	1	4
ର୍ଥ୍ନ	1	5
ୟ୍ସ	1	3
ଣ୍ବି	1	4
ୟୁ୍	1	3
ଲୌଂ	1	3
ବୌଂ	1	3
ଔଂ	1	2
ଶ୍ୟୁ	1	4
ନ୍ତୋଂ	1	5
ଖ୍ଲୋଂ	1	5
ତ୍ଲୁ	1	4
ଲ୍ଭେ	1	4
ପ୍ସେ	1	4
ନ୍ଡୁ	1	4
ମ୍ପୋଂ	1	5
ଡ୍ୟୋ	1	4
ଫ୍ଦ୍ୱା	1	6
ଗିେ	1	3
ଭାଃ	1	3
ଙ୍କ୍ନା	1	6
ଛ୍ହା	1	4
ର୍ଡ୍ୟୁ	1	6
ରୋଃ	1	3
ବ଼ୃ	1	3
ର୍ପ୍ସ	1	5
ପ୍ରି୍ୟ	1	6
ଗ୍ଡେ	1	4
ଟ୍କା	1	4
ଖ୍ଲୋ	1	4
ର୍କ୍ଟ	1	5
ନ୍ଭୁ	1	4
ଜ୍ଞୈ	1	4
ଇି	1	2
ର୍ଚ୍ଚୀ	1	6
କ୍ତ୍ରୀ	1	6
ପ୍ଥା	1	4
ଙ୍ଗ୍ମୀ	1	6
ଖ୍ତ୍	1	4
ଶ୍ବାେ	1	5
ଲ୍ଠ	1	3
ଣ୍ଟ୍ସ	1	5
}	1	1
ର୍ଟ୍ରୋ	1	6
କ୍ଷ୍ଭ	1	5
ଥୄ	1	2
ର଼୍ୟା	1	5
ଳ୍ୟୁ	1	4
ଷ୍କ୍ଟେ	1	6
ଶ୍ଟା	1	4
ଛ୍ନ	1	3
ଙ୍କ୍ଷି	1	6
ବ୍ଡୋ	1	4
ବ୍ଦ୍ୱା	1	6
ଜି୍	1	3
ବ୍ଗି	1	4
ଷ୍ଫୀ	1	4
ସ଼ଂ	1	3
ଧ୍ଧ୍ଯ	1	5
ର୍ଣ୍ମ	1	5
ସୁୁ	1	3
ମୁୁ	1	3
ଲ୍ଟିଂ	1	5
ଚ୍ଚୋଁ	1	5
ର୍ଞ୍ଜି	1	6
କ୍ୟଂ	1	4
ଷ୍ଠ୍ର	1	5
ଷ୍ଟ୍ର୍ର	1	7
ଲ୍ଲେଃ	1	5
ଲ୍ଲ୍ଲୋ	1	6
ଲ୍ଡ଼ା	1	5
ବ୍ବୋ	1	4
ଖ୍ର	1	3
ଶ୍ୟି	1	4
କ୍ଫ୍	1	4
ବୁଁ	1	3
କ୍ଶା	1	4
ଷ୍ଟ୍ରୋି	1	7
କ୍ହି	1	4
ବ୍ଙ୍କୁ	1	6
∆	1	1
ର୍ଢ଼ି	1	5
କ୍ଥୋ	1	4
ସ୍ଫ୍ରେ	1	6
ନ୍ଷ୍ଟ୍ର	1	7
ନ୍ବ୍ରି	1	6
ସ୍ୋ	1	3
ଣ୍ଟ୍ଲ	1	5
ର୍ଟ୍ଟୀ	1	6
ଟ୍ଠୀ	1	4
ସ୍ତ୍ତୁ	1	6
ଜୋ୍	1	3
ଫ୍ୱୁ	1	4
ତ୍ହା	1	4
ହ୍ବ	1	3
ଡ୍କ	1	3
ଲ୍ତି	1	4
ଲ୍ତେ	1	4
ମ୍ମିଂ	1	5
ଲ୍ହି	1	4
ତ୍ଣା	1	4
ଷ୍ମେ	1	4
ଘ୍ରେଁ	1	5
ତ୍ସ୍ନଂ	1	6
କ୍ଞ୍ଚ	1	5
ନ୍ୟଂ	1	4
ଷ୍କୁ	1	4
ର୍ଶୋ	1	4
ମ୍ବ୍ଲ	1	5
ନ୍ବୁ	1	4
ନ୍ମ୍ପ	1	5
କୁୋ	1	3
ସ୍ତ୍ୟା	1	6
ଶା୍	1	3
ର୍ଡ୍ରୋ	1	6
ଚ୍ଚେୈ	1	5
ର୍ଗାଃ	1	5
ନ୍ବ୍ରେ	1	6
ଙ୍କ୍ଲି	1	6
ମ୍ବ୍ରୁ	1	6
ଟ୍ଫ	1	3
ର୍ତ୍ତ୍ୟେ	1	8
ଳ୍ଫ	1	3
ଦ୍ଦୃ	1	4
ର୍ଜିଂ	1	5
ଝ୍ୟା	1	4
କ୍ସ୍ଜା	1	6
ାା	1	2
ର୍ଗ୍ରା	1	6
ଢେ଼ା	1	4
ିି	1	2
ବ୍ଟି	1	4
ବ୍ର୍ୟା	1	6
କ୍ଭି	1	4
ଲ୍ଲେଁ	1	5
ମ୍ଟା	1	4
ଫ୍ଯା	1	4
ତୋଁ	1	3
ର୍କ୍ଲୋ	1	6
ଡ୍ଗୁ	1	4
ଣ୍ଟ୍ରୁ	1	6
ୟେଁଃ	1	4
ର୍ଷାଃ	1	5
ଶ୍ତୁ	1	4
ଙ୍ଗିିି	1	6
ଲ୍ଗ୍ରୋ	1	6
ର୍ଗ୍ୟୁ	1	6
ଟ୍ସି	1	4
ନ୍ଦ୍ବ	1	5
ଗ୍ସେ	1	4
ଚ୍ଡି	1	4
ୱ୍ରି	1	4
ଟ୍କ୍ଲି	1	6
ସ୍କ୍ଵା	1	6
ଚ୍ସି	1	4
ଡ୍ମା	1	4
ସ୍ଡେ	1	4
ଡ୍ମ୍ୟା	1	6
ସ୍ଜେ	1	4
କ୍ବ	1	3
ର୍ଦ୍ଦୀ	1	6
କ୍ଷ୍ଟ	1	5
ପ୍ଡ	1	3
ଶ୍ତୋ	1	4
ଶ୍ଦି	1	4
ଡ୍ନା	1	4
ତ୍ରୀଂ	1	5
ପ୍ସ୍କୋ	1	6
ହ୍ୟଂ	1	4
ନ୍ଵେ	1	4
ପୁୁ	1	3
ତ୍ତ୍ଵେ	1	6
ନ୍ଵ	1	3
ଦ୍ପ୍ର	1	5
ର୍ଚ୍ଚୈ	1	6
ଦ୍ଦିି	1	5
ପ୍ର୍ର	1	5
ତ୍ତ୍ଵା	1	6
ଲୋୈ	1	3
କ୍ରୀଂ	1	5
ବ୍ସୁ	1	4
ଖ୍ୟାଂ	1	5
ଦ୍ନା	1	4
ଶ୍ବି	1	4
କ୍ପା	1	4
ଦ୍ଜି	1	4
ଡ଼୍ୟା	1	5
ଚ୍ଛ୍ବା	1	6
ଦ୍ଗା	1	4
ର୍ଯ୍ଯ	1	5
ଥ୍ଥା	1	4
ମ୍ୱୋ	1	4
କ୍ଵି	1	4
ଣ୍ଡ଼	1	4
ର୍ଶ୍ରି	1	6
ର୍ଖୀ	1	4
ଵ	1	1
ଜ୍ବା	1	4
ଜ୍ଯୋ	1	4
ଜ୍ଵ	1	3
ସ୍ଵ୍ଵି	1	6
ନ୍ଦ୍ୟା	1	6
ଥ୍ଵୀ	1	4
ର୍ଦ୍ଦୌ	1	6
ନ୍ଦ୍ୟୋ	1	6
ଗ୍ଚୀ	1	4
ଦ୍ଯୁ	1	4
ବେଁ	1	3
ଦିଁ	1	3
ନ୍ଵୀ	1	4
ଲ୍ଦୋ	1	4
ନ୍ଦ୍ବି	1	6
ନ୍ଦ୍ସା	1	6
ନ୍ଝା	1	4
ନ୍ଦ୍ରୈଃ	1	7
ଵି	1	2
ଵୀ	1	2
ସ୍ଗ	1	3
ସ୍ବୋ	1	4
ପ୍ଣେ	1	4
ପ୍ନୀ	1	4
ର୍ଡ୍ଵେ	1	6
ମ୍ୱ୍ର	1	5
ୟୌ	1	2
