ය	1229155	1
ව	952424	1
න්	872381	2
ර	842126	1
න	724113	1
ම	693588	1
ක	657867	1
ස	520673	1
ත	460755	1
ට	446239	1
ක්	444694	2
ල	424718	1
ත්	394114	2
ප	383673	1
අ	374847	1
වි	358375	2
ද	293733	1
හ	286458	1
ග	265468	1
ති	248790	2
ර්	246437	2
ස්	237370	2
සි	219041	2
ම්	215906	2
නි	208111	2
රි	205662	2
යා	194896	2
ණ	188844	1
බ	177976	1
කි	176984	2
තු	167151	2
ප්	163627	2
හි	161350	2
එ	157244	1
මා	153846	2
කා	151144	2
ඇ	148793	1
යි	145967	2
යේ	143886	2
හා	142389	2
ල්	140847	2
වා	139112	2
නු	125848	2
දි	123508	2
ලි	119699	2
මෙ	116419	2
රා	115975	2
ද්	115239	2
රී	115217	2
දී	115105	2
රු	114031	2
වේ	110660	2
ජ	110587	1
ආ	108773	1
නා	104773	2
පි	104531	2
දු	103833	2
ළ	103388	1
මි	102865	2
ශ	102304	1
වෙ	102300	2
යෙ	96330	2
තා	93495	2
මු	92952	2
ඉ	90466	1
ධ	89135	1
ගේ	83754	2
සු	83704	2
සා	83234	2
පා	83032	2
වී	82322	2
කු	81310	2
යු	81295	2
ෂ	78788	1
වැ	78363	2
හැ	73607	2
උ	73077	1
ශ්	70587	2
ලෙ	69957	2
ඳ	68857	1
ඔ	67030	1
දා	63597	2
ඩ	63364	1
දෙ	63153	2
වූ	63043	2
වු	60993	2
ලා	59431	2
ට්	58474	2
හු	57227	2
සං	56700	2
මේ	56531	2
පු	56043	2
කො	55528	2
භා	54901	2
දේ	53873	2
ටි	52840	2
පැ	51406	2
නී	48962	2
ගැ	47510	2
සේ	46925	2
.	46436	1
ගි	46422	2
නො	44931	2
නේ	43060	2
ව්	42785	2
ධා	42044	2
ණි	41497	2
ළි	40799	2
හෝ	40359	2
ණු	38383	2
ඩා	37455	2
ග්	37132	2
ගෙ	36137	2
ඩි	35237	2
සැ	34687	2
පෙ	34652	2
ථා	34539	2
බා	34462	2
ච	33898	1
දැ	33653	2
නැ	33140	2
ඒ	32611	1
බි	32574	2
මැ	31922	2
කෙ	31699	2
ධි	30847	2
ෂ්	30830	2
ජා	30547	2
යෝ	29619	2
රේ	29402	2
ගු	28756	2
ලැ	28689	2
රෝ	28617	2
නෙ	27998	2
ථ	26706	1
ළු	26676	2
බු	25680	2
ණ්	25459	2
චි	25156	2
ධ්	25055	2
ටු	24641	2
ලේ	24629	2
තේ	24539	2
ලං	23847	2
ශා	23699	2
තී	23621	2
භ	22958	1
හෙ	22754	2
පො	22255	2
ගා	22194	2
බ්	21894	2
බැ	21876	2
ජි	21370	2
ලෝ	21182	2
ඩ්	21145	2
රූ	21002	2
රෙ	20487	2
තැ	20299	2
කැ	20228	2
ඩු	20020	2
ඟ	19936	1
රැ	19918	2
මී	19801	2
සී	19780	2
ජ්	19349	2
-	19201	1
බො	19148	2
ලී	18970	2
ෂා	17750	2
ගො	17535	2
ගී	17348	2
හො	17246	2
ලු	17097	2
බෙ	17083	2
ඳු	17041	2
මූ	16541	2
සෙ	16498	2
චා	16373	2
ජී	16355	2
යො	16289	2
ශි	15958	2
හේ	15498	2
1	15165	1
0	15103	1
ෂි	14987	2
බේ	14881	2
සො	14493	2
කෘ	14234	2
කී	14228	2
පූ	14022	2
ටා	13787	2
ජු	13594	2
තෙ	13527	2
ශේ	13341	2
ඳි	12596	2
කේ	11895	2
ඛ	11607	1
ගෝ	11601	2
පී	11486	2
සිං	11304	3
්	11112	1
කෝ	11079	2
ඊ	11075	1
ථි	10988	2
රො	10978	2
ශී	10951	2
ටී	10635	2
ච්	10560	2
බී	10411	2
බෝ	10372	2
,	10212	1
මො	9954	2
ණා	9789	2
2	9620	1
තො	9252	2
අං	9185	2
ළේ	8592	2
ඹ	8507	1
භූ	8429	2
යැ	8342	2
ලො	8187	2
ඕ	8070	1
ෆ්	8064	2
පේ	7993	2
ඛ්	7967	2
රං	7922	2
සූ	7807	2
භි	7801	2
ඨා	7491	2
තෝ	7429	2
නෝ	7353	2
ඵ	7186	1
බූ	7086	2
වං	7023	2
වෘ	6888	2
මෝ	6794	2
ඥ	6692	1
සෝ	6563	2
ළා	6548	2
ටෙ	6522	2
පෘ	6283	2
9	6234	1
ඝ	6109	1
සෑ	6068	2
ඟි	5996	2
ඨ	5928	1
ඹු	5918	2
පෑ	5800	2
5	5799	1
හී	5453	2
3	5449	1
වෛ	5393	2
ඉං	5272	2
“	5216	1
ෂේ	5209	2
ජෝ	5017	2
”	5001	1
පෝ	4912	2
හ්	4893	2
ජේ	4770	2
ශු	4655	2
වෝ	4649	2
4	4620	1
6	4444	1
8	4434	1
ටෝ	4428	2
චී	4370	2
දූ	4314	2
ඩො	4300	2
ණී	4287	2
භ්	4193	2
වො	4150	2
බෞ	4025	2
ලිං	4002	3
කූ	3949	2
ඡා	3881	2
ඥා	3865	2
ටේ	3863	2
7	3785	1
ඛා	3749	2
ළෙ	3741	2
නූ	3687	2
යී	3680	2
ජූ	3649	2
ෆ	3590	1
ධී	3566	2
ණේ	3363	2
’	3361	1
ෆි	3341	2
දො	3277	2
ඩී	3276	2
‘	3263	1
තූ	3246	2
තෘ	3168	2
ලාං	3145	3
ඩෝ	3117	2
යූ	3111	2
(	3077	1
ඡ	3036	1
ලූ	3027	2
මං	2978	2
සෞ	2939	2
මෘ	2928	2
ටො	2887	2
නෑ	2884	2
ඩං	2849	2
ජෙ	2766	2
ඩෙ	2743	2
ඳී	2742	2
භෞ	2644	2
ෂී	2586	2
යං	2554	2
ෂු	2512	2
කාං	2501	3
භේ	2472	2
දෘ	2449	2
ශෝ	2404	2
පෞ	2394	2
ඝා	2378	2
ඩේ	2375	2
දෝ	2356	2
ඈ	2300	1
ඓ	2290	1
චෝ	2265	2
දෑ	2240	2
බෑ	2220	2
ගෘ	2216	2
ගං	2196	2
චු	2162	2
භෝ	2141	2
ඤ්	2120	2
ජො	2116	2
සෛ	2109	2
ඟා	2060	2
ණෙ	2036	2
ඳා	2001	2
රෑ	1924	2
ගෞ	1921	2
ළො	1911	2
සෘ	1880	2
ඟු	1844	2
/	1840	1
ෆෙ	1837	2
චෙ	1822	2
මෑ	1798	2
යොං	1765	3
කෑ	1744	2
ජොං	1739	3
ඌ	1655	1
ඬ	1641	1
ය්	1625	2
කෞ	1586	2
ෆෝ	1560	2
ඹි	1535	2
ටැ	1534	2
ඹී	1526	2
පං	1480	2
ඍ	1472	1
යෑ	1455	2
එං	1429	2
ධු	1428	2
)	1424	1
ඬු	1390	2
ජෛ	1389	2
නං	1377	2
දිං	1339	3
ෂෙ	1320	2
ශෛ	1319	2
ෙ	1293	1
බං	1273	2
ඖ	1259	1
පාං	1248	3
ලෑ	1232	2
ෆො	1229	2
බැං	1215	3
ජැ	1207	2
ඡේ	1171	2
ඤ	1147	1
භු	1136	2
භී	1133	2
මාං	1102	3
ෆා	1100	2
ළැ	1089	2
ඛි	1075	2
ඹෙ	1074	2
ධූ	1047	2
ජං	1047	2
යාං	1041	3
ඩැ	1029	2
ෂූ	1022	2
හෘ	1015	2
ඟී	1013	2
හං	994	2
"	981	1
ඤා	961	2
ශූ	950	2
යුං	950	3
ඝ්	920	2
තුං	895	3
සොං	887	3
%	879	1
නැං	858	3
හිං	854	3
කොං	836	3
චේ	831	2
ඨි	828	2
:	787	1
ඩාං	765	3
වෑ	759	2
ෆී	747	2
හූ	730	2
ෆැ	722	2
ගූ	720	2
ථී	715	2
දෛ	700	2
චැ	698	2
ෆේ	690	2
ළී	681	2
චො	680	2
ශං	676	2
චූ	667	2
ළං	641	2
ඛෙ	638	2
ණාං	637	3
ටූ	636	2
නෛ	635	2
ටැං	615	3
තං	613	2
ඞ්	590	2
නෞ	589	2
චෛ	582	2
'	575	1
ධෝ	563	2
ථූ	537	2
ා	508	1
ඳෙ	505	2
ඝෝ	498	2
ණෑ	496	2
කිං	490	3
කං	484	2
ථාං	476	3
`	474	1
´	470	1
තාං	464	3
මෞ	452	2
හොං	445	3
දොං	442	3
ගෑ	431	2
ජුං	426	3
නාං	423	3
චං	422	2
ෆු	416	2
|	414	1
ඡි	401	2
ෂෝ	396	2
ථ්	393	2
රාං	386	3
තෑ	375	2
අැ	374	2
මෛ	373	2
ණෝ	372	2
ෂාං	372	3
බෙං	362	3
චෞ	356	2
ඪ	355	1
ඛේ	347	2
යැං	343	3
ඹා	337	2
ඛු	334	2
මිං	333	3
ටෑ	333	2
පුං	330	3
ථු	330	2
ඛී	329	2
ළෑ	324	2
…	320	1
ඟෙ	310	2
මොං	309	3
ණූ	302	2
දං	300	2
ෂො	296	2
ඹේ	293	2
ගුං	289	3
[	286	1
වාං	285	3
–	285	1
ටිං	285	3
ධෛ	283	2
පිං	281	3
ජිං	278	3
ඹූ	277	2
මැං	275	3
?	271	1
සාං	268	3
බිං	263	3
අා	262	2
ඬි	261	2
බෲ	259	2
යෞ	253	2
සෙං	252	3
ගොං	249	3
හෑ	248	2
කෲ	247	2
ඟේ	236	2
ඩෑ	235	2
ණං	228	2
ඝු	227	2
ලෛ	224	2
ථේ	223	2
ටෑං	222	3
සුං	218	3
ලෞ	215	2
නිං	211	3
ශෙ	210	2
විං	202	3
ණැ	198	2
ඩිං	197	3
ඳේ	194	2
කුං	194	3
ඵ්	192	2
ෂැ	190	2
ළෝ	187	2
ෂොං	186	3
රිං	184	3
ඩූ	183	2
‎	182	1
භං	177	2
රෞ	172	2
යෑං	172	3
ථෙ	170	2
+	170	1
ෂිං	168	3
රෛ	160	2
—	158	1
ඛෝ	156	2
චොං	156	3
චෑ	152	2
ෆූ	151	2
ඡ්	147	2
ඳූ	139	2
­	133	1
ඥ්	130	2
ජෑ	129	2
ඡී	127	2
ඩෙං	124	3
ඬේ	121	2
ඵෙ	120	2
⁣	120	1
ඨී	119	2
චෙං	119	3
මුං	117	3
බොං	117	3
රැු	116	3
ධෘ	116	2
෴	115	1
යිං	115	3
ශාං	115	3
ළූ	115	2
ඣ	114	1
භෛ	114	2
ශෘං	111	3
˝	110	1
දාං	109	3
;	109	1
ජෑං	109	3
ඵු	108	2
ඞ	107	1
ඣි	107	2
නඃ	107	2
චිං	105	3
]	103	1
රුං	101	3
ඳැ	101	2
ඞී	100	2
ආං	98	2
තඃ	97	2
බෘ	96	2
කෛ	96	2
·	94	1
තෛ	93	2
ළ්	93	2
ධං	92	2
චුං	90	3
ඇං	89	2
ඝූ	88	2
ෂැං	88	3
•	88	1
රෘ	87	2
ටාං	86	3
එ්	85	2
ධො	81	2
භො	81	2
චෑං	81	3
!	78	1
සෙෙ	76	3
_	76	1
ඩෲ	74	2
=	72	1
ඣා	72	2
තෲ	71	2
වෙි	70	3
‚	69	1
ඬා	69	2
යෛ	68	2
ධාං	68	3
තිං	68	3
ඡු	67	2
බෝං	66	3
ඣං	66	2
ඡෙ	66	2
ඤෙ	66	2
යා්	65	3
භෙ	65	2
ගිං	64	3
ඪාං	63	3
රිි	63	3
ණෟ	63	2
ඞා	60	2
ෂෑං	60	3
ශො	59	2
කි්	59	3
ර්්	59	3
ථෝ	58	2
රි්	58	3
ඛො	58	2
ශුං	56	3
ඨාං	55	3
−	54	1
පොං	54	3
ි	53	1
ථං	53	2
හුං	52	3
යාෙ	51	3
ටං	51	2
ඛං	50	2
ඹ්	50	2
ඩෘ	49	2
ගාං	48	3
ඩොං	47	3
ඞු	46	2
කෟ	46	2
ණො	46	2
වෑං	46	3
ඝි	45	2
හෞ	45	2
ේ	44	1
ෂං	44	2
ධේ	44	2
වැං	44	3
ඟැ	44	2
ෂෞ	44	2
ගෲ	43	2
ඳ්	42	2
ඪි	42	2
රා්	41	3
යාා	41	3
ලොං	41	3
එෙ	40	2
ශැ	40	2
*	40	1
ටෘ	40	2
￼	40	1
ඹෟ	39	2
ෛ	39	1
ඤො	39	2
ැ	39	1
බි්	39	3
චැං	39	3
ෆෙං	39	3
ජෙං	39	3
තොං	39	3
ජෞ	38	2
නෘ	38	2
ු	38	1
ඟූ	38	2
න්ෙ	37	3
ඨ්	37	2
ී	36	1
චාං	36	3
යාි	35	3
මෙි	35	3
ගැං	35	3
ස්ං	35	3
ඔු	34	2
ටොං	34	3
කඃ	34	2
	34	1
විෙ	33	3
ෆෑ	33	2
ඡෝ	33	2
ධෙ	33	2
ළිං	32	3
ඔං	32	2
භාං	32	3
චෙෙ	32	3
ධෲ	32	2
හැං	31	3
ඬී	30	2
‛	30	1
ගෛ	29	2
ෂෑ	29	2
රී්	29	3
භෟ	29	2
වෙං	29	3
ඨෝ	28	2
ඝෘ	28	2
රිා	28	3
ඝො	28	2
ටෲ	28	2
ෂෙං	28	3
කාෙ	27	3
දෝං	27	3
හෙං	27	3
හාං	26	3
සෝං	26	3
ඳෑ	26	2
රොං	26	3
ෙෙ	26	2
﻿	26	1
රාි	25	3
ඵෝ	25	2
®	25	1
රෝං	25	3
ඵි	25	2
අඃ	24	2
රිෙ	24	3
ඒ්	24	2
ඛූ	24	2
	24	1
ඵා	24	2
ො	24	1
වූං	24	3
ජාං	23	3
රාෙ	23	3
ඝේ	23	2
ජූං	23	3
ෆැං	23	3
ං	22	1
රාා	22	3
වෙෙ	22	3
ශෘ	22	2
කී්	22	3
හෛ	22	2
සැං	21	3
රිු	21	3
ඡුා	21	3
ෑ	20	1
පූං	20	3
ඤෝ	20	2
රීි	20	3
˜	20	1
රේ්	20	3
බෛ	20	2
විි	20	3
ඵො	20	2
ටෞ	20	2
දුඃ	19	3
ඕං	19	2
භෘ	19	2
²	19	1
ක්ෙ	19	3
මඃ	19	2
ඨං	18	2
ඬ්	18	2
න්්	18	3
ඞි	18	2
ති්	18	3
ලා්	18	3
¨	18	1
→	18	1
බුං	18	3
ටෛ	18	2
ඨෙ	17	2
හා්	17	3
ශිං	17	3
ක්්	17	3
යඃ	17	2
#	17	1
නෙෙ	17	3
°	17	1
ථෘ	17	2
ධිං	16	3
ඟ්	16	2
යාු	16	3
ඤි	16	2
රඃ	16	2
ශෞ	16	2
රෟ	16	2
ලෝං	16	3
ඩුං	16	3
යූං	16	3
ච්ෙ	15	3
සිි	15	3
ෝ	15	1
ස්ෙ	15	3
ෆෲ	15	2
යාේ	15	3
ගේ්	15	3
ලැං	15	3
වි්	15	3
	15	1
ළුූ	15	3
උං	15	2
×	14	1
පැං	14	3
පෟ	14	2
කෘෘ	14	3
පෲ	14	2
කිි	14	3
ප්්	14	3
රීෙ	14	3
ඝං	14	2
ඝෙ	14	2
ඡං	14	2
මෙං	14	3
රිී	13	3
ඨො	13	2
නිි	13	3
රීා	13	3
නොං	13	3
ෂෘ	13	2
රිේ	13	3
යෘ	13	2
සෑං	13	3
බෘෘ	13	3
පෙං	13	3
ලෑං	13	3
ඪ්	12	2
ඥෙ	12	2
අෙ	12	2
ම්ි	12	3
ටි්	12	3
ඬෙ	12	2
මිි	12	3
ඵූ	12	2
☆	12	1
£	12	1
සෟ	12	2
තෞ	12	2
ඎ	12	1
කිු	12	3
ධෞ	12	2
නිෙ	11	3
ඦ	11	1
ශී්	11	3
ජ්්	11	3
ටෙි	11	3
රීී	11	3
තිි	11	3
ටේ්	11	3
ත්්	11	3
ම්ෙ	11	3
තිෙ	11	3
ව්ි	11	3
ධඃ	11	2
ඛුං	10	3
නාෙ	10	3
ඳෝ	10	2
ඹැ	10	2
ද්්	10	3
¼	10	1
රිැ	10	3
$	10	1
රීු	10	3
¥	10	1
ගී්	10	3
√	10	1
දුු	10	3
ශෙෙ	10	3
දෞ	10	2
ඡැ	10	2
නා්	9	3
හිි	9	3
ඤං	9	2
ශි්	9	3
ථො	9	2
ණඃ	9	2
රොෙ	9	3
යිි	9	3
පිි	9	3
භ්ා	9	3
පෛ	9	2
දුං	9	3
එැ	9	2
	9	1
}	9	1
හෙි	9	3
ඵෛ	9	2
ඹෑ	9	2
ඥේ	9	2
ෆෑං	9	3
》	9	1
▪️	9	2
සීං	8	3
බාෙ	8	3
මාෙ	8	3
¸	8	1
මෙෙ	8	3
ශෟ	8	2
ූ	8	1
යාී	8	3
සෙෘ	8	3
ගා්	8	3
ඔි	8	2
ලැෙ	8	3
හීං	8	3
බෙි	8	3
යෙි	8	3
\	8	1
☸️	8	2
ළිි	8	3
යිෙ	8	3
ෆිං	8	3
.ි	8	2
ශෲං	8	3
රැං	8	3
˛	8	1
ත්ෙ	8	3
½	8	1
ටුං	8	3
。	8	1
තෟ	8	2
ෆෞ	8	2
තිඃ	8	3
౦	8	1
සිෙ	8	3
මා්	7	3
.්	7	2
ඩෛ	7	2
නි්	7	3
දෟ	7	2
˘	7	1
කිෙ	7	3
පාෙ	7	3
කා්	7	3
.ෙ	7	2
භා්	7	3
වොං	7	3
රොා	7	3
දාඃ	7	3
ෂෟ	7	2
ළොං	7	3
වුං	7	3
ජෘ	7	2
නුු	7	3
උෟ	7	2
භැ	7	2
ඝී	7	2
ප්ි	7	3
රීේ	7	3
දෲ	7	2
නුං	7	3
හිඃ	7	3
&	7	1
චෙි	7	3
§	7	1
මේං	7	3
ජැං	7	3
යාැ	6	3
කෙු	6	3
නුෙ	6	3
එි	6	2
මෟ	6	2
දිි	6	3
ෘ	6	1
ඉැ	6	2
දෙෙ	6	3
සංෙ	6	3
අ්	6	2
ඡෛ	6	2
වීෙ	6	3
තා්	6	3
තෝං	6	3
ඏ	6	1
සාෙ	6	3
වෟ	6	2
වඃ	6	2
ඒං	6	2
න්ි	6	3
වෙී	6	3
¡	6	1
දීී	6	3
නීි	6	3
නීෙ	6	3
තුෙ	6	3
🇱🇰	6	2
ඡූ	6	2
ළුෑ	6	3
රාැ	6	3
පේ්	6	3
රාු	6	3
ලුං	6	3
රාේ	6	3
ණිං	6	3
බාං	6	3
ගූං	6	3
කෝං	6	3
ඩිි	6	3
ලෟ	6	2
තී්	6	3
ර්ං	6	3
^	6	1
භෙෙ	6	3
යෙං	6	3
ඣෙ	6	2
මුඃ	6	3
ඩෞ	6	2
♦	6	1
බෳෙ	6	3
චූං	6	3
ටෙං	6	3
වුෙ	5	3
පා්	5	3
ජෙෙ	5	3
ලෙං	5	3
¾	5	1
බා්	5	3
කැං	5	3
නැෙ	5	3
රෝ්	5	3
භෙෘ	5	3
ඹෞ	5	2
ඉි	5	2
වාෙ	5	3
ෆෘ	5	2
ගිි	5	3
අි	5	2
රාී	5	3
ඥාා	5	3
ගෑං	5	3
ඵං	5	2
ධෙෙ	5	3
›	5	1
ළුී	5	3
රීැ	5	3
ව්ෙ	5	3
දිී	5	3
යෙු	5	3
ගෙේ	5	3
යෙේ	5	3
අු	5	2
ජේ්	5	3
ඨේ	5	2
බීං	5	3
ඣ්	5	2
ලාෙ	5	3
ෆොං	5	3
වෲ	5	2
චෝං	5	3
ඪා	5	2
ඔෘ	5	2
පුු	5	3
නෙු	5	3
ගෙෘ	5	3
ඪෝ	5	2
මිෙ	5	3
ඔෳ	5	2
එු	4	2
න්්්	4	4
ඦා	4	2
✓	4	1
ට්්	4	3
ඤේ	4	2
දා්	4	3
සුු	4	3
එෙෙ	4	3
ගෟ	4	2
මි්	4	3
චා්	4	3
ර්ි	4	3
රැේ	4	3
දොඃ	4	3
රූං	4	3
ඤු	4	2
හොෝ	4	3
ඟෑ	4	2
ෂුං	4	3
පෙෙ	4	3
වෙු	4	3
ලිෙ	4	3
අෑ	4	2
උෘ	4	2
ලෝ්	4	3
නේ්	4	3
	4	1
ජා්	4	3
වෞ	4	2
භූූ	4	3
බුු	4	3
ඨු	4	2
රැ්	4	3
රිෝ	4	3
පි්	4	3
¹	4	1
€	4	1
∆	4	1
~	4	1
ක්ා	4	3
යුු	4	3
ශ්ෙ	4	3
යුෙ	4	3
රේෙ	4	3
චිි	4	3
රීං	4	3
ගි්	4	3
ශේ්	4	3
රෙං	4	3
යේ්	4	3
ලීෙ	4	3
ෙො	4	2
ථුං	4	3
කුෘ	4	3
නිඃ	4	3
ඔෟ	4	2
තෙං	4	3
බෙෘ	4	3
යෝං	4	3
රෙෘ	4	3
සේං	4	3
ෂෛ	4	2
ෂෘෘ	4	3
ල්ෙ	4	3
දූං	4	3
😉	4	1
යුුු	4	4
 	4	1
	3	1
ෞ	3	1
ටිෙ	3	3
ඦෝ	3	2
පෙැ	3	3
එා	3	2
ලූං	3	3
ඨැ	3	2
යාො	3	3
යාෝ	3	3
බෟ	3	2
.ෙෙ	3	3
දුෙ	3	3
ඹෳ	3	2
හොඃ	3	3
රංා	3	3
රංි	3	3
සේ්	3	3
රොි	3	3
රෝි	3	3
වීි	3	3
සිී	3	3
රේො	3	3
ඛාං	3	3
ඣේ	3	2
ඹඃ	3	2
නෙි	3	3
ප්ෙ	3	3
ෟ	3	1
යුි	3	3
ී්	3	2
ඉ්	3	2
ඔී	3	2
තැං	3	3
ඬැ	3	2
ධ්්	3	3
ඬූ	3	2
යිිි	3	4
ඛෙං	3	3
ඡිං	3	3
ලිි	3	3
ගාෙ	3	3
ඍැ	3	2
ඩෘෘ	3	3
ෂේ්	3	3
භෑ	3	2
ප්ා	3	3
නීී	3	3
බ්්	3	3
ණෘ	3	2
ත්ි	3	3
<	3	1
රෙි	3	3
ගෙෙ	3	3
1ි	3	2
බාි	3	3
සා්	3	3
ඳෘ	3	2
ෂිි	3	3
සෲ	3	2
සි්	3	3
ෂඃ	3	2
ශෙං	3	3
යුුුු	3	5
රුෙ	3	3
ළුු	3	3
ඩ්ි	3	3
ට්ි	3	3
බ්ි	3	3
වීී	3	3
ළුං	3	3
ම්ං	3	3
දෙි	3	3
පාි	3	3
ටිි	3	3
සිා	3	3
තුු	3	3
ඵී	3	2
ධිි	3	3
වේි	3	3
මේි	3	3
සංං	3	3
ඟං	3	2
බැෙ	3	3
වුු	3	3
,ෙ	3	2
ඩුා	3	3
නෟ	3	2
ඐ	3	1
ෙේ	3	2
දිෙ	3	3
ඣෝ	3	2
යි්	3	3
±	3	1
ගෳ	3	2
රෙෙ	3	3
කෳ	3	2
ළෙං	3	3
ඒෙ	3	2
සෙු	3	3
ලාඃ	3	3
ඔ්	3	2
භෘං	3	3
.ෳ	3	2
ගෙෳ	3	3
භෲ	3	2
සූං	3	3
ගෝං	3	3
ඥි	3	2
🤔	3	1
👍	3	1
ඤැ	3	2
⚫️	3	2
යෝඃ	3	3
දෙී	2	3
චිෙ	2	3
(ෙ	2	2
๟	2	1
ඳො	2	2
කීී	2	3
තීි	2	3
ඡෑ	2	2
ශා්	2	3
පුෙ	2	3
කෙෙ	2	3
යෝ්	2	3
රැා	2	3
ගෘං	2	3
ළුා	2	3
ෂා්	2	3
මෙී	2	3
යේි	2	3
ඛැ	2	2
ඃ	2	1
පෙෳ	2	3
කිා	2	3
දීෙ	2	3
සෘං	2	3
වැෙ	2	3
රි්ි	2	4
දඃ	2	2
මිී	2	3
බූූ	2	3
ඳං	2	2
❗	2	1
එෑ	2	2
රැී	2	3
රොු	2	3
රොී	2	3
හාා	2	3
රැි	2	3
ටුු	2	3
මෳ	2	2
තෳ	2	2
ගඃ	2	2
෿	2	1
යිී	2	3
තේ්	2	3
ළෛ	2	2
ෘැ	2	2
්ා	2	2
එෟ	2	2
රේී	2	3
🏴󠁧󠁢󠁥󠁮󠁧󠁿	2	7
ම්ා	2	3
ඪී	2	2
වෳ	2	2
″	2	1
යේේ	2	3
සිිං	2	4
ස්්	2	3
මෙැ	2	3
පෙි	2	3
සෙි	2	3
ෘැ්ා	2	4
ෘ්	2	2
ීැ	2	2
පු්	2	3
රුා	2	3
රු්	2	3
යේං	2	3
ත්ා	2	3
බ්ා	2	3
ප්ේ	2	3
ප්ී	2	3
දි්	2	3
ප්ු	2	3
ශ්ා	2	3
කෑං	2	3
පුා	2	3
රීූ	2	3
රීො	2	3
රැැ	2	3
වෙැ	2	3
ඹං	2	2
රෝෙ	2	3
සුා	2	3
ඇැ	2	2
ලිී	2	3
භෛෟ	2	3
රේා	2	3
ලුු	2	3
න්ං	2	3
ඉා	2	2
හිෙ	2	3
යුැ	2	3
ගෘෘ	2	3
ඔා	2	2
වැැ	2	3
ඉෙ	2	2
ාෙ	2	2
තෘෘ	2	3
කෙෳ	2	3
රේි	2	3
යංි	2	3
නොෙ	2	3
ආෙ	2	2
කොා	2	3
නාා	2	3
හෝ්	2	3
ල්්	2	3
ථීි	2	3
සුූ	2	3
.ී	2	2
රුු	2	3
¶	2	1
ජඃ	2	2
සිඃ	2	3
සුඃ	2	3
බිඃ	2	3
ලෘ	2	2
ඡු්	2	3
/්	2	2
%ි	2	2
රංේ	2	3
රං්	2	3
රොො	2	3
ා්	2	2
හැි	2	3
බිි	2	3
ඡෘ	2	2
විා	2	3
ෂෝං	2	3
මෝං	2	3
ඝෞ	2	2
ශෙෘ්	2	4
ච්ි	2	3
ඹෝ	2	2
රේ්්	2	4
තෙෙ	2	3
ඣු	2	2
ඞො	2	2
වූූ	2	3
තිු	2	3
රෝී	2	3
යෙී	2	3
සීි	2	3
、	2	1
↓	2	1
ටාෙ	2	3
හ්ඃ	2	3
ල්ං	2	3
රොෝ	2	3
ඝැ	2	2
ඩෝං	2	3
⁄	2	1
පෙු	2	3
7ි	2	2
ඪො	2	2
පී්	2	3
ෆෛ	2	2
ර්ෙේ	2	4
ඤාා	2	3
ඨිං	2	3
ළාෙ	2	3
හුෙ	2	3
ඩි්	2	3
බේං	2	3
০	2	1
ජෝං	2	3
මිිිි	2	5
ධෑ	2	2
භෙෘ්	2	4
⚛️	2	2
වාා	2	3
%ා	2	2
ගෝ්	2	3
ණුු	2	3
මූූ	2	3
ළෘ	2	2
පොඃ	2	3
හඃ	2	2
දෙං	2	3
දී්	2	3
කිී	2	3
ණෛ	2	2
8ං	2	2
එී	2	2
බූං	2	3
වෛා	2	3
ෂෲ	2	2
ලීං	2	3
පිිි	2	4
නූං	2	3
චෞං	2	3
ඌං	2	2
ඈං	2	2
ගැ්	2	3
පිු	2	3
☝	2	1
⚛	2	1
▶	2	1
ඟො	2	2
කෛඃ	2	3
‑	2	1
✡	2	1
නෝං	2	3
යංො	1	3
ණ්ෙ	1	3
ණුෙ	1	3
ගුෙ	1	3
එො	1	2
වෛ්	1	3
තාෙ	1	3
ඞෝ	1	2
๜	1	1
໶	1	1
/ෙ	1	2
ඳඃ	1	2
ඡිෙ	1	3
ණිෙ	1	3
කුුි	1	4
ලෙෝ	1	3
8ා	1	2
දෙැ	1	3
ටෝො	1	3
ලැි	1	3
බෙඃ	1	3
කෞු	1	3
එෛ	1	2
හි්	1	3
රුි	1	3
ඳාා	1	3
නෙං	1	3
නෛි	1	3
පොු	1	3
හෛා	1	3
ව්ෘ	1	3
කිැ	1	3
ටැි	1	3
ඡුැ	1	3
ිැ	1	2
ාැ	1	2
දීි	1	3
මිා	1	3
◌	1	1
උි	1	2
ර්ෙ	1	3
දෙූ්	1	4
ඝෟ	1	2
පෘි	1	3
සෙෳ	1	3
භුෙ	1	3
තෝඃ	1	3
අෙේ	1	3
සෙැ	1	3
ථ්ා	1	3
පුේ	1	3
්්	1	2
රිූූ	1	4
ධිෙ	1	3
තෘඃ	1	3
ැං	1	2
ථාා	1	3
කේ්	1	3
රොැ	1	3
ජුඃ	1	3
රෑො	1	3
රේූ	1	3
මිැ	1	3
මාා	1	3
ෆිි	1	3
ඥෝ	1	2
කුැු	1	4
ක්ෲ	1	3
ගැැ	1	3
🤟	1	1
දිිිිිි	1	7
පඃ	1	2
ක්ී	1	3
-ු	1	2
දෛි	1	3
ඨ්ි	1	3
ඍෑ	1	2
ජ්ෙ	1	3
ඥූ	1	2
තෘා	1	3
ඩුෙ	1	3
ටෙෙ	1	3
බෟෙ	1	3
සාා	1	3
ශොෝ	1	3
ඬං	1	2
ළේ්	1	3
මෙිි	1	4
🇪🇸	1	2
🇺🇾️	1	3
🇫🇷	1	2
🇦🇷	1	2
🇮🇹	1	2
🇩🇪	1	2
🇧🇷	1	2
හිා	1	3
දුා	1	3
යෝු	1	3
දේේ	1	3
තේං	1	3
ට්ං	1	3
රෝා	1	3
අාං	1	3
	1	1
ශෝ්	1	3
ජිිි	1	4
තීීී	1	4
වූූූ	1	4
පීීී	1	4
විිි	1	4
සිිි	1	4
බිී	1	3
ලැු	1	3
නොැ	1	3
තාැ	1	3
ඪං	1	2
කෑඃ	1	3
ල්ි	1	3
සැි	1	3
ඓැ	1	2
මුු	1	3
ශීං	1	3
ිාොිෙිා	1	7
ිි	1	2
ඛැ්ාැ	1	5
ඡු්ිි	1	5
බෙැා	1	4
රැුැ	1	4
ඪු	1	2
රුෝ	1	3
හාෝ	1	3
ජිෙ	1	3
0ෙ	1	2
අාෙ	1	3
ථාෙ	1	3
ශ්ු	1	3
ට්ෙ	1	3
ෂිා	1	3
ති්්	1	4
කි්ී	1	4
කි්ි	1	4
බි්ි	1	4
ටි්්	1	4
ග්්	1	3
යාෑ්	1	4
ත්ු	1	3
ප්ෑ	1	3
පි්ි	1	4
ටේ්්	1	4
ග්ේ	1	3
කි්ා	1	4
ප්ෝ	1	3
කැෙ	1	3
ශි්ි	1	4
ඵ්්ි	1	4
ඏ්	1	2
ෑෑ	1	2
ඍ්	1	2
ඵෑ	1	2
ඨෑ	1	2
ග්ි	1	3
ඪේ	1	2
රිංි	1	4
රේු	1	3
ඡේෙ	1	3
රෑ්	1	3
තුැ	1	3
යු්	1	3
යාංු	1	4
සූු	1	3
රාෘ	1	3
යාූ	1	3
රිො	1	3
ට්ු	1	3
කැැ	1	3
රෝු	1	3
රොූ	1	3
කෟෙ	1	3
සිැා	1	4
1්	1	2
න්ඃ	1	3
-්	1	2
සෙේ	1	3
සෙී	1	3
ඬාං	1	3
ඞං	1	2
💸	1	1
යූ්	1	3
උ්	1	2
රුැ	1	3
හැ්	1	3
ඩාා	1	3
මූඃ	1	3
ඉඃ	1	2
	1	1
	1	1
	1	1
ඪෞ	1	2
຃	1	1
໵	1	1
຺	1	1
໮	1	1
බෛා්	1	4
යාඃ	1	3
වුෘ	1	3
ඩා්	1	3
වෘෘ	1	3
ෂ්ෙ	1	3
●	1	1
ද්ෙ	1	3
ලෙැ	1	3
ඇි	1	2
ඡො	1	2
ත්ේ	1	3
ෂාේ	1	3
රෑා	1	3
ෂාි	1	3
ෂිු	1	3
ෂිැ	1	3
රෑි	1	3
රෑු	1	3
සිි්	1	4
ි්	1	2
වා්	1	3
ෂාෙ	1	3
ඊී	1	2
8්	1	2
රීිං	1	4
දිැ	1	3
ඛිි	1	3
ලුෙ	1	3
ව්ිෙ	1	4
ර්ැ	1	3
රීීා	1	4
රීිි	1	4
යුේ	1	3
ර්ේ	1	3
නිී	1	3
ඵැ	1	2
උ්ි	1	3
නෝ්	1	3
	1	1
ලෛි	1	3
0්	1	2
	1	1
ඉා්	1	3
ර්ී	1	3
ආා	1	2
නිැ	1	3
ඵෘ	1	2
”්	1	2
	1	1
ළිා	1	3
චිා	1	3
'ි	1	2
.ේ	1	2
බැි	1	3
"ී	1	2
ඛෘ	1	2
මැි	1	3
තු්	1	3
යේී	1	3
/ි	1	2
දු්	1	3
ඳිේ	1	3
භාා	1	3
දාි	1	3
මෙේ	1	3
ආෘ	1	2
දාා	1	3
~ු	1	2
ණාු	1	3
ළු්	1	3
තෙු	1	3
දාැ	1	3
’්	1	2
ගේි	1	3
ුංං	1	3
ංුං	1	3
මේ්	1	3
	1	1
ඔැ	1	2
පැි	1	3
චැ්	1	3
ඵ්ි	1	3
ඒා්	1	3
ලංං	1	3
තැා	1	3
මාැ	1	3
බෛා	1	3
කීෘ	1	3
යෛ්	1	3
හේි	1	3
නොු	1	3
-ෘ	1	2
ඣඃ	1	2
යොෝ	1	3
නිා	1	3
හ්ා	1	3
ටෙු	1	3
රාං්	1	4
කොු	1	3
ෲ	1	1
වුැ	1	3
මෞ්	1	3
නු්	1	3
සං්	1	3
’ා	1	2
ළුි	1	3
ථෙි	1	3
ෂූූ	1	3
මීී	1	3
ඏි	1	2
කිෘ	1	3
⁮	1	1
ම්ී	1	3
මුෙ	1	3
ඡ්්	1	3
,්	1	2
ණේ්	1	3
භෟෙ	1	3
නෙෑ	1	3
එැා	1	3
සීෙ	1	3
,ෛ	1	2
කෛ්	1	3
ලෙෙ	1	3
වේා	1	3
ශැං	1	3
ගා්්	1	4
විේ	1	3
තුි	1	3
රුේ	1	3
මූං	1	3
ෑෘ	1	2
%ෙ	1	2
@	1	1
（	1	1
）	1	1
ථිං	1	3
ුැ	1	2
මුෟ	1	3
ජුු	1	3
↑	1	1
නිිි	1	4
	1	1
ම්ඃ	1	3
ඌඃ	1	2
ළිෙ	1	3
කි්්	1	4
ඬො	1	2
රෑේ	1	3
රිූ	1	3
්ි	1	2
ඟුු	1	3
ඔි්	1	3
ෑා	1	2
,ි	1	2
ෆා්	1	3
බිු	1	3
ටෙැ	1	3
ව්ැ	1	3
බෛෟ	1	3
පිා	1	3
කාි	1	3
4ී	1	2
9්	1	2
2්	1	2
4ු	1	2
6ු	1	2
4්	1	2
පිෙ	1	3
ර්ාා	1	4
රංෙ	1	3
ඵේ	1	2
ෆේ්	1	3
වේ්	1	3
සෙෑ	1	3
කාො	1	3
¿	1	1
හිී	1	3
¢	1	1
සෛං	1	3
තාා	1	3
ෆං	1	2
ෆඃ	1	2
,ෙො	1	3
ටෙේ	1	3
තෙේ	1	3
නෙේ	1	3
සුෙෙ	1	4
රීෙෙ	1	4
වූෙේ	1	4
ඩෙෙ	1	3
ෙෝ	1	2
හුෙේ	1	4
විු	1	3
නිු	1	3
ඣූ	1	2
ඣී	1	2
ඣුං	1	3
ඣිං	1	3
බුෙ	1	3
ගිෙ	1	3
ම්්	1	3
ෛිා	1	3
ඩෙෙෙ	1	4
，	1	1
．	1	1
හෲ	1	2
මෲ	1	2
ටෝං	1	3
ධෟ	1	2
ශේෙ	1	3
ෂාා	1	3
පෙෘ	1	3
ගුා	1	3
ශුි	1	3
දාෙ	1	3
ඞේ	1	2
ක්ං	1	3
තීෙ	1	3
උූෟ	1	3
චේං	1	3
රෙො	1	3
ඥං	1	2
දීැ	1	3
ටෝී	1	3
ඨූ	1	2
₩	1	1
සී්	1	3
බෙෙ	1	3
ඦ්	1	2
ස්ේ	1	3
ය්්	1	3
😂	1	1
සැ්	1	3
ලිිි	1	4
කුෙ	1	3
ගෙු	1	3
කාා	1	3
අෘ	1	2
ෆෙෘ්	1	4
යොා	1	3
පෟෙ	1	3
දිා	1	3
ය්ං	1	3
⟶	1	1
විී	1	3
ඥො	1	2
ඔො	1	2
>	1	1
හෟ	1	2
'ා	1	2
විිිිිිිිිිිිිිිිිිිිිිිිිිිි	1	29
🕉️	1	2
ලෙි	1	3
ලාා	1	3
සිිිි	1	5
ඩෑං	1	3
0ං	1	2
හුු	1	3
♙	1	1
☀	1	1
නී්	1	3
≤	1	1
තේා	1	3
දීං	1	3
ස්ෘ	1	3
යේෙ	1	3
®ා	1	2
ීි	1	2
ඉු	1	2
පෝං	1	3
ඔෙ	1	2
ආ්	1	2
ණෙී	1	3
මාඃ	1	3
ඹො	1	2
කෙි	1	3
ෆිො	1	3
ගංං	1	3
රේැ	1	3
ඳෙී	1	3
ජිි	1	3
පිී	1	3
හුුුු	1	5
‏	1	1
හේං	1	3
ලැැ	1	3
තෙි	1	3
ඛොං	1	3
†	1	1
🙂	1	1
ක්ි	1	3
2ෙ	1	2
යෙො	1	3
බෙී	1	3
සෛ්	1	3
වේෙ	1	3
ජේා්	1	4
ජ්ං	1	3
„	1	1
විූ	1	3
ජැි	1	3
තෛ්	1	3
කූං	1	3
ඟීී	1	3
පොෙ	1	3
සෞෟ	1	3
ෆීෙ	1	3
ෂුුු	1	4
÷	1	1
උු	1	2
වෝං	1	3
නාු	1	3
රෙිා	1	4
පේෟ	1	3
ඩුු	1	3
රේා්	1	4
රේෝ	1	3
ඳිිි	1	4
2ි	1	2
8ි	1	2
3ි	1	2
4ි	1	2
5ි	1	2
ටෝෙ	1	3
වුුු	1	4
ඇෙ	1	2
නුේ	1	3
ටෲං	1	3
ෆෘෘ	1	3
යීි	1	3
₹	1	1
🇳🇿	1	2
ෆූං	1	3
මොෝ	1	3
න්̣	1	3
ඛෞ	1	2
නේං	1	3
ඩ්ු	1	3
ඩාෙ	1	3
ජීං	1	3
ලැා	1	3
මූී	1	3
॥	1	1
ප්ැ	1	3
ව්්	1	3
ණිී	1	3
🚌	1	1
😲	1	1
😬	1	1
🌎	1	1
🌏	1	1
😮	1	1
🌌	1	1
🙌	1	1
🕳	1	1
💠	1	1
⤵	1	1
❓	1	1
😌	1	1
ඒෙෙ	1	3
✴	1	1
ඩුුු	1	4
“ා්	1	3
ණා්	1	3
ඬෝ	1	2
තෘං	1	3
ටාා	1	3
උෳ	1	2
සිිිිි	1	6
දිිිි	1	5
ළුෙ	1	3
බෙො	1	3
ඛඃ	1	2
ආඃ	1	2
ෂෝ්	1	3
ෂුඃ	1	3
ටිිි	1	4
සෑෙ	1	3
රැෙ	1	3
තිිි	1	4
ථිිි	1	4
යාෑ	1	3
බුුු	1	4
ඹෙි	1	3
😁	1	1
හෙු	1	3
ාං	1	2
උෙ	1	2
ඳුු	1	3
නුුුුුුුුුුුුුුුුුුුුුුුුුුුුු	1	30
යෙැ	1	3
තීඃ	1	3
භූඃ	1	3
ෂෝඃ	1	3
මීං	1	3
ඛීං	1	3
භුඃ	1	3
පූූූූූ	1	6
තුෑ	1	3
නිිිි	1	5
සූූූ	1	4
හූං	1	3
ලි්	1	3
දැෙ	1	3
ක්ෘ	1	3
ඬෑ	1	2
