ల	758747	1
లో	732111	2
క	676141	1
న	531220	1
రు	508812	2
గ్రా	474460	4
ది	464848	2
మం	462463	2
ర	461453	1
డి	455328	2
కి	440823	2
ప	426405	1
లు	414501	2
వ	413042	1
ని	405324	2
.	364940	1
మీ	361245	2
ఉ	349401	1
రం	349363	2
న్నా	330539	4
స	322159	1
యి	311858	2
రా	307503	2
వి	293832	2
నుం	289080	3
మా	274790	2
పా	239359	2
ఆ	232829	1
త	231950	1
రి	226630	2
దూ	224330	2
గు	223637	2
వా	223222	2
శా	222527	2
అ	204721	1
సం	204708	2
ప్ర	202775	3
మి	202621	2
ఉం	201693	2
సా	200408	2
కా	198906	2
జ	197811	1
య	191439	1
మ	190413	1
సౌ	189119	2
బ	188002	1
గ	184930	1
కు	178284	2
నీ	155879	2
కేం	151240	3
వ్య	147755	3
దు	146793	2
ద	145193	1
గా	141237	2
న్	140328	2
టి	140060	2
ను	132834	2
జి	129812	2
ద్రం	125401	4
ర్లు	125332	4
ర్యం	124735	4
భూ	124718	2
ణ	124082	1
డు	122042	2
వు	120357	2
డ	119009	1
హె	117284	2
ట	117208	1
రో	116863	2
క్టా	115540	4
పు	108715	2
సు	108455	2
ము	105776	2
డా	103918	2
టు	103811	2
వై	102556	2
తి	101879	2
పో	101628	2
నా	99353	2
ద్య	98152	3
బా	96350	2
హ	92907	1
లే	90863	2
థ	90734	1
దా	90437	2
ఇ	90101	1
చి	89910	2
చే	89317	2
తా	89041	2
ష	84947	1
యం	82255	2
ర్యా	81990	4
సి	80449	2
న్న	79783	3
పై	79413	2
కం	79240	2
గం	77854	2
ళా	77597	2
ల్లా	74687	4
ఠ	74619	1
ఎ	73730	1
కో	72922	2
ర్	72463	2
ఈ	72051	1
వే	71517	2
హా	70809	2
భు	67823	2
లా	66818	2
లి	65668	2
భా	65494	2
అం	64969	2
త్వ	64958	3
ప్రా	64729	4
ఖ్య	63817	3
ద్వా	63004	4
స్థ	62938	3
శు	62594	2
ఫ	62239	1
ఒ	61438	1
నే	59530	2
యో	57446	2
చా	56865	2
త్తి	55466	4
డ్	54953	2
తో	54909	2
పం	54314	2
తు	54002	2
గ్	52930	2
ఫీ	51789	2
కూ	51690	2
ప్రై	50943	4
నూ	50731	2
టిం	50595	3
కిం	50528	3
లం	50342	2
మొ	48799	2
ణా	48475	2
మై	48382	2
ల్	48333	2
పి	48268	2
ఇం	47507	2
త్రి	47492	4
క్	46995	2
ఏ	45320	1
స్తు	45145	4
రిం	45074	3
క్క	44397	3
ద్యా	44365	4
కొ	44347	2
రీ	44143	2
యా	44135	2
జు	42411	2
లై	42205	2
చ	41965	1
తోం	41190	3
తె	40747	2
టె	40390	2
గ్య	40221	3
బ్యాం	39620	5
ఫో	39597	2
ద్యు	38930	4
ట్	38738	2
ధా	38657	2
హి	38290	2
నం	37817	2
ర్కె	37672	4
దే	37641	2
ధ	37356	1
గి	35860	2
శి	35441	2
చె	35411	2
క్ట	35300	3
తుం	34769	3
క్ష	34351	3
జా	33494	2
ధ్య	32703	3
భి	32477	2
బో	32400	2
స్	31968	2
పూ	31717	2
టే	31034	2
ణి	30698	2
బం	30591	2
టీ	30324	2
సే	30290	2
వృ	30168	2
తీ	30132	2
ల్లి	29638	4
మూ	29198	2
క్కు	28997	4
సై	28560	2
స్సు	28023	4
మే	27710	2
త్	27590	2
కె	27586	2
బ్లి	27086	4
షె	26703	2
ల్డ్	26511	4
డ్యూ	26351	4
స్టా	25977	4
త్ప	25549	3
మె	25170	2
జ్య	25054	3
ల్లో	25018	4
ద్ధి	24758	4
1	24609	1
త్త	24438	3
స్తుం	24221	5
డ్డి	24056	4
ద్ర	23716	3
కృ	23622	2
వీ	23471	2
ర్ల	23434	3
బి	22738	2
డ్లు	22724	4
పొ	22508	2
లిం	22347	3
స్తా	22217	4
కే	22217	2
పే	22197	2
ట్ట	21653	3
దం	20708	2
ణాం	20659	3
స్టే	20424	4
న్ని	20218	4
గ్రీ	20202	4
ర్య	20036	3
భ	19974	1
శ	19792	1
కీ	19717	2
ప్రాం	19612	5
త్తు	19585	4
మో	19569	2
వె	19192	2
పె	18778	2
5	18577	1
బ్	18548	2
లీ	18470	2
తం	18055	2
టుం	17774	3
డే	17768	2
గృ	17352	2
డిం	17348	3
జూ	17329	2
రై	17291	2
9	17052	1
చెం	17006	3
నో	16917	2
స్వ	16907	3
ధు	16716	2
ద్ద	16463	3
ద్రా	16454	4
ఘం	16432	2
గుం	16352	3
ష్ట్ర	16325	5
ర్త	16268	3
శ్రీ	16151	4
త్యా	16044	4
క్షే	15941	4
త్తం	15683	4
మ్	15682	2
థా	15619	2
స్త	15589	3
న్స్	15525	4
శ్వ	15417	3
డీ	15222	2
దొ	15060	2
ర్ణ	14995	3
రె	14949	2
2	14932	1
లాం	14843	3
త్యే	14796	4
ళ్ల	14741	3
ఖ	14731	1
ఫ్	14686	2
ల్వే	14408	4
టో	14320	2
త్ర	14319	3
న్య	14298	3
గ్రం	14283	4
ణం	14269	2
బృం	14036	3
ధం	13959	2
వం	13952	2
దీ	13926	2
బై	13846	2
బ్బం	13837	4
యే	13825	2
ట్రా	13723	4
పౌ	13722	2
మెం	13674	3
సొ	13647	2
యొ	13597	2
ఔ	13537	1
ఫె	13511	2
స్ట్	13415	4
లొ	13397	2
గో	13375	2
బీ	13358	2
ర్ట్స్	13333	6
ణీ	13320	2
గ్యం	13215	4
/	13215	1
ధ్యం	13213	4
ర్తా	13209	4
ర్నె	13122	4
క్ని	13079	4
మ్నా	13052	4
వ్యాం	13051	5
రూం	12977	3
న్స	12777	3
ర్థా	12770	4
గ్యా	12734	4
స్పె	12706	4
టా	12613	2
త్పా	12502	4
మ్మ	12447	3
0	12340	1
సెం	12067	3
యు	12034	2
క్షి	11992	4
ముం	11376	3
కుం	11286	3
7	11142	1
ట్టి	10886	4
త్స	10793	3
గ్గ	10554	3
8	10481	1
బ్లీ	10371	4
జీ	10369	2
స్థీ	10162	4
బు	10157	2
ర్వ్య	10078	5
రెం	10011	3
చ్చి	9995	4
ర్తి	9988	4
కొం	9970	3
ల్ల	9777	3
చు	9770	2
య్య	9750	3
రే	9715	2
ళ	9622	1
3	9494	1
ర్లో	9201	4
ద్	9182	2
6	9088	1
ట్నం	9080	4
చిం	9023	3
ధి	8992	2
ప్ప	8900	3
ల్లె	8796	4
శం	8794	2
హిం	8775	3
డం	8773	2
త్రా	8598	4
చం	8464	2
ర్శ	8385	3
గూ	8306	2
సీ	8268	2
ష్ట్రం	8259	6
చ్చా	8204	4
డేం	8187	3
నె	7950	2
గీ	7928	2
4	7872	1
స్వా	7814	4
స్థా	7574	4
ఆం	7499	2
త్రం	7478	4
గ్గు	7378	4
ర్వ	7337	3
వ్యా	7178	4
ల్లూ	7152	4
సిం	7133	3
తే	6958	2
బ్ర	6741	3
ష్ణ	6662	3
ట్టు	6550	4
షు	6488	2
వెం	6484	3
రూ	6420	2
త్వం	6414	4
లె	6249	2
త్య	6243	3
క్టో	6178	4
బూ	5910	2
ఎం	5886	2
లెం	5840	3
ధ్ర	5784	3
గ్ర	5757	3
క్ర	5755	3
సూ	5746	2
ఘ	5671	1
ర్మా	5574	4
లూ	5496	2
ప్పు	5458	4
గొ	5445	2
చూ	5445	2
ళ్ళ	5333	3
ర్మ	5137	3
దిం	5043	3
శ్	4988	2
,	4944	1
-	4894	1
టూ	4817	2
ట్ల	4783	3
హై	4777	2
శీ	4730	2
షా	4692	2
ఐ	4630	1
గిం	4626	3
ప్లాం	4441	5
ల్లు	4429	4
తూ	4398	2
డ్లూ	4320	4
గే	4307	2
ర్మిం	4163	5
కాం	4057	3
జొ	3980	2
పొం	3939	3
ష్	3932	2
ర్గం	3899	4
డూ	3898	2
ఓ	3847	1
హ్మ	3812	3
పిం	3749	3
శే	3695	2
బె	3655	2
ర్పు	3630	4
జం	3565	2
సె	3533	2
స్త్రీ	3529	6
యిం	3528	3
సో	3508	2
యె	3422	2
జ్	3361	2
ఊ	3307	1
డెం	3269	3
ద్లో	3204	4
సాం	3191	3
విం	3177	3
జె	3162	2
ర్పా	3139	4
చో	3120	2
టం	3120	2
డ్రి	3094	4
త్తూ	3086	4
ర్నూ	3079	4
డ్డు	3069	4
హం	2987	2
ద్ధ	2972	3
తొ	2972	2
ణు	2963	2
త్యం	2958	4
క్తి	2953	4
దో	2942	2
ద్దు	2917	4
డ్ల	2912	3
బొ	2897	2
హు	2882	2
రీం	2856	3
ఫి	2826	2
ళ్ళి	2817	4
య్యా	2813	4
ళి	2707	2
ధిం	2656	3
ల్గొం	2628	5
ట్లు	2573	4
డ్డ	2572	3
శో	2557	2
క్కి	2525	4
చ్చు	2522	4
ళ్ళు	2503	4
ప్రే	2490	4
మిం	2479	3
పీ	2478	2
రాం	2475	3
ట్టా	2464	4
జే	2460	2
షి	2460	2
ర్ప	2441	3
స్తూ	2416	4
న్యా	2405	4
చీ	2376	2
డై	2343	2
ఖా	2327	2
క్ష్మి	2314	6
కై	2291	2
ట్లో	2251	4
శ్ర	2219	3
ర్వా	2190	4
క్తు	2156	4
వ్	2116	2
ద్ది	2099	4
భీ	2094	2
ర్చి	2092	4
ప్రి	2079	4
భిం	2075	3
జై	2073	2
హీ	2067	2
మ్మా	2062	4
న్నె	2022	4
శ్రా	2016	4
త్మ	2001	3
ణ్యం	2000	4
గాం	1999	3
మ్బీ	1985	4
పెం	1975	3
బే	1967	2
ల్లం	1918	4
య్	1908	2
స్కా	1900	4
చ్చ	1884	3
ప్	1879	2
స్య	1844	3
భం	1842	2
గౌ	1841	2
)	1835	1
ధీ	1830	2
సుం	1827	3
క్రి	1824	4
డె	1809	2
ష్ట	1788	3
ర్తిం	1773	5
బ్బ	1767	3
గొం	1766	3
శాం	1764	3
ష్ణా	1759	4
డ్డా	1746	4
డో	1741	2
స్కృ	1739	4
జో	1706	2
ర్ర	1701	3
వ్వ	1675	3
బ్బా	1671	4
హో	1664	2
స్క	1633	3
గె	1620	2
ర్చా	1619	4
న్ను	1603	4
ర్గ	1594	3
నిం	1594	3
ళం	1587	2
న్నం	1575	4
ధ్యా	1570	4
గ్రె	1554	4
బ్రి	1533	4
క్ష్మీ	1531	6
ఒం	1527	2
చ్	1527	2
ర్భ	1522	3
శ్చి	1521	4
స్టు	1518	4
ఛా	1513	2
ప్పా	1502	4
స్థి	1501	4
థి	1496	2
స్ట	1496	3
:	1494	1
ష్ణు	1486	4
భ్యు	1485	4
చ్చిం	1479	5
వో	1477	2
వేం	1475	3
యూ	1474	2
వుం	1470	3
స్త్ర	1469	5
ర్గా	1466	4
క్రీ	1466	4
ఖు	1453	2
ర్థి	1452	4
చ్చే	1422	4
చై	1421	2
హే	1410	2
ర్టీ	1406	4
జ్ఞా	1381	4
స్త్రి	1374	6
రొ	1373	2
ప్రొ	1362	4
ప్పం	1342	4
ఠా	1338	2
నై	1335	2
ణ్	1335	2
న్యూ	1330	4
మ్మం	1323	4
ఖం	1316	2
ణిం	1305	3
మ్మి	1304	4
మైం	1302	3
థ్	1301	2
ర్డు	1280	4
ర్చు	1272	4
ద్ధం	1269	4
ర్వీ	1264	4
ర్రి	1263	4
’	1248	1
ప్పి	1247	4
ర్పం	1247	4
ర్స్	1244	4
స్తి	1244	4
త్రు	1243	4
మ్ము	1240	4
ర్జు	1239	4
ల్ప	1222	3
జ్యం	1215	4
మ్రా	1205	4
క్షు	1205	4
ఫా	1204	2
మాం	1203	3
ద్యం	1202	4
నృ	1197	2
ప్టెం	1173	5
ఋ	1163	1
శై	1159	2
వ్రా	1154	4
మృ	1153	2
ర్షి	1148	4
ళు	1137	2
వూ	1136	2
ద్రి	1134	4
ద్మ	1125	3
క్త	1124	3
ద్దా	1123	4
స్తీ	1120	4
స్తే	1120	4
తాం	1112	3
న్నీ	1054	4
చౌ	1038	2
ణ్య	1035	3
ద్రు	1033	4
ర్యు	1029	4
ర్జా	1018	4
ఘు	1016	2
ర్థ	1012	3
ర్కా	1008	4
ర్ధ	997	3
దె	987	2
ర్ట్	986	4
ర్ణా	979	4
ష్టు	974	4
కౌ	964	2
క్స్	963	4
ర్ణం	957	4
క్యా	955	4
ట్టిం	948	5
ల్వ	944	3
క్టు	943	4
బ్యా	941	4
ర్శిం	934	5
బెం	931	3
జాం	930	3
ర్చ	928	3
దొం	927	3
త్తా	925	4
షే	921	2
దై	919	2
షం	912	2
బ్దం	909	4
దృ	900	2
పాం	897	3
శిం	891	3
ర్ష	889	3
స్తోం	888	5
మ్యూ	885	4
ర్క	885	3
ప్రో	877	4
ర్న	877	3
క్కా	876	4
బ్లా	871	4
మౌ	868	2
బ్రా	855	4
షిం	852	3
త్ర్య	848	5
ర్శి	846	4
భౌ	845	2
క్ష్మ	844	5
జ్యా	835	4
ష్ట్రా	834	6
ఖ్యా	833	4
ర్భం	829	4
ర్రా	826	4
ర్థం	823	4
ల్స్	823	4
న్లో	820	4
జిం	818	3
హ్మా	814	4
ళ్యా	809	4
జేం	809	3
భో	788	2
స్వీ	781	4
ల్లీ	777	4
న్నో	770	4
ళీ	768	2
ద్యో	763	4
‘	761	1
ర్వే	757	4
దాం	756	3
న్మ	755	3
డ్లో	754	4
ర్సు	752	4
త్వా	750	4
బ్బు	739	4
న్మిం	736	5
టై	735	2
న్యం	734	4
న్లు	730	4
వ్వు	726	4
ర్రు	725	4
త్రే	719	4
ల్లే	715	4
ల్గొ	712	4
తృ	710	2
ట్లా	706	4
డ్రై	706	4
న్నే	705	4
న్నూ	702	4
స్టి	700	4
స్నే	697	4
సృ	692	2
జ్యో	691	4
ష్టి	683	4
క్రిం	682	5
ళ్లి	681	4
బౌ	679	2
ర్తు	672	4
హ్య	672	3
ర్మి	669	4
జ్జ	668	3
ర్సీ	668	4
ణే	666	2
ర్టు	664	4
థ్య	664	3
ష్క	663	3
ట్టం	663	4
శృం	657	3
ల్తా	654	4
ప్పిం	651	5
ర్థు	650	4
శె	646	2
భ్య	643	3
థం	640	2
ల్క	639	3
ఖి	635	2
స్ప	633	3
ధ్వ	630	3
మ్మె	624	4
ర్తె	622	4
క్షా	618	4
ర్వం	617	4
ఘా	615	2
శ్వా	614	4
స్కో	608	4
ధూ	608	2
ట్ర	607	3
ప్యూ	604	4
ళ్ళా	603	4
ళ్లు	602	4
త్రీ	600	4
నాం	597	3
నొ	596	2
ర్డ్	591	4
ష్య	590	3
ప్త	588	3
త్నం	585	4
(	585	1
క్య	584	3
ద్ధా	583	4
ర్ని	579	4
క్లో	573	4
ట్స్	565	4
ష్టా	565	4
ల్ని	565	4
ష్ప	564	3
వ్ర	564	3
క్చ	563	3
గ్ని	562	4
క్సీ	555	4
ద్దం	555	4
స్థు	554	4
ఫై	549	2
స్కూ	547	4
ద్వి	543	4
ష్యా	542	4
త్న	541	3
ర్కొ	529	4
క్రా	529	4
జ్మెం	524	5
ళ్ళూ	520	4
"	519	1
ఢి	511	2
ద్ధు	509	4
స్త్రం	505	6
ష్టం	502	4
క్షిం	501	5
ట్టూ	501	4
ట్టే	500	4
డ్ర	494	3
ప్ల	493	3
స్తం	489	4
ల్యం	488	4
ర్సా	486	4
బిం	483	3
గ్ల	481	3
య్యే	480	4
య్యూ	480	4
ర్మూ	477	4
య్యిం	472	5
బ్దా	470	4
పుం	470	3
ఠం	470	2
హేం	469	3
బొం	468	3
న్టీ	467	4
న్ల	467	3
ల్యా	466	4
య్యం	466	4
ష్ణం	465	4
స్మా	462	4
ద్వే	462	4
ర్జ	460	3
ర్పిం	459	5
స్త్రా	458	6
రేం	458	3
ళ్	458	2
థ్యం	454	4
శ్యా	452	4
షో	451	2
మ్య	447	3
క్కిం	445	5
ప్రె	443	4
స్లిం	443	5
తిం	443	3
భీం	441	3
స్సా	440	4
క్షం	434	4
'	434	1
ళూ	432	2
ష్ఠ	432	3
నౌ	431	2
గ్లీ	425	4
గ్రే	424	4
గ్గి	423	4
భే	422	2
ళ్ళీ	421	4
ష్టిం	421	5
ర్నా	419	4
ర్క్	418	4
ద్వీ	418	4
స్నా	417	4
రౌ	417	2
భై	416	2
ఖే	416	2
జ్ఞ	414	3
త్యు	413	4
ద్దే	412	4
ట్యూ	409	4
స్టూ	408	4
మీం	406	3
ల్య	405	3
ఖ్	405	2
ఖ్యం	402	4
మ్స్	398	4
న్సి	394	4
ళ్ళే	393	4
త్నా	392	4
యాం	391	3
బ్బిం	389	5
డుం	388	3
హృ	388	2
ర్ధం	387	4
వ్వా	384	4
యీ	384	2
డ్రు	383	4
వొ	380	2
ప్తి	378	4
స్పీ	378	4
ల్పా	374	4
ర్జీ	374	4
శ్లో	372	4
బ్ద	371	3
న్సీ	369	4
గ్గా	369	4
శ్చ	369	3
ల్వా	368	4
ర్రం	365	4
న్నిం	363	5
హ్మం	361	4
ద్దీ	360	4
యై	359	2
శ్య	359	3
స్టం	359	4
గై	358	2
ప్లే	357	4
న్నై	356	4
దుం	348	3
ప్యా	348	4
థు	347	2
క్యు	347	4
బ్బి	346	4
ల్సి	346	4
ర్ధి	343	4
జ్యాం	341	5
చొ	341	2
దౌ	341	2
త్ని	340	4
ద్దూ	340	4
ల్పు	339	4
డ్క	339	3
ర్భా	338	4
సౌం	337	3
ర్దూ	335	4
ట్లే	334	4
ఫు	333	2
”	333	1
తొం	333	3
ఝా	332	2
వీం	330	3
వ్వూ	330	4
ర్గ్	328	4
ల్కొం	326	5
ర్ధా	326	4
ల్లిం	324	5
చ్యు	324	4
డ్రా	323	4
లైం	322	3
క్షీ	322	4
ర్వి	320	4
షీ	319	2
బాం	318	3
ల్పిం	316	5
ర్కు	315	4
చ్ఛ	314	3
న్సు	314	4
ద్దె	314	4
ష్ఠా	310	4
ట్యా	310	4
ధ్రు	309	4
లుం	309	3
ప్తం	309	4
వాం	309	3
క్తం	307	4
వ్యం	306	4
ల్పి	304	4
ద్భు	304	4
స్వం	303	4
క్కె	303	4
ష్ఠిం	303	5
ఢ	302	1
ప్పే	301	4
రొం	299	3
ర్ణి	298	4
ద్ధాం	297	5
ట్టె	296	4
హీం	295	3
జెం	294	3
డ్యా	292	4
ట్లూ	286	4
ద్మా	286	4
ల్నా	284	4
చ్చం	283	4
డొ	283	2
త్మి	283	4
స్మ	283	3
ఫ్రెం	282	5
డ్వా	281	4
చేం	281	3
స్క్రీ	281	6
క్యూ	280	4
చ్చె	279	4
స్మి	279	4
ల్యే	278	4
స్యం	275	4
భ్ర	274	3
ట్నూ	274	4
ర్ణిం	273	5
దెం	273	3
స్లా	273	4
త్సా	272	4
“	271	1
ర్స	271	3
ఘి	270	2
క్కో	270	4
క్రాం	270	5
ల్పో	269	4
ల్చి	268	4
ట్రి	267	4
శ్వే	267	4
ర్షా	266	4
డ్చ	266	3
శ్మీ	266	4
త్మా	266	4
బ్దు	266	4
హ్రూ	265	4
గ్లా	265	4
ర్కొం	264	5
త్క	264	3
ర్రె	263	4
త్రో	262	4
ఘో	262	2
ట్రో	260	4
తై	257	2
సొం	257	3
చుం	257	3
ఠీ	256	2
ర్కి	256	4
ష్యు	254	4
ఛ	252	1
మ్యా	252	4
నెం	251	3
ణ్ణి	250	4
క్కొ	249	4
ధో	249	2
ర్సిం	249	5
హ్లా	249	4
ఖై	249	2
య్యి	248	4
క్రో	247	4
మ్మూ	247	4
శ్రే	246	4
ఠి	246	2
న్యు	246	4
జ్వే	246	4
ల్పూ	246	4
త్ర్యం	243	6
డ్డం	243	4
మ్మే	243	4
వ్లో	243	4
గేం	242	3
ల్మ్స్	242	6
భైం	241	3
ల్పం	240	4
డ్డే	240	4
ర్వు	239	4
ళ్లో	239	4
క్నా	237	4
ప్లా	236	4
క్ల	236	3
ద్వాం	236	5
క్రై	235	4
ళిం	233	3
క్ష్యం	232	6
ర్పి	232	4
హొ	230	2
డ్స్	230	4
ద్రో	229	4
త్నిం	228	5
ణ్యా	225	4
ఏం	224	2
రుం	223	3
ప్పె	223	4
హూ	223	2
బ్ది	222	4
ఓం	222	2
స్ర	220	3
స్స	219	3
ర్గు	219	4
న్నాం	218	5
ధ్	218	2
ల్బ	217	3
ప్రీం	216	5
హ్నం	216	4
ల్కా	216	4
ల్గ	215	3
టెం	215	3
ర్బ	214	3
న్మా	214	4
ల్క్	213	4
ఫ్రి	213	4
జ్ఞు	213	4
జ్బె	213	4
ర్టి	212	4
గ్లం	212	4
ఫ్ట్	212	4
క్లా	212	4
శూ	211	2
[	211	1
క్యం	210	4
ప్తా	210	4
క్సా	210	4
ట్య	209	3
ర్తీ	209	4
త్కా	208	4
యుం	207	3
థ్నూ	207	4
ర్ఘ	206	3
ల్మ్	205	4
ర్సి	204	4
ధే	204	2
ఖ్త	204	3
ఖాం	203	3
ల్మీ	203	4
క్లి	201	4
ర్ద	201	3
డ్జి	200	4
నేం	197	3
ప్రీ	196	4
సేం	195	3
క్రం	195	4
ట్కూ	195	4
ర్నే	194	4
ళ్వా	193	4
ద్భ	192	3
ర్మం	192	4
చాం	192	3
త్తె	190	4
గ్రి	190	4
ళే	190	2
క్సి	189	4
హౌ	188	2
బ్రో	187	4
స్సే	187	4
స్టాం	187	5
క్ట్	187	4
జ్ర	186	3
శ్చా	186	4
త్రిం	184	5
ర్జి	183	4
స్రా	183	4
స్థూ	182	4
హ్వా	182	4
జ్రా	181	4
ళ్లా	181	4
క్స	181	3
మ్మో	181	4
ద్నూ	181	4
ధ్రా	180	4
గ్గిం	179	5
౦	177	1
చ్చో	177	4
గ్గం	177	4
ట్రే	176	4
ర్పొ	175	4
స్తూం	174	5
ద్రీ	173	4
ర్రూ	173	4
చ్కుం	173	5
ఢ్	172	2
స్ట్రే	171	6
న్వా	171	4
ఫ్రా	169	4
ఛం	169	2
స్టో	168	4
బృ	168	2
ర్పూ	168	4
టౌ	168	2
ఫ్యా	167	4
పృ	167	2
క్వా	166	4
స్లి	166	4
ల్చ	165	3
స్యా	165	4
చ్ఛా	165	4
భ్యా	165	4
స్తృ	163	4
స్పి	163	4
గోం	162	3
ఫే	162	2
టాం	160	3
ర్దా	160	4
త్తై	159	4
ఖో	159	2
క్మి	158	4
ళ్ళో	157	4
ర్చిం	156	5
శ్లే	156	4
స్టీ	156	4
కెం	156	3
జ్జి	156	4
వ్వి	156	4
స్పం	156	4
ర్ద్	156	4
ర్టూ	154	4
హ్మో	154	4
క్వి	153	4
ర్పే	151	4
ల్దు	151	4
ష్ణో	150	4
స్టిం	150	5
స్వే	150	4
హ్	150	2
గ్వే	149	4
ర్చ్	149	4
థో	148	2
త్తే	148	4
సోం	147	3
బ్రౌ	146	4
ర్యో	146	4
ద్క	146	3
ర్సం	146	4
ర్హ	144	3
ర్ణు	144	4
గ్నే	143	4
డ్రె	143	4
క్సె	143	4
ట్నా	142	4
బ్బే	142	4
స్ఫూ	141	4
ల్మ	141	3
డ్యు	140	4
త్తీ	138	4
స్పా	138	4
శ్న	138	3
స్పూ	138	4
క్కం	138	4
క్తా	138	4
ల్కే	137	4
క్రొ	137	4
ర్దే	137	4
ట్లాం	136	5
ణో	136	2
తూం	136	3
ధృ	135	2
ళ్తా	135	4
ల్గు	134	4
ర్లి	134	4
వ్విం	134	5
గ్రాం	133	5
ల్వం	133	4
వ్యూ	133	4
స్యు	132	4
ద్వ	132	3
స్కం	132	4
ప్తు	132	4
న్సా	132	4
డ్య	131	3
దీం	131	3
వ్రం	131	4
గ్లే	131	4
ధై	130	2
﻿	130	1
క్ష్య	129	5
ర్గీ	129	4
ర్ది	129	4
ళ్లే	128	4
ర్మీ	126	4
గ్రూ	126	4
మొం	126	3
ల్చా	125	4
షూ	125	2
డ్రం	124	4
గ్లో	124	4
న్వ	123	3
డ్జె	123	4
ర్గి	122	4
క్సు	122	4
మ్యం	122	4
డాం	122	3
భ్యం	121	4
కౌం	121	3
న్పూ	121	4
ష్కా	120	4
లౌ	120	2
స్తో	120	4
ల్గా	120	4
ష్పా	120	4
జ్వా	119	4
స్వి	119	4
బ్బె	119	4
గ్జాం	119	5
హోం	119	3
ధ్వం	118	4
న్వే	118	4
ద్గీ	118	4
తః	118	2
న్నెం	118	5
డ్ప	118	3
గ్న	117	3
ర్కం	117	4
ర్థిం	117	5
ర్లాం	117	5
త్ర్యో	116	6
క్కే	116	4
ఱ	116	1
నః	116	2
ళ్ళం	116	4
గ్దే	116	4
డ్డె	116	4
గ్స్	115	4
ట్యం	115	4
ప్పూ	115	4
డౌ	115	2
యెం	115	3
జ్జు	114	4
ర్లా	114	4
ర్చే	114	4
స్సాం	114	5
థాం	114	3
ర్కూ	114	4
కైం	113	3
మః	113	2
లోం	112	3
స్ట్రి	112	6
—	112	1
]	111	1
డ్డీ	111	4
గ్గే	110	4
ళ్యం	110	4
గ్లాం	109	5
॥	109	1
బ్బూ	109	4
వ్యు	108	4
ల్ద	108	3
గ్లి	107	4
స్లాం	107	5
స్సీ	107	4
ర్లె	106	4
శ్వం	106	4
ప్లి	106	4
శ్చం	106	4
డ్రే	105	4
ఫ్ఘ	105	3
క్కుం	105	5
బ్యూ	105	4
ర్కో	105	4
ర్డీ	105	4
వ్లా	105	4
వ్వే	104	4
ర్డి	104	4
ర్మే	104	4
క్రె	104	4
జ్వ	104	3
శ్రాం	104	5
గ్లూ	104	4
లొం	103	3
స్టె	103	4
ఛై	103	2
ర్ట	103	3
జ్జా	103	4
స్మృ	102	4
ర్ము	102	4
పేం	101	3
ఫౌం	101	3
ఫొ	101	2
డ్లి	101	4
ద్రిం	100	5
ల్స	100	3
ద్రే	100	4
ఫ్లా	100	4
ర్బా	100	4
థె	100	2
ల్టా	99	4
క్యాం	99	5
క్ష్యా	99	6
ర్ధు	99	4
బ్రె	99	4
గ్జి	99	4
%	98	1
స్ట్రీ	98	6
ఝ	98	1
న్సె	97	4
న్స్టి	97	6
ట్యాం	97	5
హ్నా	97	4
।	97	1
ళ్ళిం	97	5
డ్దు	97	4
ష్యేం	97	5
స్సి	96	4
ర్వో	96	4
ళో	96	2
హ్మేం	95	5
హాం	95	3
ర్షిం	95	5
ప్న	95	3
స్గి	95	4
క్షాం	94	5
త్వి	94	4
ప్ట్	94	4
ల్యూ	94	4
త్స్య	94	5
త్ము	94	4
షెం	94	3
త్తాం	93	5
స్క్రి	93	6
శ్వి	93	4
స్తాం	92	5
ఖ్యు	92	4
ద్దాం	92	5
న్వం	92	4
ద్రౌ	92	4
హ్మాం	92	5
ల్దా	92	4
క్కొం	92	5
ఘ్నే	92	4
ద్మి	92	4
ర్లం	92	4
చ్ఛి	91	4
ల్చు	91	4
ర్చీ	91	4
ల్లాం	91	5
ఱు	91	2
ర్బం	91	4
ల్హే	91	4
క్నూ	91	4
ర్జ్	90	4
జ్జం	90	4
గెం	89	3
ఖీ	89	2
ట్లం	89	4
దుః	88	3
ర్ఖం	88	4
ర్మె	88	4
టొ	87	2
లీం	87	3
ల్సిం	87	5
ల్కి	87	4
ర్డిం	87	5
ల్ఫ్	87	4
ఛాం	86	3
ల్లెం	86	5
స్టెం	86	5
ల్వి	86	4
ర్షు	86	4
ర్రీ	85	4
క్మ	85	3
ర్కీ	84	4
ట్రై	84	4
శ్యం	84	4
ఫం	84	2
బ్ధా	84	4
గ్టి	84	4
ర్షం	83	4
స్థం	83	4
చ్ఛం	83	4
ష్ఠి	83	4
తెం	83	3
ప్టు	82	4
ర్న్	82	4
ణె	82	2
క్బ	82	3
మ్మీ	81	4
కోం	81	3
ద్వై	81	4
గ్వా	81	4
ప్పీ	81	4
స్ట్రా	80	6
ట్టీ	80	4
ద్గు	80	4
డ్వ	80	3
ల్కం	79	4
ర్త్	79	4
క్ష్మా	79	6
న్వి	79	4
య్యో	79	4
ర్ణో	79	4
న్క	79	3
త్ర్యా	78	6
ల్ట	78	3
థీ	78	2
డొం	78	3
శ్రో	78	4
గ్దా	78	4
ళ్లీ	78	4
ల్మా	78	4
శ్యాం	78	5
భాం	77	3
గ్యు	77	4
ఙా	77	2
క్ట్రా	76	6
ళ్తుం	76	5
ఫ్రీ	76	4
మ్రో	76	4
ష్మ	76	3
వ్యో	76	4
భొ	76	2
ర్దో	76	4
స్ట్యూ	76	6
బ్జీ	76	4
క్లై	75	4
క్రూ	75	4
ల్కు	75	4
ష్యం	75	4
ర్థ్యం	74	6
జ్జీ	74	4
ట్రీ	74	4
స్పే	74	4
డ్రీ	74	4
క్టి	73	4
ప్పో	73	4
స్కు	73	4
ర్య్వ	73	5
డ్తా	72	4
ల్హ	72	3
ర్డె	72	4
ఫ్లో	72	4
ర్పో	71	4
ఱ్ఱ	71	3
ర్లిం	71	5
క్షో	71	4
జ్ఞం	71	4
క్తే	71	4
ర్దు	71	4
ల్సీ	70	4
ప్రిం	70	5
ఫ్టు	70	4
ల్గి	70	4
డ్గ	70	3
త్త్వ	70	5
స్పృ	70	4
ధ్వా	70	4
ప్లె	70	4
క్ప	70	3
ర్క్స్	69	6
ళ్ళై	68	4
ణ్ము	68	4
ర్గ్లో	68	6
ణ్యే	68	4
బ్రాం	67	5
స్క్	67	4
ర్లీ	67	4
ప్స్	67	4
త్కూ	67	4
ఫ్రె	66	4
య్యె	66	4
ర్చూ	66	4
గ్వి	66	4
హ్యా	66	4
థ్వీ	66	4
భృ	65	2
థే	65	2
ప్టె	65	4
?	65	1
ళ్ళాం	65	5
జుం	65	3
టైం	65	3
స్రో	65	4
ర్యాం	65	5
గూం	65	3
ధ్యు	65	4
స్కి	65	4
క్రు	64	4
స్లో	64	4
గ్ట	64	3
క్లూ	64	4
ర్డ	63	3
ర్భు	63	4
ణ్ణ	63	3
శ్మ	63	3
ర్రే	63	4
శ్నిం	62	5
న్షి	62	4
క్రే	62	4
హ్న	62	3
డ్ని	62	4
ష్ఠు	62	4
యేం	62	3
ల్తూ	62	4
ళెం	61	3
!	61	1
త్ల	61	3
గ్గొం	61	5
ళ్లూ	60	4
న్ఫ	60	3
శ్రి	60	4
ఛి	60	2
ట్వే	60	4
మ్లా	60	4
బుం	60	3
ల్త్	60	4
మ్మిం	60	5
ధ్రం	59	4
గ్రు	59	4
డ్యం	59	4
ల్దం	59	4
త్లా	59	4
డ్నా	59	4
ర్నీ	58	4
న్మో	58	4
ల్కో	58	4
స్సం	58	4
త్సం	58	4
త్నాం	58	5
శ్రు	58	4
బ్రూ	58	4
క్కీ	58	4
ట్న	58	3
న్స్పె	58	6
ల్టి	57	4
త్రాం	57	5
ల్ట్	57	4
హ్యూ	57	4
ర్రో	57	4
ర్డ్స్	57	6
మ్ర	57	3
త్మ్యం	57	6
న్రీ	57	4
=	57	1
ట్కా	57	4
ట్టెం	57	5
ల్జా	57	4
దైం	56	3
ప్ట	56	3
ల్సా	56	4
ద్గ	56	3
జౌ	56	2
ల్చూ	56	4
డ్రూ	56	4
ల్కూ	56	4
న్ష	56	3
ర్తం	56	4
త్తిం	56	5
త్లో	56	4
త్తో	55	4
ర్ధిం	55	5
ప్పై	55	4
ర్చొ	55	4
శౌ	55	2
జ్జె	55	4
లేం	55	3
ష్వా	55	4
గ్రో	54	4
ఱి	54	2
డోం	54	3
ల్హా	54	4
ర్మో	54	4
ఘ్	54	2
ల్మూ	54	4
ర్తాం	54	5
ర్సె	54	4
ర్వె	54	4
గ్మా	54	4
ద్భా	53	4
భ్రం	53	4
డ్లీ	53	4
ష్ట్రీ	53	6
ర్ల్	53	4
క్ట్రి	53	6
ఫూ	53	2
ఫ్రాం	53	5
క్టీ	53	4
ఛీ	52	2
డ్లం	52	4
న్మి	52	4
శృ	52	2
న్గ	52	3
ల్మె	52	4
|	51	1
;	51	1
ట్రం	51	4
ట్రాం	51	5
ట్లి	51	4
డ్జ్	50	4
ప్య	50	3
ల్యాం	50	5
క్వ	50	3
ద్ధే	50	4
స్లే	50	4
రైం	50	3
ట్క	50	3
ల్టీ	50	4
త్నూ	50	4
డ్ది	50	4
డ్రో	50	4
న్హా	50	4
స్టీం	50	5
టోం	49	3
ల్సు	49	4
ఫాం	49	3
ర్హు	49	4
ణ్యు	49	4
ట్ప	49	3
స్కీ	49	4
ట్టో	49	4
ర్లే	49	4
క్ష్వా	48	6
స్కే	48	4
ట్వా	48	4
సైం	48	3
న్మం	48	4
స్కె	48	4
ర్జె	48	4
క్సై	47	4
డ్మి	47	4
ద్నా	47	4
డ్లా	47	4
న్కు	47	4
డ్త	47	3
హ్రా	47	4
ల్జీ	47	4
ఘ్ని	47	4
ట్రె	47	4
ల్త	46	3
ప్టి	46	4
స్పు	46	4
న్ము	46	4
వ్రే	46	4
స్ధా	46	4
ర్క్సి	46	6
వ్వం	46	4
గ్నా	46	4
ద్దిం	45	5
ర్జిం	45	5
బ్లె	45	4
ష్వ	45	3
షాం	45	3
ర్శం	45	4
బ్రే	45	4
న్ప	45	3
స్ట్ర	45	5
ళ్ళె	45	4
డ్గు	45	4
డ్గి	45	4
మేం	44	3
క్తీ	44	4
స్సె	44	4
గ్రౌం	44	5
గ్ధ	44	3
గ్నం	44	4
గ్యాం	44	5
ర్బి	44	4
జ్యూ	44	4
+	44	1
థ్లో	44	4
స్కాం	43	5
ర్వ్	43	4
ఙ్మ	43	3
క్లు	43	4
జ్యు	43	4
ఫ్రం	43	4
ఛే	43	2
బ్బీ	43	4
ల్గాం	43	5
మ్రి	43	4
డ్డాం	43	5
ర్చుం	42	5
చ్య	42	3
హ్మీ	42	4
స్ఫు	42	4
ఖిం	42	3
త్థా	42	4
°	42	1
ఖొ	42	2
ప్రం	42	4
ర్టే	42	4
ల్చే	41	4
బ్ల	41	3
ద్రూ	41	4
ల్షి	41	4
జృం	41	3
బ్ధ	41	3
మ్రొ	41	4
డ్గా	41	4
ళాం	41	3
స్త్రో	41	6
మ్న	41	3
త్మీ	41	4
ఢా	40	2
ర్హా	40	4
డ్చి	40	4
ర్చో	40	4
త్మ్య	40	5
వ్వె	40	4
ధ్ధి	40	4
క్వె	40	4
ద్గా	40	4
జ్జూ	40	4
మౌం	40	3
స్నూ	40	4
ఛో	40	2
త్రై	39	4
ఫ్ల	39	3
ళ్తు	39	4
బ్ధి	39	4
త్మం	39	4
బ్లూ	39	4
ర్గాం	39	5
స్త్యు	39	6
ల్దీ	39	4
ఝు	39	2
ట్వ	38	3
న్వె	38	4
ఢం	38	2
ల్డె	38	4
దేం	38	3
ల్యు	38	4
శుం	38	3
గ్ధు	38	4
క్నో	38	4
ఠే	38	2
ల్రా	38	4
ష్కు	38	4
ల్జి	38	4
ట్జ	37	3
స్ట్రో	37	6
జ్యే	37	4
త్కృ	37	4
ల్వీ	37	4
షై	37	2
ద్గి	37	4
డ్తూ	37	4
క్టే	36	4
హుం	36	3
ధ్యే	36	4
ష్ము	36	4
ద్వం	36	4
టూం	36	3
ద్ధేం	36	5
ర్భి	36	4
బ్స్	36	4
ర్వ్యూ	36	6
థ్లె	36	4
ం	36	1
ష్బూ	36	4
డ్డూ	35	4
స్పో	35	4
ద్దో	35	4
ల్చె	35	4
గ్ను	35	4
డ్పా	35	4
త్తుం	35	5
స్ధ	35	3
క్లీ	35	4
శ్శ	35	3
ర్దం	35	4
బోం	35	3
క్సే	35	4
ర్తే	35	4
గ్మ	35	3
ఫ్యూ	35	4
డ్యాం	35	5
గ్దం	35	4
వ్వెం	35	5
డ్మిం	34	5
ర్బో	34	4
…	34	1
ణ్ణం	34	4
టీం	34	3
ఫ్లై	34	4
హ్యం	34	4
ర్టె	34	4
గ్నీ	34	4
ధ్ధ	34	3
ల్ఫా	34	4
ష్టో	34	4
ర్థ్యా	34	6
న్యో	34	4
ష్ఠం	34	4
ఠ్	34	2
ష్ఫా	34	4
త్బు	33	4
ర్ధ్యం	33	6
బ్యు	33	4
బ్జ	33	3
హ్మే	33	4
స్త్రు	33	6
ల్తు	33	4
ర్ధాం	33	5
ల్మో	33	4
స్మో	33	4
స్టై	33	4
ఘిం	33	3
ర్ఖా	33	4
ర్తుం	33	5
ల్షా	33	4
ల్న	33	3
త్ఫ	32	3
పౌం	32	3
ల్కీ	32	4
ల్గో	32	4
ల్తో	32	4
న్సిం	32	5
ష్కిం	32	5
ష్టాం	32	5
డ్గం	32	4
ర్శా	32	4
ప్యం	32	4
ష్మా	32	4
స్త్య	32	5
ట్పా	32	4
డ్పీ	32	4
ఫ్ట్వే	31	6
నొం	31	3
ప్లీ	31	4
థ్రి	31	4
బ్ల్యు	31	6
ళ్లిం	31	5
న్రో	31	4
ప్స	31	3
ద్బ	31	3
తేం	31	3
మ్నూ	31	4
స్లీ	31	4
బ్ధం	31	4
క్విం	31	5
ష్కెం	31	5
క్మా	31	4
ల్బా	31	4
ఠ్య	30	3
ష్ట్రు	30	6
ల్లొ	30	4
ప్పొ	30	4
మ్యు	30	4
ల్చిం	30	5
శ్శా	30	4
ర్హం	30	4
ఢీ	30	2
ళ్లె	30	4
ర్లూ	30	4
శ్ము	30	4
త్తెం	30	5
ర్ద్లో	30	6
జ్రం	29	4
ర్కిం	29	5
క్లిం	29	5
స్ల	29	3
హ్వ	29	3
త్యుం	29	5
త్కు	29	4
ఠో	29	2
డ్డిం	29	5
ష్ట్యా	29	6
బ్సై	29	4
ఘ్న	29	3
శ్యు	29	4
జ్మీ	29	4
జ్మ	29	3
_	29	1
రౌం	29	3
క్లె	29	4
ప్మెం	29	5
ల్లై	29	4
హ్యాం	29	5
బ్బో	29	4
క్న	28	3
ళ్లం	28	4
స్మం	28	4
ప్రౌ	28	4
ర్చె	28	4
ష్కృ	28	4
ర్నిం	28	5
ల్ది	28	4
భోం	28	3
ట్టేం	28	5
ల్డిం	28	5
ళ్లాం	28	5
న్రా	28	4
ప్టా	28	4
ల్గే	27	4
న్నొ	27	4
ధ్రీ	27	4
ర్వాం	27	5
ట్రూ	27	4
డ్నీ	27	4
వ్స్	27	4
ర్గే	27	4
న్మెం	27	5
డ్జ	27	3
స్సో	27	4
–	26	1
లూం	26	3
క్వాం	26	5
మ్ని	26	4
ప్యు	26	4
ల్నీ	26	4
స్పై	26	4
చ్చీ	26	4
ల్డ	26	3
మ్ల	26	3
౧	26	1
ర్గో	26	4
ఘ్ను	26	4
చ్చేం	26	5
భ్రాం	26	5
వైం	26	3
ర్నో	26	4
ల్పే	26	4
మ్రె	26	4
ల్టూ	26	4
త్పూ	26	4
ణ్వా	26	4
భూం	26	3
ఘే	26	2
ఫ్తా	26	4
ర్ద్యా	26	6
ఫ్టి	25	4
ప్లై	25	4
స్తె	25	4
ట్రు	25	4
ద్ధిం	25	5
న్వెం	25	5
ఱ్ఱా	25	4
గ్గె	25	4
స్సై	25	4
ఘృ	25	2
ర్ణే	25	4
ళ్తూ	25	4
ప్మా	25	4
శ్మి	25	4
ర్బై	25	4
ఠ్యాం	25	5
ట్సు	25	4
గ్పా	25	4
తౌ	25	2
భ్	25	2
మ్హ	25	3
హైం	25	3
మ్రే	25	4
ప్నం	25	4
చ్చూ	25	4
క్దూం	25	5
ఠు	24	2
ల్తే	24	4
న్లాం	24	5
ర్మ్	24	4
నఁ	24	2
కీం	24	3
బ్రీ	24	4
ట్వి	24	4
న్పిం	24	5
ప్రు	24	4
భ్రా	24	4
ద్ధీ	24	4
ల్దే	24	4
ల్మి	24	4
స్త్	24	4
స్జి	24	4
బ్న్	24	4
క్ష్	24	4
పూం	24	3
త్యేం	24	5
’ం	24	2
జ్ప	24	3
తి్ర	24	4
ర్విం	23	5
తఁ	23	2
స్ధి	23	4
ట్లుం	23	5
ర్ధ్వ	23	5
జ్ఙా	23	4
ట్నీ	23	4
స్ఫ	23	3
ల్ఫి	23	4
ప్కా	23	4
ఘీ	23	2
న్సూ	23	4
ఘూ	23	2
ర్డా	23	4
ఢ్లో	23	4
క్కూ	23	4
హెం	23	3
.ం	23	2
త్యో	23	4
ర్డో	22	4
న్పి	22	4
ర్ను	22	4
లఁ	22	2
స్ని	22	4
ట్లై	22	4
ల్గె	22	4
డ్వి	22	4
త్థ	22	3
ష్పం	22	4
వొం	22	3
క్ట్స్	22	6
త్పు	22	4
త్వో	22	4
బ్లే	22	4
ళ్ళొ	22	4
క్బా	22	4
న్ఫో	22	4
ర్కే	22	4
ట్రెం	22	5
ఛె	22	2
ర్టై	22	4
ద్లా	22	4
ల్ఫో	22	4
క్తాం	22	5
హ్ర	21	3
నుఁ	21	3
ట్లె	21	4
త్సు	21	4
క్లే	21	4
ద్యాం	21	5
ళై	21	2
థ్యా	21	4
ట్టై	21	4
ష్టే	21	4
డ్కో	21	4
జ్జే	21	4
ఫ్జ	21	3
ట్యు	21	4
ట్టుం	21	5
ద్ప	21	3
ల్బో	21	4
య్స్	21	4
ప్లూ	21	4
డ్సే	21	4
న్జీ	21	4
ల్బె	20	4
క్లౌ	20	4
ధాం	20	3
డ్చు	20	4
ట్చ	20	3
యౌ	20	2
స్క్వా	20	6
ర్థో	20	4
ఠిం	20	3
ఖ్యాం	20	5
ర్జెం	20	5
ఘ్ర	20	3
ల్ఫే	20	4
ఫ్రై	20	4
క్సిం	20	5
ఖ్రా	20	4
ఘై	20	2
స్కై	20	4
ర్ప్రై	20	6
ర్దె	20	4
ధ్వీ	20	4
ళ్లై	20	4
ఙ్ఞ	20	3
ల్కొ	19	4
ద్ఘా	19	4
ల్కె	19	4
ర్హి	19	4
ణ్వ	19	3
ఙ	19	1
తీం	19	3
త్యూ	19	4
ళ్తే	19	4
క్త్యా	19	6
శొం	19	3
న్ఫె	19	4
ట్స	19	3
ర్భే	19	4
ల్ము	19	4
క్యో	19	4
బ్లో	19	4
త్వే	19	4
స్ప్రిం	19	7
స్రీ	19	4
డ్మ	19	3
మోం	19	3
ల్జ	19	3
ను్	19	3
థూ	19	2
శ్ని	19	4
న్సెం	19	5
క్నే	19	4
ఫ్టిం	18	5
ఙ్ఞా	18	4
ప్తుం	18	5
ఖూ	18	2
న్పు	18	4
ప్లో	18	4
త్రొ	18	4
ణూ	18	2
క్రైం	18	5
కృం	18	3
న్వీ	18	4
బ్య	18	3
స్వాం	18	5
ణ్ణా	18	4
షేం	18	3
వ్వొ	18	4
న్నుం	18	5
ద్దౌ	18	4
వ్వేం	18	5
న్కి	18	4
ష్టీ	18	4
క్వీ	18	4
ల్తి	18	4
ర్దీ	18	4
ష్ట్రి	18	6
మ్లో	18	4
క్స్ఛేం	18	7
ఛ్	18	2
మ్లి	18	4
త్నీ	18	4
ల్బం	18	4
ర్క్యు	18	6
గః	18	2
త్రె	18	4
౩	17	1
ల్గిం	17	5
తిః	17	3
త్ప్ర	17	5
ధ్ది	17	4
వః	17	2
గ్మం	17	4
ద్రాం	17	5
త్స్యా	17	6
ల్వు	17	4
ర్బు	17	4
ణెం	17	3
ప్తూ	17	4
ల్వె	17	4
వౌ	17	2
షొ	17	2
బైం	17	3
ఫ్రూ	17	4
క్ఖు	17	4
ద్దొ	17	4
ళ్ళెం	17	5
క్ష్మాం	17	7
ధ్వి	17	4
ష్న	17	3
ద్మం	17	4
ప్పొం	17	5
ఫిం	17	3
గ్డం	17	4
రోం	17	3
ప్లొ	17	4
స్పెం	17	5
౯	17	1
ల్బు	17	4
ట్జ్	17	4
ఖ్వా	17	4
్	17	1
ణీం	17	3
డూం	17	3
ణః	17	2
ప్గ	17	3
ల్పె	16	4
క్రౌ	16	4
క్ట్రో	16	6
స్త్యం	16	6
నీం	16	3
ధ్ధం	16	4
ప్యాం	16	5
న్యే	16	4
కౄ	16	2
హ్ని	16	4
ఫెం	16	3
రః	16	2
క్ష్ము	16	6
స్న	16	3
ల్గం	16	4
ర్ఘా	16	4
ఝం	16	2
ల్టు	16	4
ఠ్వా	16	4
స్ట్రె	16	6
స్త్యే	16	6
జ్రే	16	4
ర్టో	16	4
న్గా	16	4
పైం	16	3
ర్సే	16	4
ర్తూ	16	4
త్సాం	16	5
జ్రు	16	4
ప్రెం	16	5
ర్తో	16	4
ట్ని	16	4
ఛు	16	2
గ్ధా	16	4
దోం	16	3
మ్హా	16	4
ర్ఫా	16	4
బ్జి	16	4
న్రి	16	4
ఫ్లూ	16	4
శ్చీం	16	5
ఱ్ఱు	16	4
ట్టైం	16	5
ర్శ్వ	16	5
ల్గూ	16	4
ల్రె	16	4
ప్క	16	3
గ్గుం	16	5
ల్తీ	15	4
ర్కుం	15	5
ట్టొ	15	4
ఫ్లె	15	4
స్లు	15	4
స్ఫో	15	4
న్లీ	15	4
ర్కై	15	4
శ్లా	15	4
డఁ	15	2
శ్శి	15	4
యః	15	2
రుఁ	15	3
ళ్ళుం	15	5
న్దు	15	4
గ్నో	15	4
ర్ఛ	15	3
ణ్మ	15	3
ష్మి	15	4
న్తో	15	4
స్రి	15	4
పోం	15	3
ర్థాం	15	5
గ్డే	15	4
ర్ఫీ	15	4
ర్తృ	15	4
ష్ప్ర	15	5
ఫ్ర	15	3
ద్ధ్యం	15	6
ర్ప్	15	4
ర్షే	15	4
ర్డే	15	4
ల్ష	15	3
ర్ణాం	15	5
జ్ఞో	15	4
ష్మాం	15	5
గ్ప	15	3
ఖ్దూ	15	4
ల్ట్రా	15	6
హ్యిం	15	5
న్ది	15	4
ప్సి	14	4
ఫ్రే	14	4
ల్ఫ	14	3
ళె	14	2
ష్ణే	14	4
ణ్ని	14	4
ర్యే	14	4
ర్జూ	14	4
య్యు	14	4
ట్నుం	14	5
లః	14	2
ల్బే	14	4
ల్ఫ్రె	14	6
ర్తై	14	4
డ్చే	14	4
డ్పు	14	4
క్షౌ	14	4
ష్మీ	14	4
క్స్పి	14	6
గ్లె	14	4
చొం	14	3
ప్రూ	14	4
ఝే	14	2
న్కూ	14	4
న్కో	14	4
ట్లోం	14	5
జ్మా	14	4
ఫ్రో	14	4
మ్మెం	14	5
ర్దొ	14	4
గ్గొ	14	4
ర్ద్ర	14	5
త్నే	14	4
డ్స	14	3
పః	14	2
మ్హు	14	4
జ్ఝ	13	3
హ్మి	13	4
చ్ఛే	13	4
మ్యాం	13	5
క్రుం	13	5
ల్లోం	13	5
మ్లే	13	4
ర్వై	13	4
క్పా	13	4
థ్వి	13	4
డ్చె	13	4
ల్డా	13	4
ట్తు	13	4
ల్పై	13	4
క్రౌం	13	5
స్రం	13	4
తాః	13	3
ఘుం	13	3
ష్షు	13	4
ర్ట్జ్	13	6
ర్త్య	13	5
క్వే	13	4
కః	13	2
ర్బె	13	4
స్పాం	13	5
హ్ల	13	3
ద్షా	13	4
స్క్వే	13	6
ఫ్ట	13	3
స్ట్రై	13	6
వ్ల	13	3
ట్మెం	13	5
ష్కి	13	4
ధ్ద	13	3
ష్ఠో	13	4
ర్చం	13	4
ల్ఘ	13	3
శొ	13	2
మ్టే	13	4
ప్నా	13	4
ఖ్దూం	13	5
ధ్ధా	13	4
భ్రు	13	4
బ్ల్యూ	13	6
జ్లో	13	4
ఐం	13	2
ర్లొ	13	4
వ్నూ	13	4
వ్రు	12	4
న్డ్	12	4
డైం	12	3
క్ష్మం	12	6
న్యాం	12	5
ద్ము	12	4
త్త్వా	12	6
మ్ను	12	4
ధ్రో	12	4
ప్పేం	12	5
జోం	12	3
ణై	12	2
‎	12	1
ల్నే	12	4
స్రు	12	4
ర్ఛి	12	4
ఢు	12	2
ట్లీ	12	4
న్షీ	12	4
క్సాం	12	5
ర్జం	12	4
ష్ర్ట	12	5
డ్ద	12	3
ర్ట్మెం	12	7
ర్శీ	12	4
ఝె	12	2
ఖె	12	2
ట్కు	12	4
ర్మొ	12	4
ద్ల	12	3
డ్గే	12	4
డ్కా	12	4
స్గ	12	3
ప్ష	12	3
ట్కే	12	4
ల్బీ	12	4
ర్చేం	12	5
ర్ల్స్	12	6
డ్లె	12	4
స్గా	12	4
చ్వా	12	4
డ్మం	12	4
ఫౌ	12	2
థ్యూ	12	4
ర్థ్	12	4
డ్జీ	12	4
త్కం	12	4
ఘ్రే	12	4
ళేం	12	3
జ్గా	12	4
మ్పీ	12	4
సీం	12	3
ట్ట్	11	4
ర్క్యూ	11	6
ర్షె	11	4
గఁ	11	2
మ్లు	11	4
ప్రేం	11	5
ద్గ్రం	11	6
ఱె	11	2
ల్ప్	11	4
డ్చా	11	4
న్ద	11	3
ల్లుం	11	5
ళ్లేం	11	5
ళ్ళేం	11	5
ర్షీ	11	4
త్త్వం	11	6
గ్జీ	11	4
క్వం	11	4
గ్గో	11	4
థిం	11	3
ష్ణుం	11	5
ష్మం	11	4
ద్ర్య	11	5
గ్దూం	11	5
గ్ద	11	3
ర్ఖు	11	4
ర్ణీ	11	4
ఫ్టీ	11	4
శ్నా	11	4
యోం	11	3
శ్కు	11	4
గ్సు	11	4
ట్ను	11	4
ర్ధ్యా	11	6
బ్వే	11	4
మ్లె	11	4
ల్హో	11	4
గ్నె	11	4
ర్రిం	11	5
న్డే	11	4
త్య్ర	11	5
జ్పూ	11	4
న్హ	11	3
ర్నం	11	4
మ్రు	11	4
*	11	1
చ్ఛీం	11	5
ర్జాం	11	5
ట్నే	11	4
ల్ల్లి	11	6
క్దా	11	4
న్లై	10	4
షౌ	10	2
స్మీ	10	4
ప్ఫై	10	4
చ్చెం	10	5
ద్యూ	10	4
య్యుం	10	5
౨	10	1
త్ను	10	4
శ్శాం	10	5
ల్క్య	10	5
స్త్యా	10	6
క్రీం	10	5
మ్రిం	10	5
ణ్ణు	10	4
చ్ఛు	10	4
ర్టా	10	4
ధె	10	2
మ్మై	10	4
డ్లాం	10	5
ఫ్ఘా	10	4
గ్డ	10	3
న్హ్	10	4
డ్జిం	10	5
ధీం	10	3
ర్నుం	10	5
వ్రి	10	4
ట్మం	10	4
ర్ం	10	3
హ్రి	10	4
స్డ్	10	4
క్జి	10	4
ర్క్మె	10	6
ర్పె	10	4
ల్డో	10	4
ల్ం	10	3
ల్డ్ర	10	5
ల్షె	10	4
ర్నొ	10	4
వ్లు	10	4
ల్సె	10	4
స్యూ	10	4
ర్స్బ	10	5
న్నౌ	10	4
వ్స్కీ	10	6
బ్దీ	10	4
ష్క్ర	10	5
క్మాం	10	5
స్ట్యూం	10	7
ర్బీ	10	4
న్త	10	3
ర్న్స్	10	6
ర్మాం	10	5
భ్రూ	10	4
ణ్డ	10	3
క్లాం	10	5
భ్యాం	10	5
@	10	1
త్లూ	10	4
ల్డ్సు	10	6
మ్టీ	10	4
ల్జె	10	4
డ్సె	10	4
గ్లిం	10	5
ధొ	10	2
స్గు	10	4
డ్గూ	10	4
ల్ల్లె	10	6
ల్కుం	10	5
బ్గూ	10	4
హ్యు	9	4
ర్థ్య	9	5
ప్లు	9	4
ర్ఘ్య	9	5
ల్టే	9	4
రఁ	9	2
పఁ	9	2
గాఁ	9	3
భుం	9	3
ఠాం	9	3
బ్జా	9	4
గీం	9	3
ళ్య	9	3
త్మ్యా	9	6
త్త్వి	9	6
ర్ష్య	9	5
ద్రుం	9	5
వాః	9	3
ధుం	9	3
థై	9	2
ర్బూ	9	4
ష్ఫ	9	3
గ్రై	9	4
బ్జె	9	4
న్మె	9	4
మ్సే	9	4
ర్ఛు	9	4
గ్లై	9	4
ద్రె	9	4
త్కేం	9	5
త్య్రం	9	6
క్స్చేం	9	7
&	9	1
న్మే	9	4
య్యేం	9	5
ద్రొ	9	4
ర్నాం	9	5
జ్నా	9	4
ఫ్స్	9	4
ష్తో	9	4
జీం	9	3
మ్స	9	3
ఝౌ	9	2
యుః	9	3
న్దే	9	4
ష్త్	9	4
థొ	9	2
ర్గొం	9	5
హొం	9	3
ల్ధ	9	3
చ్యం	9	4
ఝూ	9	2
గ్జ	9	3
గ్లు	9	4
ట్బా	9	4
ప్తిం	9	5
మ్చా	9	4
న్సో	9	4
క్ష్మే	9	6
డ్కు	9	4
ర్ఘాం	9	5
జ్ఞి	9	4
గ్తా	9	4
ష్తా	9	4
ల్డి	9	4
స్ట్రాం	9	7
ప్కో	9	4
ఱ్ఱం	9	4
ఱ్ఱి	9	4
ద్బాం	9	5
క్కౌం	9	5
ష్ర	9	3
స్ది	9	4
హః	9	2
గ్నూ	9	4
ద్ర్యం	9	6
బ్స	9	3
ట్కో	9	4
ర్జుం	9	5
జ్రీ	8	4
ళ్లెం	8	5
ష్ట్	8	4
ప్ర్రా	8	6
న్చి	8	4
ద్కు	8	4
ర్భూ	8	4
కుఁ	8	3
స్థే	8	4
దుఁ	8	3
బ్రం	8	4
దఁ	8	2
బీం	8	3
గ్యో	8	4
ఊం	8	2
ల్మే	8	4
ల్వో	8	4
ల్డు	8	4
ల్సే	8	4
ద్బు	8	4
ల్పాం	8	5
ఫ్లే	8	4
ఱ్ఱె	8	4
ప్టిం	8	5
ష్టూ	8	4
ఖ్యో	8	4
జైం	8	3
జ్దూ	8	4
ఛ్ఛ	8	3
ర్స్వ	8	5
న్టి	8	4
శెం	8	3
జ్ను	8	4
గ్త	8	3
ల్జ్	8	4
ల్డ్స్	8	6
ప్పాం	8	5
స్స్	8	4
ట్త	8	3
ఘ్నం	8	4
గౌం	8	3
ల్భ	8	3
డ్వెం	8	5
న్ఫ్యూ	8	6
ల్రి	8	4
స్నో	8	4
గ్బీ	8	4
న్షా	8	4
వ్గో	8	4
ర్ష్	8	4
డ్కి	8	4
మ్రీ	8	4
బ్రు	8	4
ౠ	8	1
ఢో	8	2
నుే	8	3
ప్తే	8	4
డ్కే	8	4
న్త్	8	4
ప్సీ	8	4
న్షు	8	4
స్కొ	8	4
ర్ఫే	8	4
గ్ధం	8	4
ర్మేం	8	5
చీం	8	3
ర్త్యా	8	6
త్కే	8	4
ద్ధ్య	8	5
ఘ్రా	8	4
డ్జూ	8	4
ర్పీ	8	4
థ్రె	8	4
వ్యొ	8	4
న్సే	8	4
ష్ణుః	8	5
గ్వ	8	3
ు	8	1
ల్తుం	8	5
ఙు	8	2
స్ట్స్	8	6
మ్సి	8	4
ల్షీ	8	4
బౌం	8	3
శః	8	2
మ్దా	8	4
డ్లే	8	4
ల్డ్వె	8	6
ష్నూ	8	4
డ్తి	8	4
గ్డా	8	4
ర్శ్వు	8	6
మ్నే	8	4
ద్సి	8	4
మ్షె	8	4
జ్పే	8	4
వ్స్కా	8	6
ల్ఫై	8	4
డ్డో	7	4
జ్ణా	7	4
ర్ధ్య	7	5
ప్ఫ	7	3
వాఁ	7	3
శ్చై	7	4
ఱ్ర	7	3
స్ధు	7	4
ర్శు	7	4
ర్పెం	7	5
ల్మొ	7	4
స్యాం	7	5
యుఁ	7	3
మ్లం	7	4
ప్టో	7	4
స్సూ	7	4
స్తిం	7	5
౼	7	1
వ్రీ	7	4
క్తో	7	4
గ్మో	7	4
ర్మై	7	4
ా	7	1
హ్రు	7	4
ఠె	7	2
²	7	1
ల్తం	7	4
ల్ఖా	7	4
స్నె	7	4
న్ఫ్రా	7	6
చెే	7	3
న్స్టా	7	6
శ్రం	7	4
ర్తొ	7	4
న్ట్సి	7	6
క్పూ	7	4
క్స్ట్	7	6
థ్రా	7	4
క్సూ	7	4
గ్డి	7	4
స్ను	7	4
జ్న	7	3
స్కౌ	7	4
ఘె	7	2
త్నో	7	4
ర్ఘం	7	4
శ్నే	7	4
ప్చా	7	4
౪	7	1
ద్దై	7	4
ష్ట్రో	7	6
ర్ఖ	7	3
వ్ని	7	4
స్క్రో	7	6
థ్స్	7	4
స్యే	7	4
న్బ	7	3
ల్జే	7	4
జ్నె	7	4
ర్సొ	7	4
ట్సా	7	4
న్బా	7	4
ల్ద్	7	4
క్త్రం	7	6
ఖ్తా	7	4
హ్హ	7	3
ష్రి	7	4
ఘొ	7	2
క్త్	7	4
ప్టే	7	4
ర్వెం	7	5
గ్మూ	7	4
ల్టెం	7	5
బ్లాం	7	5
ర్గె	7	4
స్లొ	7	4
ర్భో	7	4
డ్రిం	7	5
డ్సు	7	4
భ్యః	7	4
త్సి	7	4
ఫ్తీ	7	4
ద్బో	7	4
సః	7	2
థ్రో	7	4
డ్లెం	7	5
గ్దు	7	4
ష్టై	7	4
న్మొ	7	4
ట్కి	7	4
ష్ట్లా	7	6
ధోం	7	3
శ్శే	7	4
గ్త్లె	7	6
స్రాం	7	5
చ్నె	7	4
ద్లం	7	4
ద్కూ	7	4
ద్చె	7	4
ద్గో	7	4
ర్ఖో	7	4
న్గు	7	4
ద్దెం	7	5
ఛొ	7	2
ఖుం	7	3
స్ఫి	6	4
ధ్రి	6	4
ర్ద్వం	6	6
ర్ఫ్	6	4
జ్ఙ	6	3
ష్ట్యం	6	6
యఁ	6	2
తిఁ	6	3
ఱుం	6	3
స్మే	6	4
పుఁ	6	3
క్తృ	6	4
ర్ధో	6	4
హ్లి	6	4
ధ్యాం	6	5
ప్ద	6	3
ఞ	6	1
త్కాం	6	5
ఱా	6	2
ష్థ	6	3
బ్భై	6	4
బ్రిం	6	5
గ్గ్	6	4
ఢ్ర	6	3
ధ్మ	6	3
వ్యౌ	6	4
జ్డ్	6	4
క్కై	6	4
శ్చే	6	4
మ్మొ	6	4
ధ్దం	6	4
ఫ్స	6	3
ఛౌ	6	2
ట్ణ	6	3
ల్ల్	6	4
ల్టె	6	4
బ్సి	6	4
క్రోం	6	5
జ్వీ	6	4
త్గ	6	3
గ్బం	6	4
ట్విం	6	5
జ్ఞే	6	4
శ్వీ	6	4
ఠ్మం	6	4
ర్ప్స్	6	6
క్సో	6	4
థ్థా	6	4
చ్యూ	6	4
త్రూ	6	4
ర్బ్	6	4
స్ట్ల	6	5
గ్భ్రాం	6	7
౫	6	1
ఝుం	6	3
ళ్లొ	6	4
ఫ్ట్స్	6	6
క్స్ను	6	6
గ్మెం	6	5
క్ఛేం	6	5
ఙం	6	2
శ్నో	6	4
ల్మెం	6	5
స్దా	6	4
స్వై	6	4
జ్ని	6	4
బ్షా	6	4
ల్పీ	6	4
త్గి	6	4
బ్బై	6	4
జ్వె	6	4
ప్షి	6	4
ఠ్యం	6	4
ణ్డు	6	4
చ్చాం	6	5
ఠ్యా	6	4
వెు	6	3
ర్ఫో	6	4
ధ్బు	6	4
ల్నె	6	4
ర్బొ	6	4
దః	6	2
డ్వొ	6	4
ప్ఘ	6	3
ష్ను	6	4
భ్యో	6	4
ల్ట్రీ	6	6
ష్త్ర	6	5
ప్తూం	6	5
స్బే	6	4
ల్రు	6	4
సృం	6	3
మ్షు	6	4
వ్వుం	6	5
న్ప్లే	6	6
ల్పొ	6	4
ష్బు	6	4
ల్ర	6	3
వ్వీ	6	4
ద్మే	6	4
న్తా	6	4
న్జా	6	4
కూం	6	3
ట్డో	6	4
ఽ	6	1
ఘ్వ	6	3
గ్దొ	6	4
ర్యె	6	4
చ్కూ	6	4
బ్సీ	6	4
ల్తెం	6	5
ట్గ	6	3
హ్మ్మ	6	5
క్కోం	6	5
ల్దో	6	4
శ్పూ	6	4
ర్గ్రా	6	6
„	6	1
ద్దేం	5	5
ట్ఠ	5	3
న్డి	5	4
బేం	5	3
ప్పుం	5	5
లుఁ	5	3
కఁ	5	2
ఙ్న	5	3
నిఁ	5	3
ద్ధూ	5	4
వుఁ	5	3
ష్కం	5	4
స్ఫా	5	4
౮	5	1
ళ్వ	5	3
శీం	5	3
ధౌ	5	2
క్షః	5	4
ద్ధో	5	4
శ్వో	5	4
న్శా	5	4
ష్కో	5	4
న్యుం	5	5
డుఁ	5	3
ముఁ	5	3
ఛ్ఛా	5	4
ధ్నా	5	4
శ్ఛి	5	4
త్త్ర	5	5
ఢ్యు	5	4
న్లూ	5	4
ల్ష్	5	4
ప్సు	5	4
క్వై	5	4
ద్థి	5	4
న్స్లో	5	6
ట్పు	5	4
క్టె	5	4
ద్థ	5	3
ప్తె	5	4
ఫ్పై	5	4
మ్ద	5	3
ట్జి	5	4
ఠ్ఠ	5	3
లుు	5	3
ర్ట్లే	5	6
ఱ్రా	5	4
ణుం	5	3
త్లి	5	4
ముు	5	3
హ్ను	5	4
గ్దూ	5	4
గ్దుం	5	5
ర్ధూ	5	4
నైం	5	3
న్స్పో	5	6
ట్లొ	5	4
స్థో	5	4
స్బ	5	3
స్బా	5	4
స్ర్తు	5	6
డ్కొ	5	4
ద్డు	5	4
ష్పిం	5	5
త్వు	5	4
ర్ల్యాం	5	7
ఖ్తుం	5	5
ట్మా	5	4
ష్రా	5	4
ర్ఫు	5	4
గ్వాం	5	5
ల్జు	5	4
ఫ్గ	5	3
ర్మెం	5	5
జ్దా	5	4
న్న్	5	4
డ్రొ	5	4
గ్యూ	5	4
ఖ్ష	5	3
స్మై	5	4
య్ర	5	3
ఖ్మె	5	4
ర్బే	5	4
౬	5	1
వ్లీ	5	4
క్టై	5	4
మ్జీ	5	4
ర్గూ	5	4
హ్ల్	5	4
స్వో	5	4
ఢే	5	2
ఫ్ద	5	3
ష్చె	5	4
న్గ్రా	5	6
ద్వె	5	4
ల్ఖో	5	4
ఛ్ఛి	5	4
న్కా	5	4
న్స్టాం	5	7
ట్చి	5	4
ర్లై	5	4
జ్గి	5	4
స్ద	5	3
ష్ర్టం	5	6
ర్యూ	5	4
ఘ్నా	5	4
ఢ్య	5	3
న్గూ	5	4
వ్న	5	3
డ్వై	5	4
చ్క	5	3
ష్యూ	5	4
గ్పూ	5	4
ఖ్త్	5	4
ర్శ్	5	4
థౌ	5	2
శ్లీ	5	4
జ్రూ	5	4
ష్ట్య	5	5
న్డీ	5	4
ట్జె	5	4
శ్చె	5	4
హ్రె	5	4
స్తొ	5	4
న్మాం	5	5
ద్వ్య	5	5
ల్మం	5	4
ప్కి	5	4
ష్ణాం	5	5
య్యొ	5	4
ష్మిం	5	5
ర్ధే	5	4
ర్ఘ్యం	5	6
జః	5	2
మ్వీ	5	4
త్వేం	5	5
జ్రో	5	4
శ్కి	5	4
క్నీ	5	4
మ్సు	5	4
ద్రః	5	4
ద్ధ్యా	5	6
స్యో	5	4
జ్లి	5	4
ఱొ	5	2
మ్ముం	5	5
భృం	5	3
స్లీం	5	5
బ్స్రూ	5	6
స్ర్తీ	5	6
జ్జో	5	4
ట్టాం	5	5
ష్క్రి	5	6
ష్ఠీ	5	4
న్స్వా	5	6
ప్ట్యూ	5	6
స్జీ	5	4
ట్క్యా	5	6
మ్లీ	5	4
డ్రూం	5	5
శ్రౌ	5	4
న్సం	5	4
సుఁ	5	3
ఖ్వీం	5	5
ఫొం	5	3
నె్న	5	4
ష్మే	5	4
డ్జం	5	4
ఫృ	5	2
ణ్ణీ	5	4
జ్హ	5	3
ల్డ్రే	5	6
చ్కం	5	4
త్తొం	5	5
త్గా	5	4
జ్జొ	5	4
ర్త్లో	5	6
చ్నూ	5	4
బ్షి	5	4
మ్ష	5	3
ఫ్పే	5	4
ద్చెం	5	5
గ్సం	5	4
ద్త	5	3
ప్గొం	5	5
ల్వెం	5	5
ణ్వి	5	4
ద్లూ	5	4
స్త్లో	5	6
ల్ముం	5	5
ర్ప్పా	5	6
బ్పే	5	4
ర్రై	5	4
హ్సా	5	4
న్స్కా	5	6
ల్ఫు	4	4
ల్ప్స్	4	6
ఫ్జా	4	4
ద్విం	4	5
మ్దు	4	4
క్టిం	4	5
ర్ట్లు	4	6
న్చ	4	3
డ్తు	4	4
జ్ల	4	3
బ్దాం	4	5
యొం	4	3
తుఁ	4	3
ర్హే	4	4
ఱిం	4	3
ల్లఁ	4	4
ళ్లుం	4	5
ట్లైం	4	5
ఖ్తి	4	4
ప్పఁ	4	4
క్జా	4	4
హౌం	4	3
డ్వం	4	4
ధః	4	2
క్షుం	4	5
త్సే	4	4
ణుఁ	4	3
న్తి	4	4
త్కో	4	4
ప్ని	4	4
ఛూ	4	2
ల్డే	4	4
ల్సూ	4	4
ఖేం	4	3
డ్లుం	4	5
మ్డ్	4	4
స్మె	4	4
వృం	4	3
ర్ఫి	4	4
ల్బి	4	4
ళొ	4	2
ష్ఠే	4	4
హ్వు	4	4
ర్గొ	4	4
ర్హో	4	4
ద్తె	4	4
ర్కెం	4	5
డ్డెం	4	5
ష్ఠూ	4	4
త్రుం	4	5
డ్చిం	4	5
ణ్ణే	4	4
గ్గీ	4	4
మ్కా	4	4
స్చి	4	4
స్క్రై	4	6
జ్రి	4	4
త్ప్రే	4	6
క్త్య	4	5
ధ్బ	4	3
ద్లు	4	4
బ్ను	4	4
ః	4	1
ఫ్నా	4	4
స్ట్రోం	4	7
స్క్ర	4	5
ర్జో	4	4
య్యూం	4	5
క్స్థా	4	6
త్పొ	4	4
బ్లైం	4	5
ర్డెం	4	5
ఫ్లు	4	4
బ్రై	4	4
గైం	4	3
జ్వి	4	4
ట్వం	4	4
క్డి	4	4
హ్త్	4	4
ర్ట్స	4	5
క్స్ప్రె	4	8
డ్రీం	4	5
న్లి	4	4
ల్క్స్	4	6
షృ	4	2
ష్తి	4	4
హ్బ	4	3
క్డ్	4	4
స్ట్లిం	4	7
జ్మి	4	4
త్స్	4	4
ష్లో	4	4
ఘ్నొ	4	4
మ్ం	4	3
మ్నె	4	4
ద్ఝ	4	3
న్జాం	4	5
గ్డో	4	4
ఢ్వా	4	4
హ్రీ	4	4
ర్హీ	4	4
ర్నెం	4	5
ల్హె	4	4
ఘ్ల	4	3
స్బె	4	4
న్కే	4	4
ఫ్తి	4	4
వ్మెం	4	5
స్ఠ	4	3
ష్వం	4	4
ఖ్లా	4	4
ట్స్కీ	4	6
ప్సా	4	4
ర్క్రా	4	6
ష్ని	4	4
య్లో	4	4
త్సో	4	4
న్స్టీ	4	6
చ్మ	4	3
న్స్కీ	4	6
ఖ్మా	4	4
ల్ఫీ	4	4
బూం	4	3
టేం	4	3
న్రె	4	4
ష్గా	4	4
ఈం	4	2
ర్థీ	4	4
ష్యో	4	4
ష్మెం	4	5
న్స్ఫ	4	5
గ్వె	4	4
జ్జ్వ	4	5
ఫ్గా	4	4
ఖ్తు	4	4
ల్లౌ	4	4
డ్బా	4	4
ర్తైం	4	5
భె	4	2
స్థాం	4	5
క్ఫ్	4	4
స్ధం	4	4
క్స్పో	4	6
ర్గుం	4	5
ద్తి	4	4
డ్కీ	4	4
జ్లా	4	4
మూం	4	3
ష్టృ	4	4
న్ముం	4	5
స్ం	4	3
స్ర్తి	4	6
ర్టం	4	4
ర్స్ట	4	5
ప్త్	4	4
ఝ్	4	2
త్యీ	4	4
ష్మో	4	4
ట్సో	4	4
స్నీ	4	4
న్స్కు	4	6
బ్ని	4	4
ఋు	4	2
న్డె	4	4
స్ర్త	4	5
ద్ద్య	4	5
స్బు	4	4
ట్గా	4	4
ల్స్లో	4	6
న్బు	4	4
స్ల్	4	4
గ్గూ	4	4
ఛెం	4	3
ష్టొ	4	4
స్త్వ	4	5
శ్వు	4	4
ఱై	4	2
డ్రెం	4	5
ద్పా	4	4
క్త్ర	4	5
ర్గ్మా	4	6
ల్ను	4	4
జ్పు	4	4
స్లె	4	4
ద్య్రం	4	6
స్రూ	4	4
ఠ్మ	4	3
హాఁ	4	3
ఫ్లి	4	4
ర్దిం	4	5
షః	4	2
హాః	4	3
త్రః	4	4
క్త్రా	4	6
నాః	4	3
డ్డ్	4	4
డ్యే	4	4
ష్ఠ్య	4	5
ల్ఫె	4	4
ల్స్టి	4	6
స్వె	4	4
ర్క్లో	4	6
ద్భాం	4	5
ర్ఫ	4	3
మ్జ	4	3
ష్ఠాః	4	5
ఙ్ఞం	4	4
”ః	4	2
వ్యై	4	4
రృ	4	2
ళ్లైం	4	5
ద్యః	4	4
ఢాం	4	3
శ్శం	4	4
మ్తా	4	4
స్తొం	4	5
స్ఠి	4	4
ప్ర్రాం	4	7
క్జాం	4	5
న్ఫా	4	4
రుః	4	3
ర్జే	4	4
న్స్యూ	4	6
ళ్ళైం	4	5
ష్ణ్వా	4	6
ప్తీ	4	4
డ్భు	4	4
ఘ్వీ	4	4
విూ	4	3
ధ్ధు	4	4
౭	4	1
జ్ణ	4	3
క్షీం	4	5
య్ల్లా	4	6
మ్రై	4	4
త్చం	4	4
డ్పూ	4	4
మ్నం	4	4
డ్సి	4	4
మోః	4	3
త్రుఁ	4	5
జ్యొ	4	4
స్కొం	4	5
బ్నం	4	4
మ్జా	4	4
చ్ఛిం	4	5
­	4	1
స్థః	4	4
ప్నే	4	4
వ్వై	4	4
ర్నై	4	4
ౡ	4	1
ద్సె	4	4
ద్గం	4	4
గ్గ్ర	4	5
ధ్లో	4	4
హ్ద	4	3
ద్ద్య్లో	4	8
బ్జు	4	4
మ్షీ	4	4
భాా	4	3
జ్ఞూ	4	4
ద్నే	4	4
ల్త్యా	4	6
ల్డం	4	4
గ్చె	4	4
ర్స్గు	4	6
హ్ద్	4	4
ప్నూ	4	4
డ్లొ	4	4
క్చో	4	4
మ్బ	4	3
	4	1
చ్యా	4	4
ల్ల్య్లో	4	8
చ్య్	4	4
బ్దూ	4	4
న్లా	4	4
ష్క్	4	4
ర్బ్స్	3	6
స్త్రే	3	6
ట్ట్ల	3	5
క్థ	3	3
న్సై	3	4
గ్రొ	3	4
మ్చి	3	4
ర్ఘ్యా	3	6
స్త్ర్ర	3	7
ధ్రే	3	4
థ్నో	3	4
త్త్రి	3	6
చేఁ	3	3
చోం	3	3
ర్దృ	3	4
ప్షా	3	4
శ్హ	3	3
ద్రుఁ	3	5
మ్ప	3	3
దోఁ	3	3
ష్పాం	3	5
ఘ్రి	3	4
ష్పి	3	4
నాఁ	3	3
కూఁ	3	3
డ్గాం	3	5
స్వు	3	4
చ్ఛ్వా	3	6
హుఁ	3	3
న్వు	3	4
ష్ట్రాం	3	7
ళ్వు	3	4
అః	3	2
త్ఖే	3	4
త్థి	3	4
భేం	3	3
జ్వో	3	4
ష్ట్రే	3	6
ద్యుం	3	5
మీఁ	3	3
గ్నాం	3	5
ల్గుం	3	5
ర్సో	3	4
మ్కు	3	4
ణ్యో	3	4
హ్ణ	3	3
హూం	3	3
ట్జీ	3	4
క్కఁ	3	4
మ్మాం	3	5
ఱం	3	2
స్సౌ	3	4
దాఁ	3	3
నేఁ	3	3
ద్భో	3	4
బ్న	3	3
బ్రొ	3	4
త్ర్రా	3	6
ష్డ్	3	4
ళ్టి	3	4
స్కుం	3	5
ల్క్యా	3	6
ల్క్యు	3	6
ద్బ్రా	3	6
మ్తు	3	4
ర్ఖుం	3	5
గ్ది	3	4
శ్నం	3	4
ట్ట్లు	3	6
య్యీ	3	4
డ్డొ	3	4
ర్వేం	3	5
బ్డే	3	4
స్చె	3	4
క్స్టు	3	6
ద్ధె	3	4
ఛ్చ	3	3
ప్సం	3	4
న్ఫీ	3	4
త్యాం	3	5
త్యె	3	4
ట్ణం	3	4
ట్ఫా	3	4
ద్స్	3	4
ధొం	3	3
ర్మ్య	3	5
క్డో	3	4
ధ్ధాం	3	5
క్తౌ	3	4
గ్చ	3	3
స్రే	3	4
ల్ఖే	3	4
ఖ్వ	3	3
స్ఫే	3	4
న్న్న	3	5
క్న్	3	4
ట్లిం	3	5
ఫ్యు	3	4
త్భా	3	4
స్త్మ	3	5
గ్త్జే	3	6
.్	3	2
బ్లై	3	4
క్స్పె	3	6
బ్మె	3	4
ఖౌ	3	2
న్జె	3	4
గ్ఝౌ	3	4
ఫ్తె	3	4
య్యాం	3	5
జ్గ	3	3
త్ర్	3	4
స్ఘ	3	3
క్లైం	3	5
ప్లం	3	4
స్చే	3	4
య్ని	3	4
ఖ్ష్	3	4
క్ం	3	3
ర్గెం	3	5
స్థుం	3	5
ధ్కెం	3	5
చ్వ	3	3
బ్దౌ	3	4
గ్భం	3	4
జ్ము	3	4
ఉంం	3	3
మ్లిం	3	5
ర్చోం	3	5
జ్గు	3	4
స్బి	3	4
ష్తీ	3	4
న్పా	3	4
న్యి	3	4
ఝి	3	2
మ్హి	3	4
జ్ఙు	3	4
మ్ముూ	3	5
ప్వా	3	4
డ్మా	3	4
ఖ్నా	3	4
ళ్తూం	3	5
న్స్కో	3	6
వ్స్క్	3	6
క్గా	3	4
ర్స్క్	3	6
వ్ను	3	4
మ్ల్యా	3	6
డ్ను	3	4
ద్య్ర	3	5
మ్బె	3	4
స్ట్రీం	3	7
జ్నీ	3	4
చ్ని	3	4
ప్టీ	3	4
జ్కి	3	4
వ్జె	3	4
స్చా	3	4
చ్ట	3	3
మ్చ	3	3
మ్నుం	3	5
లిఁ	3	3
కాఁ	3	3
ష్గ	3	3
ఘీం	3	3
రెె	3	3
బ్లు	3	4
మ్గా	3	4
శ్ఛా	3	4
థుఁ	3	3
ర్లుం	3	5
ఫ్సా	3	4
ఖ్తీ	3	4
జ్మ్	3	4
ద్న	3	3
క్ను	3	4
క్చు	3	4
క్ట్రం	3	6
ప్ప్	3	4
స్క్రూ	3	6
మ్నో	3	4
ఫ్రొ	3	4
ర్ఘీ	3	4
డ్బం	3	4
చ్చుం	3	5
బ్లం	3	4
న్హే	3	4
ల్తాం	3	5
ఝ్కో	3	4
హైఁ	3	3
హ్రే	3	4
క్యి	3	4
ఛిం	3	3
బ్లిం	3	5
క్వో	3	4
స్కీం	3	5
న్ష్	3	4
జ్క	3	3
జ్ఝు	3	4
న్పేం	3	5
ప్గా	3	4
ష్లే	3	4
స్పొ	3	4
ట్రొ	3	4
స్చ	3	3
డ్స్లో	3	6
శ్వాం	3	5
ఝీ	3	2
క్ర్	3	4
ఘ్రం	3	4
ద్మాం	3	5
॰	3	1
డః	3	2
ప్టం	3	4
ర్శ్వా	3	6
స్సిం	3	5
హ్మూ	3	4
ద్ద్	3	4
ఎ్	3	2
వ్లి	3	4
ణేం	3	3
శ్శూ	3	4
డ్లై	3	4
ఱో	3	2
స్లం	3	4
ఛేం	3	3
ష్తు	3	4
చ్ట్	3	4
వ్లాం	3	5
డ్నే	3	4
ర్ట్రాం	3	7
స్త్ర్రి	3	8
న్లే	3	4
ట్రిం	3	5
ర్నః	3	4
రాః	3	3
ర్త్రీ	3	6
గ్ం	3	3
తీః	3	3
త్థం	3	4
ఢె	3	2
ఢూ	3	2
క్తిం	3	5
ర్ట్యూ	3	6
ప్ర్ర	3	5
^	3	1
స్గో	3	4
ప్ట్రో	3	6
ద్ధృ	3	4
డ్దా	3	4
ళ్యు	3	4
త్స్వా	3	6
ధ్యో	3	4
తుః	3	3
స్యై	3	4
న్యై	3	4
డ్వే	3	4
త్స్న	3	5
డీం	3	3
ర్ఫె	3	4
న్క్రి	3	6
న్బి	3	4
హ్నీ	3	4
ర్స్పె	3	6
ష్రూ	3	4
క్థు	3	4
రిః	3	3
•	3	1
న్డు	3	4
ళ్ప	3	3
.ి	3	2
ల్టో	3	4
వ్కా	3	4
న్స్క్రి	3	8
ల్డీ	3	4
మ్లూ	3	4
ట్పూ	3	4
ష్లీ	3	4
ష్నా	3	4
క్స్టి	3	6
స్మొ	3	4
ఢ్యా	3	4
ల్ల్లం	3	6
ర్ట్నీ	3	6
ర్చై	3	4
ష్నం	3	4
స్క్యూ	3	6
న్గుం	3	5
లంం	3	3
న్గి	3	4
బ్ర్ర	3	5
ి	3	1
త్టూ	3	4
గ్బ	3	3
క్సేం	3	5
ష్ష	3	3
స్థిం	3	5
ళ్క	3	3
క్షుఁ	3	5
ర్మః	3	4
ఫేం	3	3
క్ట్రీ	3	6
శ్ఛ	3	3
చ్మి	3	4
క్ట్సు	3	6
ద్ర్యా	3	6
వ్క	3	3
ర్చొం	3	5
ద్తో	3	4
జ్ఞాం	3	5
ఛ్చా	3	4
మూఁ	3	3
ట్వాం	3	5
న్పృ	3	4
న్న్య	3	5
శ్చెం	3	5
హ్లే	3	4
ణ్వే	3	4
ఘౌ	3	2
ర్లెం	3	5
భుః	3	3
గ్రైం	3	5
ల్బొ	3	4
గ్క	3	3
గ్సొ	3	4
ద్కా	3	4
ర్చౌ	3	4
జ్కా	3	4
7ం	3	2
డ్దం	3	4
ల్రో	3	4
బ్నా	3	4
మంు	3	3
జ్వ్ప	3	5
చ్గా	3	4
జ్గూ	3	4
ప్చె	3	4
ర్జ్లో	3	6
ర్క్వ	3	5
బ్ష	3	3
జ్ఞె	3	4
డ్ఖం	3	4
ఠ్వ	3	3
ఫ్ప	3	3
హ్య్ద్ల	3	7
ఫ్పూ	3	4
ర్శె	3	4
ద్ద్య్	3	6
ద్ద్యు	3	6
ర్ర్	3	4
ల్దాం	3	5
గ్కో	3	4
ర్గ్రాం	3	7
డ్త్య	3	5
త్టె	3	4
ష్ఖాం	3	5
హా్ర	3	4
తం్	3	3
ప్య్నం	3	6
చ్చ్య	3	5
ప్ర్ల	3	5
న్య్లో	3	6
ద్లి	3	4
ల్య్గం	3	6
ఘ్యం	3	4
హ్లె	3	4
న్స్ట	3	5
ల్స్కా	3	6
ౘ	3	1
ౙ	3	1
ౚ	3	1
౷	3	1
౸	3	1
౹	3	1
౺	3	1
౻	3	1
౽	3	1
౾	3	1
౿	3	1
ట్సి	3	4
ణ్ణ్గ	3	5
ప్ణో	2	4
త్య్రా	2	6
జ్కు	2	4
న్టా	2	4
ర్క్టి	2	6
ద్ర్రా	2	6
స్ప్రె	2	6
న్పొ	2	4
స్త్ర్రం	2	8
క్ట్ర	2	5
ఫైం	2	3
గ్రేం	2	5
క్స్ప	2	5
ఖ్మే	2	4
శ్తే	2	4
న్చా	2	4
ర్టిం	2	5
ర్క్ల	2	5
న్ఫి	2	4
ల్చం	2	4
రేఁ	2	3
న్త్య	2	5
సుః	2	3
శ్శ్రే	2	6
పోఁ	2	3
త్పి	2	4
కాః	2	3
భిః	2	3
ప్డు	2	4
టిఁ	2	3
«	2	1
వ్వఁ	2	4
కిఁ	2	3
టఁ	2	2
వేఁ	2	3
త్సిం	2	5
స్త్వం	2	6
జేఁ	2	3
లేఁ	2	3
ఫ్ఫె	2	4
థెం	2	3
న్డ్స్	2	6
ఙ్నా	2	4
న్ద్ర	2	5
ళుం	2	3
త్త్వో	2	6
ఢః	2	2
క్త్రు	2	6
స్ర్తా	2	6
ష్ణి	2	4
చ్చై	2	4
ల్సై	2	4
డ్తో	2	4
ర్థూ	2	4
స్సొ	2	4
ఱ్రి	2	4
శ్శీ	2	4
గ్మి	2	4
చుఁ	2	3
ఱే	2	2
ద్భూ	2	4
ర్ద్రు	2	6
ద్బం	2	4
శ్రూ	2	4
ర్త్రై	2	6
టేః	2	3
గ్గేం	2	5
చ్కో	2	4
గ్జో	2	4
త్వాం	2	5
ఖ్ను	2	4
ష్ఠ్	2	4
ష్లు	2	4
క్ష్ణం	2	6
యూం	2	3
ఛ్చు	2	4
చ్వాం	2	5
చూం	2	3
న్తు	2	4
లుః	2	3
క్లం	2	4
ఫ్రేం	2	5
వ్స్కి	2	6
ర్ఖ్	2	4
ఘ్య	2	3
ప్ు	2	3
ద్చి	2	4
క్ల్స్	2	6
ద్ను	2	4
ఫ్త్లె	2	6
మ్టి	2	4
మ్సె	2	4
న్బే	2	4
న్దీ	2	4
శ్చ్యా	2	6
ష్లె	2	4
\	2	1
న్లెం	2	5
తోఁ	2	3
థ్ర	2	3
ఫ్ఫ	2	3
ల్చొ	2	4
ష్త	2	3
ణ్కు	2	4
ర్కాం	2	5
స్ట్రం	2	6
ర్ణె	2	4
క్కెం	2	5
వ్సీ	2	4
జ్డ	2	3
న్ల్	2	4
స్రౌ	2	4
డ్వాం	2	5
ఖ్పు	2	4
ల్సం	2	4
ట్చ్	2	4
త్జా	2	4
ప్ర్రం	2	6
ద్తు	2	4
స్ష	2	3
స్దీ	2	4
బ్రోం	2	5
జ్ం	2	3
గ్డూ	2	4
క్స్డ్	2	6
గ్బో	2	4
స్మెం	2	5
జ్మై	2	4
స్ఖా	2	4
ఫ్స్తం	2	6
ర్క్మే	2	6
ఫ్హా	2	4
స్ట్రిం	2	7
ట్వె	2	4
క్స్ఫ	2	5
ష్న్	2	4
ణ్జి	2	4
వ్ష	2	3
బ్బొ	2	4
ఘ్ద్	2	4
గ్తు	2	4
డ్షి	2	4
నూం	2	3
త్తొ	2	4
స్టొ	2	4
బ్జ్	2	4
క్నె	2	4
ఫ్త్	2	4
క్సొ	2	4
క్వు	2	4
ప్లిం	2	5
బ్దే	2	4
ఖ్యే	2	4
తాా	2	3
హ్మొ	2	4
మ్గ్యా	2	6
ష్నో	2	4
స్ట్న	2	5
క్తూ	2	4
స్ప్లెం	2	7
స్డి	2	4
గ్నై	2	4
న్గ్	2	4
భ్రి	2	4
స్తాాం	2	6
ష్ట్ర్రం	2	8
శ్లు	2	4
ల్ద్వా	2	6
హ్తే	2	4
క్నొ	2	4
గ్జ్యో	2	6
ల్వాం	2	5
ఖ్రు	2	4
ఖోం	2	3
ల్ఘా	2	4
క్ధ	2	3
బ్వా	2	4
ర్ట్సు	2	6
స్ణో	2	4
ర్న్వా	2	6
మ్ఖా	2	4
ల్వ్	2	4
న్స్ఫా	2	6
క్స్టె	2	6
మంం	2	3
న్క్	2	4
ర్స్కీ	2	6
ద్ని	2	4
జ్నో	2	4
ల్ట్సి	2	6
ల్స్క్	2	6
ట్స్కు	2	6
ఫ్ని	2	4
వ్వ్	2	4
వ్చే	2	4
త్లీ	2	4
య్న్	2	4
న్కీ	2	4
ప్యో	2	4
ర్షో	2	4
జ్హి	2	4
న్జి	2	4
వ్రె	2	4
ర్మోం	2	5
ఫ్యో	2	4
మ్కి	2	4
మ్బో	2	4
ల్టై	2	4
మ్ది	2	4
వ్య్వ	2	5
న్స్ట్ర	2	7
ఱఁ	2	2
డిఁ	2	3
ఘ్నీ	2	4
ట్నె	2	4
స్ఠే	2	4
ర్థ్వ	2	5
న్నుఁ	2	5
న్స్క	2	5
ఖ్ఖ	2	3
త్లు	2	4
హ్ర్	2	4
ఖ్ఖి	2	4
ల్ఫ్స్	2	6
న్డా	2	4
న్ఫాం	2	5
ష్రై	2	4
ర్ఖె	2	4
ద్చ	2	3
న్స్య	2	5
ద్లె	2	4
ద్గె	2	4
హ్సీ	2	4
,ం	2	2
క్స్టై	2	6
మ్కూ	2	4
శ్పాం	2	5
హ్త	2	3
య్స	2	3
త్స్వ	2	5
ద్పూ	2	4
డ్ఖే	2	4
స్డా	2	4
ర్చ్యూ	2	6
స్ట్లి	2	6
హ్తా	2	4
ష్ర్టా	2	6
ట్తో	2	4
గ్కు	2	4
స్థై	2	4
శ్ను	2	4
ద్జీ	2	4
య్కి	2	4
బఁ	2	2
ఝూం	2	3
హ్లీ	2	4
జ్నూ	2	4
న్జో	2	4
మ్హే	2	4
ప్కే	2	4
ర్ఫ్యూ	2	6
వ్హ	2	3
మేఁ	2	3
క్షేం	2	5
ొ	2	1
చ్లు	2	4
స్ట్రు	2	6
మ్సా	2	4
ల్కాం	2	5
త్కి	2	4
ర్త్రు	2	6
త్రౌ	2	4
త్ర్య్య	2	7
ప్మె	2	4
థ్యు	2	4
న్ఫొ	2	4
త్ప్రా	2	6
ఞా	2	2
❘	2	1
న్హీ	2	4
శ్చిం	2	5
ప్రాఁ	2	5
రోఁ	2	3
త్స్నా	2	6
న్ర	2	3
త్స్యం	2	6
స్కౌం	2	5
ఞ్చ	2	3
న్దా	2	4
ర్క్యా	2	6
భ్దా	2	4
స్ఠా	2	4
ఱూ	2	2
ఘ్నో	2	4
జ్బే	2	4
బ్కో	2	4
ఘ్ఘ	2	3
ర్క్వి	2	6
థ్కు	2	4
ధ్పూ	2	4
ర్ట్రి	2	6
ర్డ్స	2	5
ర్ఙు	2	4
చ్చీం	2	5
ణ్వు	2	4
థుం	2	3
ఖ్రీ	2	4
త్ర్ప	2	5
ర్చెం	2	5
ఝ్జ	2	3
క్త్వా	2	6
ర్థే	2	4
ర్ద్రం	2	6
భూః	2	3
శ్శు	2	4
ష్యే	2	4
హ్యే	2	4
య్లు	2	4
ద్ధ్యో	2	6
ద్భే	2	4
డ్గె	2	4
న్కౌం	2	5
క్ఱ్రా	2	6
న్క్య్	2	6
ల్డ్రె	2	6
ర్డొ	2	4
త్మూ	2	4
త్కౌ	2	4
బ్నె	2	4
ల్దూ	2	4
న్జ	2	3
క్త్రుం	2	7
ర్ద్య	2	5
త్సె	2	4
వ్కు	2	4
య్ద్	2	4
స్ర్టే	2	6
#	2	1
బ్రెం	2	5
క్జే	2	4
డ్ఫో	2	4
క్ష్యు	2	6
గ్మీ	2	4
శే్ల	2	4
మ్ఫో	2	4
భెం	2	3
వెె	2	3
￼	2	1
ద్ద్లు	2	6
ల్చేం	2	5
ర్స్లో	2	6
నుః	2	3
గ్మ్	2	4
భ్యే	2	4
న్నః	2	4
శ్వై	2	4
చ్ఛో	2	4
ర్యాః	2	5
ణ్వం	2	4
ష్టౌ	2	4
త్తః	2	4
పాః	2	3
ధ్ని	2	4
స్ట్రేం	2	7
య్డె	2	4
ద్గౌ	2	4
గ్టా	2	4
ల్డ్లో	2	6
పుా	2	3
నెే	2	3
`	2	1
స్జ్కా	2	6
ష్ఠీం	2	5
న్తీ	2	4
క్ష్యే	2	6
జ్లిం	2	5
ర్ఠీ	2	4
ఫ్కో	2	4
స్ప్రూ	2	6
ర్పై	2	4
క్మో	2	4
2ం	2	2
యంం	2	3
థ్యాం	2	5
ఫిు	2	3
స్ట్ర్	2	6
క్ష్మీః	2	7
ర్యః	2	4
న్డ	2	3
ర్మ్రో	2	6
ర్థ్ర	2	5
క్ష్లు	2	6
క్జె	2	4
స్క్రా	2	6
స్క్టా	2	6
ద్జి	2	4
త్తైం	2	5
ప్జ	2	3
వ్వో	2	4
ద్ద్యో	2	6
ఛ్చి	2	4
స్ట్ఘే	2	6
న్చె	2	4
ఖః	2	2
గ్న్య	2	5
′	2	1
ల్నిం	2	5
గ్తో	2	4
ప్ప్పు	2	6
ల్ట్స్	2	6
క్క్కొ	2	6
టః	2	2
బ్ధు	2	4
ళ్దు	2	4
న్రు	2	4
ర్వ్యా	2	6
ర్గ్య	2	5
ధ్ర్ర	2	5
ఫ్టె	2	4
న్ద్	2	4
నోం	2	3
ల్యూం	2	5
ర్చాం	2	5
ళ్గో	2	4
డ్న	2	3
ఫ్లిం	2	5
ల్ట్జ్	2	6
ల్హౌ	2	4
ఖొం	2	3
గ్తం	2	4
క్కాం	2	5
ష్యాం	2	5
క్కేం	2	5
ర్స్ట్	2	6
క్స్వె	2	6
హ్న్	2	4
ల్లొం	2	5
కృి	2	3
మ్మ్యూ	2	6
స్ప్రి	2	6
●	2	1
జృ	2	2
ల్నుం	2	5
ల్ప్లె	2	6
ర్డ్వే	2	6
ణ్ణె	2	4
తె్తై	2	5
డ్చం	2	4
క్ల్ర	2	5
బంం	2	3
న్చు	2	4
సౄ	2	2
ల్గోం	2	5
డ్మె	2	4
ద్పు	2	4
డ్సిం	2	5
బ్స్టే	2	6
కెేం	2	4
హ్గ	2	3
క్మం	2	4
శ్రుం	2	5
ద్హే	2	4
స్ఫె	2	4
ష్యుం	2	5
ధ్భు	2	4
త్సూ	2	4
బ్థా	2	4
స్త్తు	2	6
థృ	2	2
జ్ఞః	2	4
ష్ఠాం	2	5
ఱిఁ	2	3
త్సృ	2	4
ష్ఠుఁ	2	5
ల్నం	2	4
త్ం	2	3
మ్మేం	2	5
మ్ధి	2	4
స్ర్కీ	2	6
ఘ్రు	2	4
జ్ఞ్మ	2	5
స్టౌ	2	4
ణ్యాం	2	5
.ా	2	2
న్టె	2	4
ద్రై	2	4
ద్ర్ర	2	5
క్యే	2	4
స్త్తా	2	6
ఢిం	2	3
ర్ణేం	2	5
ఖ్లి	2	4
త్రిః	2	5
ప్తై	2	4
స్సృ	2	4
క్సృ	2	4
స్దాం	2	5
హ్రీం	2	5
క్తై	2	4
ళ్ళౌ	2	4
డ్పిం	2	5
డ్డ్డి	2	6
స్క్రీం	2	7
ల్వై	2	4
త్తోం	2	5
బ్బుం	2	5
ధ్ధే	2	4
ఛ్వా	2	4
ట్ఛా	2	4
రుూ	2	3
ద్మీ	2	4
యాః	2	3
ఖీం	2	3
గ్య్ం	2	5
శ్స	2	3
ృ	2	1
ల్భా	2	4
ర్ద్వ	2	5
ర్జ్య	2	5
త్రీం	2	5
బ్బ్బు	2	6
ళ్త	2	3
ద్రేం	2	5
త్రెం	2	5
యీం	2	3
పుః	2	3
ర్దుం	2	5
శ్తా	2	4
బ్కు	2	4
ర్లొం	2	5
మ్కె	2	4
స్గాం	2	5
త్ధా	2	4
ద్ధ్	2	4
ట్కృ	2	4
ర్ధ్వం	2	6
ద్థాం	2	5
ల్రీ	2	4
ఝో	2	2
భుా	2	3
చ్లా	2	4
థొం	2	3
వాా	2	3
గ్ర్రా	2	6
ణ్నే	2	4
క్చూ	2	4
ల్ల్ర్	2	6
న్గో	2	4
ప్ల్లె	2	6
:ి	2	2
ర్ణ్	2	4
ఘంం	2	3
ణ్రా	2	4
ల్మై	2	4
క్దం	2	4
త్మే	2	4
ద్ద్యం	2	6
డ్ళు	2	4
క్శ్మీ	2	6
న్స్టే	2	6
ద్గుం	2	5
ఠ్పూ	2	4
త్ర్హి	2	6
త్లిం	2	5
ల్గీ	2	4
ర్ల్లు	2	6
డ్ర్రా	2	6
వౄ	2	2
ఙై	2	2
న్క్రా	2	6
ర్త్ధం	2	6
హ్రో	2	4
జ్కో	2	4
క్ఠ్	2	4
క్థి	2	4
మౄ	2	2
స్త్మా	2	6
ర్ధీ	2	4
ఫ్ఫై	2	4
ే	2	1
చ్రి	2	4
దం్	2	3
చ్రా	2	4
క్బం	2	4
తీ్ర	2	4
త్య్సి	2	6
ర్సూ	2	4
ర్డ్యు	2	6
త్త్త	2	5
డ్రాం	2	5
ఝొ	2	2
త్ఖ	2	3
గ్యి	2	4
జ్మే	2	4
ట్రౌ	2	4
ప్డే	2	4
బ్కి	2	4
ర్జై	2	4
ర్బిం	2	5
వ్టి	2	4
ల్ఫ్రి	2	6
హ్లు	2	4
హ్లూ	2	4
గ్లెం	2	5
ర్థ్రో	2	6
ల్డ్రి	2	6
ష్లాం	2	5
న్స్టం	2	6
గ్జా	2	4
గ్బా	2	4
స్జె	2	4
న్స్లీ	2	6
డ్ట్	2	4
ట్జా	2	4
న్విం	2	5
న్హో	2	4
క఼	2	2
వ్బా	2	4
ర్ల్ట	2	5
ప్చ	2	3
కౢ	2	2
కౣ	2	2
గ్స్ట	2	5
ఙె	2	2
న్స్లే	2	6
న్యోం	2	5
స్ఫై	2	4
క్ఫె	2	4
ర్క్వె	2	6
గ్ఫో	2	4
ష్వీ	2	4
య్సా	2	4
ఠుం	1	3
న్హౌ	1	4
కా్ష్మ	1	6
ధ్ఘా	1	4
న్ఘృ	1	4
గ్రొం	1	5
ఞ్మ	1	3
క్టృ	1	4
గ్త్	1	4
క్ట్ర్రా	1	8
జ్ణ్జ	1	5
న్సొ	1	4
ళ్ళుః	1	5
విః	1	3
స్క్వి	1	6
శ్హ్ట	1	5
ర్యుఁ	1	5
శుఁ	1	3
ష్ఠ్యం	1	6
ద్ఘ	1	3
ఱుఁ	1	3
న్నాఁ	1	5
ర్వ్రు	1	6
చాఁ	1	3
న్బె	1	4
త్క్రో	1	6
క్భం	1	4
ర్ాలు	1	5
న్నఁ	1	4
చిఁ	1	3
ళఁ	1	2
షఁ	1	2
గ్రిం	1	5
ణ్ణై	1	4
డ్కుం	1	5
బ్రుం	1	5
దేఁ	1	3
ర్ట్టి	1	6
బ్థం	1	4
డ్దె	1	4
శ్పృ	1	4
ఙ్ను	1	4
మ్త	1	3
జ్ఞుం	1	5
క్ష్శీ	1	6
హ్యః	1	4
ధాః	1	3
ణ్యుం	1	5
త్థ్స	1	5
స్వ్ర	1	5
ట్చం	1	4
చ్చ్వ	1	5
ధ్ర్హ	1	5
వ్రై	1	4
బ్స్ట	1	5
న్భ	1	3
ల్హాం	1	5
వ్వుఁ	1	5
జ్యై	1	4
న్స్ట్రే	1	8
ణ్ణృ	1	4
ట్ఛం	1	4
ర్తుఁ	1	5
ష్థిం	1	5
ట్లౌ	1	4
త్త్రు	1	6
న్గొ	1	4
డేఁ	1	3
స్త్వై	1	6
ర్క్సు	1	6
ఖ్బా	1	4
వ్ట్రు	1	6
శఁ	1	2
చ్చైః	1	5
ద్ధెం	1	5
డ్స్తో	1	6
ల్్	1	3
క్ట్యు	1	6
ణ్ట్	1	4
ధ్ధ్ము	1	6
వ్డి	1	4
ఫ్ఫి	1	4
డ్ప్లం	1	6
న్యాా	1	5
త్పం	1	4
ల్భో	1	4
మ్కో	1	4
ర్ట్మా	1	6
ద్తీ	1	4
చ్ఛై	1	4
ట్ణా	1	4
గ్నీం	1	5
ద్ర్రి	1	6
భాు	1	3
స్ఖు	1	4
ట్చొ	1	4
ధూం	1	3
ర్గ్యు	1	6
గాః	1	3
ఢ్లొ	1	4
న్లొ	1	4
డ్డ్ల	1	5
న్స్తి	1	6
డ్డ్డా	1	6
ర్ఛుం	1	5
శ్టం	1	4
శోం	1	3
క్ట్చ	1	5
ధుా	1	3
చ్తె	1	4
బ్సు	1	4
స్టోం	1	5
హ్హి	1	4
త్క్వ	1	5
జ్గే	1	4
మ్బు	1	4
న్ధ	1	3
త్బృ	1	4
స్ఫీ	1	4
ణ్య్	1	4
ఠోం	1	3
న్ఠా	1	4
త్త్యా	1	6
ర్తిి	1	5
కిిిిి	1	6
నిి	1	3
వేే	1	3
న్మీ	1	4
త్క్కు	1	6
క్ష్న	1	5
ఛ్హి	1	4
ట్మిం	1	5
ర్రెం	1	5
త్తిు	1	5
త్చు	1	4
ట్స్వ	1	5
ద్ఖే	1	4
న్యుా	1	5
ఫ్డి	1	4
జ్యౌ	1	4
మ్ప్రు	1	6
క్డొ	1	4
న్స్టెం	1	7
&ం	1	2
స్ట్స్టో	1	8
గ్ధ్వ	1	5
గ్ఫూ	1	4
గ్జం	1	4
గ్సై	1	4
గ్స్నా	1	6
క్బ్యా	1	6
ర్యొ	1	4
నः	1	2
గ్జే	1	4
ల్కిం	1	5
ద్ధౌ	1	4
గ్త్యా	1	6
రా్జ	1	4
ట్్ర్ర	1	6
ద్ఢే	1	4
హ్యి	1	4
క్ర్రీ	1	6
ట్జిం	1	5
ష్తొ	1	4
స్స్టి	1	6
డ్క్వా	1	6
ల్పుం	1	5
ల్హి	1	4
ర్ఖొ	1	4
ర్ట్పో	1	6
డ్జ్డ్	1	6
వ్నె	1	4
హ్జ	1	3
హ్బా	1	4
ల్సూం	1	5
ప్ర్జ	1	5
ఫ్రు	1	4
ఖ్వై	1	4
గ్కా	1	4
షా్ట	1	4
ల్ల్రో	1	6
క్సే్చ	1	6
గ్క్విం	1	7
ర్త్గ	1	5
ప్పైం	1	5
ద్తుం	1	5
ఫ్హ్య	1	5
శ్చు	1	4
క్స్వా	1	6
త్జే	1	4
బ్ట్	1	4
ర్చ్యూం	1	7
జ్తే	1	4
గ్తే	1	4
గ్వం	1	4
గ్స్యూ	1	6
హ్మోం	1	5
గ్క్వి	1	6
ట్వెం	1	5
హ్జాం	1	5
హ్రం	1	4
ల్ఖ	1	3
ర్జ్వి	1	6
త్బ్లి	1	6
ద్శం	1	4
ట్ల్ల	1	5
త్తౌ	1	4
ర్ఝ్	1	4
ర్క్న్	1	6
క్స్ప్లొ	1	8
ల్ప్రి	1	6
ట్ఫి	1	4
ట్క్స్	1	6
స్ఖృ	1	4
గ్స్టి	1	6
ష్క్వై	1	6
ర్బౌ	1	4
ధ్భ	1	3
త్స్ప్రం	1	8
ష్త్ర్య	1	7
హ్ర్గ	1	5
స్ఫం	1	4
స్రొ	1	4
గ్ఖొ	1	4
ల్య్	1	4
క్వ్	1	4
బ్దొ	1	4
ర్స్ల	1	5
ర్పీం	1	5
స్ర్క్యూ	1	8
జ్బొ	1	4
ర్స్లీ	1	6
ఖ్రో	1	4
జ్స్థా	1	6
ర్ష్ణ	1	5
ల్ఫ్వ్	1	6
ధ్య్క్ష	1	7
ల్జొ	1	4
బ్ఖా	1	4
ఫ్ష	1	3
ర్గోం	1	5
ఝ్మి	1	4
గ్నొ	1	4
వ్జు	1	4
క్సొం	1	5
ర్క్వం	1	6
ల్ట్రి	1	6
ఫ్హే	1	4
స్క్సి	1	6
వ్కి	1	4
జ్రె	1	4
య్వే	1	4
ల్ప్కా	1	6
ప్రొం	1	5
శ్తి	1	4
మ్న్న	1	5
ల్క్వ	1	5
వ్చి	1	4
య్ల	1	3
ఘ్మ	1	3
ఫ్డ్	1	4
వ్రెం	1	5
స్చొ	1	4
ల్గ్నొ	1	6
ర్సై	1	4
క్గు	1	4
ర్త్గి	1	6
త్న్స	1	5
హిః	1	3
స్ల్జోం	1	7
న్త్సో	1	6
త్సోం	1	5
ఖెం	1	3
న్డ్రా	1	6
ర్న్లు	1	6
మ్బూ	1	4
మ్చు	1	4
క్యోం	1	5
హ్యుం	1	5
,ుం	1	3
స్చ్రి	1	6
య్ద్ర	1	5
ట్చ్మి	1	6
న్ఱి	1	4
ల్లెే	1	5
ఢ్కేం	1	5
ల్ఫోం	1	5
గ్వెం	1	5
గ్ఫి	1	4
ఫ్ఝ	1	3
భాః	1	3
న్లిం	1	5
ల్థౌ	1	4
ర్త్స్	1	6
ద్ద్దు	1	6
గ్మై	1	4
≤	1	1
మ్జో	1	4
డ్ణో	1	4
ల్చీ	1	4
న్హి	1	4
న్హూ	1	4
ర్హై	1	4
న్హు	1	4
ద్గాం	1	5
గ్ర్ర	1	5
థ్రే	1	4
ఫ్ర్రా	1	6
గ్తై	1	4
ట్చ్యూ	1	6
డ్ర్యూ	1	6
జ్ట	1	3
ష్దె	1	4
భ్జా	1	4
త్కిం	1	5
షోం	1	3
సూం	1	3
న్క్యూ	1	6
డ్త్	1	4
ట్యె	1	4
ర్క్ష	1	5
క్ట్ర్	1	6
న్స్రా	1	6
హ్రౌ	1	4
జ్డా	1	4
వ్గొ	1	4
స్ల్వ్	1	6
ర్డాం	1	5
న్బ్ని	1	6
హ్డా	1	4
వ్ల్యాం	1	7
మ్బ్రి	1	6
బ్బెం	1	5
గ్దాం	1	5
ల్బ్ర	1	5
చ్వ్స్కా	1	8
త్స్క్	1	6
వ్రాం	1	5
ష్షా	1	4
జ్ప్రో	1	6
న్స్తో	1	6
న్స్సి	1	6
ప్యోం	1	5
య్స్క్	1	6
క్చా	1	4
ర్ఫ్లూ	1	6
ల్ఫాం	1	5
ల్మ్యా	1	6
ఖ్రె	1	4
ల్స్కై	1	6
న్గ్షె	1	6
స్షె	1	4
త్స్కీ	1	6
డ్స్నో	1	6
ప్సొ	1	4
ష్ల	1	3
స్హా	1	4
ష్లి	1	4
జ్హే	1	4
ట్ష్కో	1	6
ట్జ్కి	1	6
మ్స్కో	1	6
ట్జ్కీ	1	6
స్చ్ని	1	6
ల్ల్స్	1	6
స్త్సో	1	6
స్స్కా	1	6
ష్నే	1	4
వ్స్సా	1	6
హ్వో	1	4
జ్న్స్కీ	1	8
ల్షో	1	4
న్స్కి	1	6
ర్డ్సు	1	6
ఝ్దం	1	4
స్ప్లీ	1	6
ర్న్నె	1	6
ల్స్టో	1	6
ట్యి	1	4
ద్స్కీ	1	6
వ్తు	1	4
స్చెం	1	5
స్ట్లు	1	6
త్లే	1	4
ష్ట్ం	1	5
న్క్రో	1	6
క్వ్యా	1	6
ర్న్స్క్	1	8
ర్స్కో	1	6
ర్స్కు	1	6
మ్బే	1	4
ల్స్పా	1	6
ల్ప్సా	1	6
మ్పా	1	4
బ్డీ	1	4
ల్పేం	1	5
ల్స్లే	1	6
స్ద్డా	1	6
యైం	1	3
చఁ	1	2
వఁ	1	2
ద్దుఁ	1	5
గుఁ	1	3
ప్పుఁ	1	5
ర్వ్కు	1	6
స్నొ	1	4
డ్స్క్	1	6
ర్గ్వా	1	6
ద్థా	1	4
చ్యో	1	4
బ్థి	1	4
చెె	1	3
డ్తుం	1	5
నాా	1	3
ట్చే	1	4
త్య్స	1	5
ల్థూ	1	4
శ్ర్ర	1	5
మ్య్ఖం	1	6
ట్దే	1	4
గ్పో	1	4
గ్డై	1	4
న్పో	1	4
త్ఫ్	1	4
ల్ఫ్ను	1	6
ఘాం	1	3
మ్చీ	1	4
న్చీ	1	4
ఘ్తా	1	4
ఫ్సీ	1	4
మ్ద్	1	4
న్వొ	1	4
మ్షి	1	4
హ్సిం	1	5
య్బ	1	3
ల్ఖొ	1	4
వ్గాం	1	5
చ్టా	1	4
ర్శుం	1	5
ద్క్వా	1	6
చ్క్బె	1	6
న్ష్య	1	5
థ్న	1	3
ల్దొ	1	4
ల్ఖె	1	4
ఠొం	1	3
ష్ఠ్జ	1	5
ణ్డ్య	1	5
ళ్త్ద్	1	6
క్గ్యు	1	6
ద్త్ప	1	5
జ్పె	1	4
ప్దె	1	4
ద్గొ	1	4
ఠ్బ	1	3
ష్రీ	1	4
బ్ర్యూ	1	6
ధ్వై	1	4
ఙాం	1	3
జొం	1	3
క్డోం	1	5
ఫ్సి	1	4
ద్సౌ	1	4
య్ల్యాం	1	7
య్సి	1	4
ల్థి	1	4
జ్పీ	1	4
ప్కొ	1	4
త్గె	1	4
క్ష్మృ	1	6
ట్ట్రా	1	6
క్తె	1	4
స్థైం	1	5
వ్గు	1	4
ర్త్రో	1	6
క్శ్ర	1	5
స్షిం	1	5
ర్గ్యే	1	6
స్స్యూ	1	6
త్ల్సి	1	6
డ్జ్యు	1	6
న్స్ల	1	5
ద్య్హ	1	5
స్ట్త్యౌ	1	8
ల్థ్	1	4
ర్ఝా	1	4
ద్త్యు	1	6
ఔం	1	2
క్చ్యు	1	6
ప్ను	1	4
ధ్గీ	1	4
శ్మే	1	4
శ్ం	1	3
వ్రో	1	4
ర్మ్మ్	1	6
ీ	1	1
ఖూం	1	3
న్షెం	1	5
ర్చ్ను	1	6
యిు	1	3
వ్జే	1	4
ఖ్నే	1	4
మ్తీ	1	4
ఝ్సే	1	4
ష్తే	1	4
హీఁ	1	3
శౌం	1	3
జ్యి	1	4
ఖ్తూ	1	4
క్టౌ	1	4
హ్మె	1	4
త్న్కి	1	6
ర్త్యు	1	6
క్ష్పో	1	6
ప్ప్లు	1	6
ణ్బ	1	3
ష్జ	1	3
ష్ఱు	1	4
న్డ్రు	1	6
ల్వీం	1	5
య్కు	1	4
య్ష	1	3
వ్యేం	1	5
ష్ఫి	1	4
డ్స్స్	1	6
ర్న్లో	1	6
ట్ఝ్	1	4
గ్సే	1	4
స్ఫాం	1	5
ఘ్స్	1	4
న్ట్	1	4
న్కొ	1	4
మ్స్ని	1	6
ర్ట్ర్త్	1	8
జ్వెం	1	5
జ్టె	1	4
య్గే	1	4
వ్సం	1	4
న్స్గా	1	6
ర్డ్ని	1	6
ర్మ్లో	1	6
ల్డ్కి	1	6
చ్కి	1	4
స్త్రె	1	6
క్వ్య	1	5
క్స్లెం	1	7
ద్డ	1	3
స్యాః	1	5
ట్నిం	1	5
ఫ్హ్ట్	1	6
ర్స్కం	1	6
దే్హా	1	5
ఞం	1	2
ట్శ	1	3
ష్ట్రః	1	6
ద్ద్ది	1	6
త్క్ర	1	5
బ్రాఁ	1	5
క్తుఁ	1	5
పూఁ	1	3
యిఁ	1	3
లోఁ	1	3
చోఁ	1	3
ఘ్రీ	1	4
ట్ప్ర	1	5
ణ్డే	1	4
న్ఱుం	1	5
న్మూ	1	4
డ్ధ	1	3
ఙ్ఞి	1	4
ర్వ్వ	1	5
ద్లిం	1	5
ష్ణ్వే	1	6
క్డు	1	4
ఱ్తి	1	4
ర్హుం	1	5
ద్మై	1	4
తేః	1	3
ర్ణ్య	1	5
దంం	1	3
దోః	1	3
భ్హ్రా	1	6
చ్ఛాం	1	5
శ్త్ర	1	5
స్త్ర్రీ	1	8
శ్సా	1	4
త్స్థ	1	5
న్ద్స్	1	6
ప్థం	1	4
డ్మాం	1	5
ట్స్ను	1	6
ప్తః	1	4
ల్మాం	1	5
శ్వ్యా	1	6
ళ్తోం	1	5
క్క్ష్	1	6
ర్మ్స్	1	6
స్ర్క	1	5
ర్ద్ధి	1	6
బ్లొ	1	4
హ్హా	1	4
ర్ష్వం	1	6
న్ధ్యా	1	6
ప్ట్స్	1	6
జ్గ్ర	1	5
స్కౄ	1	4
న్స్మి	1	6
ద్ఫే	1	4
ష్పు	1	4
న్థా	1	4
మ్శం	1	4
ల్ఖం	1	4
త్బే	1	4
హ్ము	1	4
న్గే	1	4
ట్క్లా	1	6
న్పౌ	1	4
జ్పా	1	4
ఖ్దే	1	4
గ్ఞా	1	4
చ్క్ష్చు	1	8
మ్రోం	1	5
ర్న్సీ	1	6
డ్వో	1	4
చౌం	1	3
ధ్హ	1	3
ప్ప్టి	1	6
బ్ము	1	4
స్ఖి	1	4
ౙ్క	1	3
త్పుం	1	5
శ్శ్హ్యా	1	8
ళ్యే	1	4
భ్యోం	1	5
చిః	1	3
గ్భా	1	4
ర్థ్యాం	1	7
స్ధై	1	4
ధ్హ్య	1	5
ప్త్య	1	5
ఘ్నాం	1	5
కైః	1	3
త్నై	1	4
~	1	1
లైః	1	3
ల్ఫౌ	1	4
ర్ణౌ	1	4
ద్దేః	1	5
స్రై	1	4
బః	1	2
చ్ఛృ	1	4
గుు	1	3
చ్ను	1	4
స్ట్వా	1	6
న్నిి	1	5
ల్ఫిం	1	5
ప్చు	1	4
<	1	1
శ్కే	1	4
చ్టు	1	4
మ్పే	1	4
నుంి	1	4
స్ర్	1	4
న్ఫే	1	4
థ్రూ	1	4
వ్దా	1	4
న్గాం	1	5
ష్డీ	1	4
స్వొ	1	4
ఫ్లొ	1	4
ఖ్విం	1	5
శ్తో	1	4
ర్త్ూ	1	5
ూ	1	1
ర్డ్స్లో	1	8
ప్జీ	1	4
ర్ఝి	1	4
మ్కాం	1	5
హ్ట్	1	4
త్జ	1	3
ర్స్కా	1	6
ర్త్రాం	1	7
డ్దే	1	4
స్చ్	1	4
క్స్కి	1	6
చ్ర	1	3
గ్వో	1	4
హ్నె	1	4
ర్స్గా	1	6
క్యూం	1	5
ఝ్ఝ	1	3
ధ్దా	1	4
న్స్ని	1	6
న్గె	1	4
ర్స్ని	1	6
థ్వే	1	4
ర్గ్గా	1	6
)్	1	2
శ్గా	1	4
బ్ల్లి	1	6
ర్ట్రా	1	6
బ్తీ	1	4
వ్లె	1	4
ర్నౌ	1	4
శాా	1	3
బ్టూ	1	4
క్స్బ్రి	1	8
న్క్లి	1	6
ఘ్లి	1	4
రు్	1	3
చ్లో	1	4
శ్నః	1	4
ర్ద్రా	1	6
ప్యే	1	4
థః	1	2
ష్యః	1	4
ర్పాః	1	5
త్యాః	1	5
వీః	1	3
స్తః	1	4
భ్ణీ	1	4
ష్ఠ్యా	1	6
చ్యే	1	4
వుః	1	3
ర్వృ	1	4
భ్రాః	1	5
ఢాః	1	3
చ్ఛ్రో	1	6
”ం	1	2
ష్ఠః	1	4
గ్జు	1	4
గ్రః	1	4
స్త్యౌ	1	6
ష్ఠౌ	1	4
క్ష్నీ	1	6
వ్ధా	1	4
ప్స్ద	1	5
జ్త్య	1	5
న్ర్సిం	1	7
స్వ్యం	1	6
న్ఫ్లు	1	6
ప్స్టీ	1	6
ధ్ధె	1	4
ద్ధ్వీ	1	6
ఫ్య	1	3
స్స్వ	1	5
ర్గాః	1	5
ష్ట్టం	1	6
న్టూ	1	4
ల్ల్యు	1	6
ట్క్నా	1	6
ఖ్రం	1	4
జ్ఝా	1	4
కేే	1	3
దుా	1	3
ిి	1	2
సిీ	1	3
గుా	1	3
డుా	1	3
వంం	1	3
స్ట్ర్రా	1	8
స్చ్వా	1	6
ఢ్గం	1	4
త్శా	1	4
ణింం	1	4
త్త్	1	4
స్ఫ్రూ	1	6
ర్య్క్ర	1	7
చ్మా	1	4
ర్వూ	1	4
జూూ	1	3
ప్తోం	1	5
హ్యూం	1	5
ఛ్ఛిం	1	5
ష్రం	1	4
ప్డె	1	4
క్ణి	1	4
గ్ధో	1	4
చ్జు	1	4
ఖ్ఖా	1	4
ద్వో	1	4
రంం	1	3
ష్మై	1	4
ద్ధ్రా	1	6
క్స్ల్	1	6
న్ద్రి	1	6
ళ్ను	1	4
త్ర్యాః	1	7
గ్నిః	1	5
ష్ణః	1	4
దాః	1	3
ర్త్యై	1	6
హ్మః	1	4
క్ష్మ్యే	1	8
త్యై	1	4
త్ర్యై	1	6
స్వః	1	4
ర్గః	1	4
స్యః	1	4
స్మ్ర	1	5
ఱెం	1	3
డ్యో	1	4
భ్లో	1	4
ల్డ్గా	1	6
ప్రాః	1	5
క్ష్ల	1	5
ధ్దే	1	4
జ్గ్ఞా	1	6
ఖ్షి	1	4
ణ్డూ	1	4
మ్ర్థం	1	6
త్త్తె	1	6
స్త్థా	1	6
క్ర్గ	1	5
ష్నె	1	4
మ్మ్కె	1	6
మ్మ్కే	1	6
థ్లా	1	4
క్స్లు	1	6
స్ప్	1	4
స్థ్యా	1	6
నుి	1	3
ఖ్యుం	1	5
త్కీ	1	4
జ్చూ	1	4
ట్ట్ఛ	1	5
ధ్యి	1	4
ఫ్ఫ్ర్	1	6
క్ఫా	1	4
ఛ్నీ	1	4
క్లేం	1	5
వ్హిం	1	5
మ్డీ	1	4
క్న్నా	1	6
స్త్య్రీ	1	8
ర్క్వే	1	6
ప్గ్రే	1	6
త్స్వం	1	6
త్స్రం	1	6
ధ్రాం	1	5
ర్ట్మ	1	5
ర్ట్రె	1	6
హ్కు	1	4
వ్స్త్రం	1	8
స్ప్రే	1	6
ఫ్లీ	1	4
న్నాి	1	5
స్ప్రో	1	6
ద్ద్యా	1	6
య్స్త	1	5
చ్నా	1	4
ర్స్ప	1	5
క్ర్మం	1	6
స్త్య్హ	1	7
ట్ర్	1	4
థ్మే	1	4
ర్డ్శ్	1	6
భ్భి	1	4
య్ం	1	3
క్చి	1	4
కిిి	1	4
ష్కీ	1	4
త్ర్ం	1	5
స్ల్మో	1	6
మ్మ్యు	1	6
క్యై	1	4
డ్రోం	1	5
గ్గ్గ	1	5
ల్తె	1	4
ర్ఖి	1	4
లాః	1	3
జుః	1	3
ముః	1	3
ణ్న	1	3
ళ్సో	1	4
ళ్బ	1	3
ష్ట్యై	1	6
చ్చే్దా	1	7
ద్య్త	1	5
గ్భి	1	4
ణ్ద	1	3
ణ్ఱ	1	3
య్గెం	1	5
ళ్గె	1	4
య్దు	1	4
య్దొ	1	4
త్పెం	1	5
న్యె	1	4
ణొం	1	3
ళ్వె	1	4
ఢ్ల	1	3
న్పే	1	4
ర్ఠం	1	4
ల్శా	1	4
ర్శ్హ	1	5
ర్్మి	1	5
ళైం	1	3
ద్ర్	1	4
బ్తె	1	4
ఖ్ధూం	1	5
ఫ్రిం	1	5
హ్నే	1	4
జ్బూ	1	4
ట్మ	1	3
వ్వ్వ	1	5
ష్థా	1	4
మ్శ	1	3
ఖ్హ	1	3
డ్ద్దు	1	6
శ్ట	1	3
డ్య్డూ	1	6
చేే	1	3
ణ్నుం	1	5
చ్ఛ్	1	4
ర్క్కు	1	6
ర్ప్లో	1	6
ర్డ్స్వె	1	8
ద్ధ్తి	1	6
గ్దె	1	4
జ్ఝె	1	4
న్షే	1	4
క్జు	1	4
ర్ప్ర	1	5
ట్క్	1	4
ఫ్లాం	1	5
దిఁ	1	3
య్యఁ	1	4
న్మౌ	1	4
ల్క్తో	1	6
త్బా	1	4
ష్ఠ్ఱం	1	6
శ్ఛే	1	4
స్చీ	1	4
స్గీ	1	4
ప్జి	1	4
గ్యీ	1	4
ప్సే	1	4
ట్ద్	1	4
న్హీం	1	5
న్పె	1	4
ల్థ	1	3
ల్స్లు	1	6
వ్లొ	1	4
ప్సైం	1	5
ల్యె	1	4
ఱ్లు	1	4
ణ్ణౌ	1	4
శ్నై	1	4
డ్ల్లీ	1	6
క్త్యం	1	6
భ్హం	1	4
ట్జు	1	4
మ్హె	1	4
వ్చెం	1	5
స్థ్యం	1	6
లే్	1	3
మ్గ	1	3
ష్ఫై	1	4
స్ధే	1	4
ష్రె	1	4
న్ర్	1	4
న్స్యు	1	6
శ్శో	1	4
బ్సా	1	4
ర్ప్ష	1	5
డ్నుం	1	5
ల్శో	1	4
చ్ఛృం	1	5
వ్త	1	3
బ్ర్రాం	1	7
పంు	1	3
ధ్ధిం	1	5
ణ్ణో	1	4
గ్స్లో	1	6
స్లై	1	4
క్సెం	1	5
ప్పూం	1	5
ర్ఠిం	1	5
ఢ్లు	1	4
ల్ల్లు	1	6
గ్బ్రాం	1	7
న్తం	1	4
ర్ప్యూ	1	6
త్తేం	1	5
ర్క్తో	1	6
ర్ఢం	1	4
ర్ఢా	1	4
స్రృ	1	4
హ్గా	1	4
ఘ్వా	1	4
ర్ఠ్	1	4
ర్హె	1	4
య్పూ	1	4
హ్సే	1	4
క్ళ	1	3
వ్ళ	1	3
కింం	1	4
ప్జా	1	4
ర్మీం	1	5
బ్ర్రి	1	6
ప్డ్	1	4
ల్ఛె	1	4
స్టృ	1	4
ట్టుూ	1	5
థ్ని	1	4
కిృ	1	3
స్త్ర్రా	1	8
న్య్	1	4
ర్మ్యా	1	6
ల్వ్లే	1	6
ఛ్ఛం	1	4
న్సాం	1	5
దిి	1	3
ర్పేం	1	5
భొం	1	3
న్జ్యూ	1	6
య్డ్	1	4
ఫిఁ	1	3
న్లె	1	4
స్ఠీ	1	4
ర్క్రి	1	6
ప్వూ	1	4
క్స్స	1	5
ద్నె	1	4
ఇైం	1	3
నుొ	1	3
య్ను	1	4
న్ఖా	1	4
బ్ద్	1	4
ప్త్స్	1	6
పౖం	1	3
కిి	1	3
తూౖ	1	3
చ్నే	1	4
స్త్త్ర	1	7
స్నం	1	4
భ్లి	1	4
ష్ర్క	1	5
నైః	1	3
క్ష్ణు	1	6
జ్ఙం	1	4
ద్వేం	1	5
న్త్ర	1	5
ష్థం	1	4
త్వీ	1	4
క్స్ం	1	5
ణ్మూ	1	4
న్బొ	1	4
ద్వృ	1	4
సైఁ	1	3
స్త్యుఁ	1	7
స్త్రాం	1	7
ల్సొ	1	4
మ్చే	1	4
వ్దం	1	4
ధ్ర్వ	1	5
ధ్దు	1	4
ప్తిః	1	5
మాః	1	3
మ్ధు	1	4
ర్జ్గ	1	5
త్ర్త	1	5
ష్ట్ని	1	6
భ్న్బా	1	6
ట్ట్టిం	1	7
వ్స్తుం	1	7
ద్డి	1	4
దౌం	1	3
ర్క్ష్యు	1	8
ష్ణోః	1	5
ష్ణౌ	1	4
ఙ్ఞు	1	4
నుెం	1	4
ల్ఛూ	1	4
ఝ్మా	1	4
క్వీం	1	5
జ్లీ	1	4
బ్య్	1	4
ఱ్రు	1	4
లెఁ	1	3
ద్న్యు	1	6
హ్య్	1	4
స్త్గా	1	6
థోం	1	3
పీం	1	3
మ్రుం	1	5
ప్ట్లు	1	6
క్ఛ్ర	1	5
ద్ఫ్రా	1	6
త్డి	1	4
చ్న	1	3
ష్ర్యూ	1	6
ణ్ద్ర	1	5
థ్ధ	1	3
య్హిం	1	5
నే్న	1	4
ప్లుం	1	5
డ్ం	1	3
ఫ్గీ	1	4
త్థ్	1	4
ర్గై	1	4
శ్చ్య	1	5
ల్భ్యు	1	6
స్త్యః	1	6
ట్తే	1	4
షుం	1	3
ర్ఝ	1	3
క్ప్రి	1	6
క్ష్మో	1	6
ట్టఁ	1	4
స్స్యాం	1	7
ష్ట్వా	1	6
ష్ణ్వం	1	6
మ్నుఁ	1	5
ద్ధుఁ	1	5
మ్భు	1	4
క్తాృ	1	5
క్త్రాం	1	7
ద్త్యై	1	6
శ్రీం	1	5
క్త్యౌ	1	6
గ్ధౌ	1	4
డ్గౌ	1	4
క్త్రే	1	6
క్ద్సా	1	6
ద్యై	1	4
బ్జై	1	4
న్త్యై	1	6
ర్వౌ	1	4
మ్క్	1	4
శ్బ	1	3
ర్వ్త	1	5
ఠ్శ	1	3
క్షొ	1	4
ఙ్ణ	1	3
చ్యుం	1	5
ట్తా	1	4
జ్రేం	1	5
ష్ణూ	1	4
తైః	1	3
త్క్రు	1	6
శ్లొ	1	4
క్రేం	1	5
ర్తిః	1	5
బ్డం	1	4
క్సం	1	4
మ్యః	1	4
డ్విం	1	5
ట్తి	1	4
ప్ప్పి	1	6
చ్ల	1	3
ద్బీ	1	4
శ్మా	1	4
ట్డు	1	4
ల్దె	1	4
న్చ్మె	1	6
ట్చె	1	4
కెె	1	3
క్చ్యం	1	6
త్య్మ	1	5
ఙ్ఞ్న	1	5
హ్నో	1	4
ళః	1	2
ప్ం	1	3
క్చే	1	4
చ్ఛ్హా	1	6
డ్ర్రి	1	6
త్జొ	1	4
ల్మ్స	1	5
ష్ట్ణ	1	5
న్లం	1	4
య్గా	1	4
తో్వ	1	4
రుీ	1	3
ఫ్ఫం	1	4
ష్ణ్భు	1	6
డ్తే	1	4
ధ్యూ	1	4
క్ము	1	4
¬	1	1
థ్య్	1	4
ణ్య్హం	1	6
ర్స్క్యూ	1	8
థ్ను	1	4
హ్య్హ	1	5
ష్హ్టి	1	6
హ్స్యా	1	6
గ్ఫ	1	3
క్లీం	1	5
ర్ఛా	1	4
త్డు	1	4
ర్గ్తం	1	6
ష్నీ	1	4
క్బు	1	4
గ్గెం	1	5
ల్స్మ్	1	6
క్డీ	1	4
హూఁ	1	3
ఞ్జ	1	3
యాా	1	3
ర్ద్ధం	1	6
నే్	1	3
క్ఫ	1	3
శ్ఛీం	1	5
ష్సీ	1	4
శేం	1	3
ష్టుం	1	5
గ్రౌ	1	4
ధ్విఁ	1	5
న్వీం	1	5
నెఁ	1	3
ష్టః	1	4
స్తౌ	1	4
ఢుఁ	1	3
చెఁ	1	3
త్యుఁ	1	5
ల్యుం	1	5
య్యుఁ	1	5
సఁ	1	2
ఖ్యుఁ	1	5
బుఁ	1	3
వ్చా	1	4
క్ష్ణ	1	5
మ్యే	1	4
ద్వః	1	4
క్ష్మేం	1	7
థ్తో	1	4
ల్రే	1	4
ష్ఱ	1	3
త్భ	1	3
ఴం	1	2
బ్ధ్	1	4
బ్భ	1	3
థీం	1	3
స్తుా	1	5
న్ం	1	3
చ్కా	1	4
య్యై	1	4
డ్క్ష	1	5
ర్ధ్త	1	5
స్త్తుం	1	7
శ్ర్రీ	1	6
ర్బ్రి	1	6
స్ర్తుం	1	7
జ్యె	1	4
స్ఫ్యః	1	6
గ్నిం	1	5
గూః	1	3
త్ఖం	1	4
ర్స్వా	1	6
ప్తో	1	4
బ్నిం	1	5
త్స్స	1	5
ళ్ళ్డ	1	5
ప్పెం	1	5
త్భు	1	4
{	1	1
చ్ప్పి	1	6
ర్ర్వో	1	6
న్వ్లా	1	6
శ్లి	1	4
శ్పా	1	4
ర్డ్స్ర	1	7
బ్భు	1	4
స్టూం	1	5
బ్యే	1	4
ఘ్వు	1	4
ణ్డ్ర	1	5
త్ర్యే	1	6
ర్డ్లు	1	6
డేె	1	3
మ్ఘ	1	3
ర్మౌ	1	4
జ్జ్నే	1	6
ర్రొం	1	5
క్తః	1	4
జ్యీ	1	4
ఖుఁ	1	3
స్ఖ	1	3
ద్భి	1	4
న్దూ	1	4
మ్బి	1	4
జాః	1	3
ర్జ్యో	1	6
ద్బ్ర	1	5
ర్ఖై	1	4
గీః	1	3
గౌః	1	3
జూం	1	3
శ్రీః	1	5
ష్వి	1	4
ద్న్య	1	5
ద్డా	1	4
జ్లు	1	4
డ్ఢి	1	4
శ్యే	1	4
ఌ	1	1
ద్యొ	1	4
ద్ఖ	1	3
ళ్లోం	1	5
ల్ధా	1	4
ఖ్ర	1	3
క్థా	1	4
ర్బ్హం	1	6
ష్ట్ర్ర	1	7
థ్హ్	1	4
ష్త్రం	1	6
వ్న్	1	4
చ్టిం	1	5
గ్ర్ర్రా	1	8
క్దుం	1	5
ప్యూం	1	5
ధ్వు	1	4
ద్పే	1	4
హింం	1	4
క్శా	1	4
ట్ట్టూ	1	6
మ్యె	1	4
బుూ	1	3
ట్ట్నా	1	6
ట్ట్ల్ల	1	7
న్న్డ	1	5
ల్లెి	1	5
బోో	1	3
ళ్మా	1	4
వ్వ్వు	1	6
ద్థం	1	4
ర్ట్ను	1	6
య్త్నం	1	6
ష్ట్త	1	5
బ్నూ	1	4
క్టొ	1	4
గ్ర్త	1	5
మ్శ్వ	1	5
డ్పె	1	4
వ్ప్రై	1	6
టుు	1	3
గోొ	1	3
శెె	1	3
డ్డ్డు	1	6
ల్ల్వే	1	6
ళ్ల్లో	1	6
ష్ఠ్రిం	1	7
ర్య్	1	4
ళ్యెం	1	5
థైం	1	3
క్క్	1	4
క్ట్శ్	1	6
ణ్డి	1	4
ట్లొం	1	5
ర్స్దు	1	6
మ్పె	1	4
ద్ధొ	1	4
}	1	1
ర్భీ	1	4
ర్శ్వ్	1	6
బ్మా	1	4
స్మిం	1	5
త్య్మం	1	6
క్ష్రే	1	6
★	1	1
వ్త్స	1	5
శ్ష	1	3
గ్థా	1	4
మ్జ్	1	4
గ్ఢ	1	3
క్స్కూ	1	6
ట్కె	1	4
డ్ల్	1	4
ట్రోై	1	5
ద్ధ్దే	1	6
ట్ట్ట	1	5
హ్డీ	1	4
డ్పి	1	4
శ్హ్రి	1	6
శ్హ్వ	1	5
ణ్ణుం	1	5
ర్థె	1	4
తోే	1	3
పోె	1	3
ళ్ల్లు	1	6
ఖ్య్	1	4
క్జేం	1	5
ఢ్రి	1	4
ష్ట్నా	1	6
హ్నాం	1	5
న్న్ని	1	6
క్ష్ప్రె	1	8
మ్మెా	1	5
త్ఛ్	1	4
ద్ద్య్స్	1	8
ష్ర్ఫ	1	5
క్శె	1	4
లెో	1	3
ఖ్లు	1	4
ల్త్తు	1	6
లెే	1	3
ణ్భ	1	3
డ్ద్ల	1	5
న్లౌ	1	4
చ్డ్	1	4
త్త్లు	1	6
గ్లొ	1	4
న్ఛ	1	3
న్ద్రు	1	6
ఆా	1	2
స్తై	1	4
న్ద్ల	1	5
న్వేం	1	5
న్చే	1	4
ర్యై	1	4
ద్మః	1	4
ణిః	1	3
ర్ర్ర	1	5
శ్వ్రం	1	6
ఢ్యూ	1	4
ప్భు	1	4
ర్లుు	1	5
డ్టె	1	4
ర్ళ	1	3
ల్క్స్పే	1	8
ర్ద్వా	1	6
వ్మి	1	4
మ్వి	1	4
ప్థ	1	3
క్స్త్రా	1	8
గ్కి	1	4
త్జ్	1	4
ద్దైం	1	5
గ్హాం	1	5
స్తిః	1	5
గ్ర్భాం	1	7
జ్మె	1	4
ద్కీ	1	4
ధ్థ	1	3
ర్ధుం	1	5
స్మ్యు	1	6
నేె	1	3
బ్గా	1	4
ఢ్డు	1	4
ప్వు	1	4
ర్ల్డ్	1	6
ర్య్య	1	5
డ్తాం	1	5
య్క	1	3
ద్ద్ధి	1	6
తెో	1	3
ద్బి	1	4
టుంం	1	4
ప్త్రి	1	6
న్స్పై	1	6
జ్లం	1	4
ర్వ్డ్	1	6
3ం	1	2
త్ధి	1	4
స్ప్లాం	1	7
వ్పా	1	4
క్స్ఫి	1	6
ద్య్త్తు	1	8
ర్బ్న్	1	6
భ్వృ	1	4
స్ప్లె	1	6
జ్జ్ఞా	1	6
ద్పం	1	4
బ్భి	1	4
ప్సిం	1	5
స్వ్తె	1	6
చేేేే	1	5
త్టి	1	4
స్య్హు	1	6
త్స్త్వు	1	8
వ్వాం	1	5
తంం	1	3
స్రీ్తు	1	7
ె	1	1
బి్రం	1	5
క్రిం్	1	6
సం్	1	3
యి్ర	1	4
ద్ర్ధ	1	5
ద్ధ్జ	1	5
స్త్స	1	5
భ్త్వం	1	6
క్ల్ష్మి	1	8
ఖ్హ్యం	1	6
న్న్వె	1	6
న్ట్స్	1	6
న్ట	1	3
ర్ర్రి	1	6
ద్ర్లు	1	6
గ్త్రా	1	6
బ్యం	1	4
చ్కు	1	4
త్త్గ	1	5
డింం	1	4
ల్దిం	1	5
స్శా	1	4
న్్	1	3
ణ్ణిం	1	5
ల్ఫ్యూ	1	6
బ్ర్హ	1	5
ద్డ్ల	1	5
దేే	1	3
త్శ్య	1	5
స్పిం	1	5
స్మ్	1	4
ో	1	1
గ్రుు	1	5
భః	1	2
స్త్వా	1	6
త్ల్ప	1	5
ఛ్హా	1	4
స్నః	1	4
క్త్యు	1	6
క్గూ	1	4
స్స్థా	1	6
ద్ధ్హ	1	5
డ్జు	1	4
ర్బ్సె	1	6
బ్స్కూ	1	6
గ్స	1	3
వ్సి	1	4
ష్షిం	1	5
ళ్సి	1	4
ర్ర్ర్లి	1	8
జ్నం	1	4
ఁ	1	1
గ్క్రి	1	6
ఖ్నూ	1	4
ఖ్సా	1	4
చ్రే	1	4
ప్న్యా	1	6
త్త్వె	1	6
త్వె	1	4
గ్ష	1	3
ఫ్ఫా	1	4
ఫ్షా	1	4
బ్ఖ	1	3
బ్గ	1	3
బ్సె	1	4
బ్సో	1	4
బ్స్క్యూ	1	8
బ్స్ట్ర	1	7
ద్న్యా	1	6
గ్షు	1	4
డ్మెం	1	5
మ్గు	1	4
మ్టా	1	4
మ్ఫె	1	4
య్మో	1	4
ళ్ని	1	4
ర్ఘు	1	4
ర్ధేం	1	5
ర్ధ్	1	4
ర్ష్ట్	1	6
ర్స్లా	1	6
క్ష్యేం	1	7
ష్బా	1	4
ఫ్టా	1	4
ర్డై	1	4
ళ్వం	1	4
ట్రోం	1	5
వ్నీ	1	4
వ్నా	1	4
త్ద	1	3
ష్టె	1	4
స్ప్లి	1	6
హ్తో	1	4
హ్బే	1	4
ద్జా	1	4
క్జ్	1	4
ర్మ్యం	1	6
క్డ్రా	1	6
గ్ఫా	1	4
త్యః	1	4
బ్స్ట్రా	1	8
మ్నీ	1	4
మ్లాం	1	5
ష్షి	1	4
క్పం	1	4
య్కే	1	4
య్సే	1	4
ర్చ్బో	1	6
ఴ	1	1
ల్క్లో	1	6
ల్గ్లూ	1	6
ల్ట్మా	1	6
ల్ట్రే	1	6
ల్ప్రా	1	6
ల్బ్రె	1	6
ష్ఫో	1	4
స్గ్రా	1	6
క్స్కే	1	6
ట్డ్	1	4
ఫ్త్క	1	5
ఫ్ఫీ	1	4
మ్తి	1	4
స్ట్సెం	1	7
స్నిం	1	5
న్పై	1	4
ప్ప్ర	1	5
మ్స్నిం	1	7
య్గు	1	4
త్నె	1	4
క్బో	1	4
క్స్పీ	1	6
డ్మోం	1	5
ర్స్మెం	1	7
బ్స్టీ	1	6
గ్హా	1	4
ల్టిం	1	5
స్క్వై	1	6
స్థె	1	4
న్టొ	1	4
స్ట్రొ	1	6
ర్గ్ఫో	1	6
ష్లా	1	4
చ్సే	1	4
ట్సీ	1	4
ర్లీం	1	5
ష్కె	1	4
స్బో	1	4
క్చిం	1	5
చ్చ్	1	4
ట్ఘో	1	4
ట్జూ	1	4
ట్య్రా	1	6
ణ్క	1	3
ణ్ణూ	1	4
న్కం	1	4
న్హం	1	4
న్హె	1	4
న్హై	1	4
మ్మొం	1	5
మ్లుం	1	5
మ్ల్	1	4
మ్షా	1	4
ట్గి	1	4
ల్టౌ	1	4
ష్ఫీ	1	4
స్డో	1	4
హ్ఫా	1	4
గ్స్వో	1	6
త్థ్సం	1	6
క్పి	1	4
జ్చా	1	4
థ్లీ	1	4
ప్ప్యా	1	6
ప్సూ	1	4
బ్డె	1	4
మ్డె	1	4
ర్బ్యు	1	6
ర్యీ	1	4
ర్స్టీ	1	6
ష్ట్వ	1	5
ష్త్వ	1	5
ష్త్వా	1	6
డ్గో	1	4
జ్న్	1	4
ట్ట్యే	1	6
శ్మాం	1	5
ష్ణె	1	4
ష్ణ్	1	4
·	1	1
య్డ	1	3
ర్స్టి	1	6
ల్సో	1	4
ల్యో	1	4
ట్యే	1	4
చ్లి	1	4
బ్క	1	3
స్ట్లె	1	6
ర్ట్హౌ	1	6
స్గే	1	4
క్ఖ	1	3
క్గ	1	3
క్ఘ	1	3
క్ఙ	1	3
స్బీ	1	4
ష్ద	1	3
స్ట్సి	1	6
క్రృ	1	4
క్లెం	1	5
ప్ఫి	1	4
ద్కి	1	4
ల్హ్రిం	1	7
వ్ల్రిం	1	7
ట్గాం	1	5
ట్మాం	1	5
ష్ది	1	4
ష్బీ	1	4
ఖృ	1	2
ఖౄ	1	2
ఖ్క	1	3
ఖ్గ	1	3
ఖ్ఘ	1	3
ఖ్ఙ	1	3
ఖ్లె	1	4
న్వో	1	4
ర్భాం	1	5
ర్ల్ఫ్రెం	1	9
ర్హ్వా	1	6
హ్టో	1	4
గ్టే	1	4
డ్బో	1	4
బ్ర్	1	4
ట్హ	1	3
గౄ	1	2
ర్ట్రూ	1	6
ర్డ్సె	1	6
హ్లో	1	4
ల్జాం	1	5
వ్జీ	1	4
ఖ్పూ	1	4
ఫ్టే	1	4
షైం	1	3
హ్పూ	1	4
గ్ఖ	1	3
గ్ఘ	1	3
గ్ఙ	1	3
గ్జె	1	4
గ్యోం	1	5
మ్స్ట	1	5
ఘౄ	1	2
ఘోం	1	3
ఘ్క	1	3
ఘ్ఖ	1	3
ఘ్గ	1	3
ఘ్ఙ	1	3
ఙి	1	2
ఙీ	1	2
ఙూ	1	2
ఙృ	1	2
ఙౄ	1	2
ఙే	1	2
ఙొ	1	2
ఙో	1	2
ఙౌ	1	2
ఙ్క	1	3
ఙ్ఖ	1	3
ఙ్గ	1	3
ఙ్ఘ	1	3
ఙ్ఙ	1	3
డ్జే	1	4
క్స్వ	1	5
ప్నీ	1	4
ప్మ	1	3
వ్డా	1	4
చృ	1	2
చౄ	1	2
ప్క్వో	1	6
చ్ఖ	1	3
చ్గ	1	3
చ్ఘ	1	3
చ్ఙ	1	3
చ్మె	1	4
ఛృ	1	2
ఛౄ	1	2
ఛ్క	1	3
ఛ్ఖ	1	3
ఛ్గ	1	3
ఛ్ఘ	1	3
ఛ్ఙ	1	3
మ్వా	1	4
న్క్స్	1	6
జౄ	1	2
జ్ఖ	1	3
జ్ఘ	1	3
ఝృ	1	2
ఝౄ	1	2
ఝై	1	2
ఝోం	1	3
ఝ్క	1	3
ఝ్ఖ	1	3
ఝ్గ	1	3
ఝ్ఘ	1	3
ఝ్ఙ	1	3
ఞి	1	2
ఞీ	1	2
ఞు	1	2
ఞూ	1	2
ఞృ	1	2
ఞౄ	1	2
ఞె	1	2
ఞే	1	2
ఞై	1	2
ఞొ	1	2
ఞో	1	2
ఞౌ	1	2
ఞ్క	1	3
ఞ్ఖ	1	3
ఞ్గ	1	3
ఞ్ఘ	1	3
ఞ్ఙ	1	3
డ్షా	1	4
టృ	1	2
టౄ	1	2
ల్ట్ష్	1	6
ట్సే	1	4
ఠూ	1	2
ఠృ	1	2
ఠౄ	1	2
ఠై	1	2
ఠొ	1	2
ఠౌ	1	2
డృ	1	2
డౄ	1	2
న్వాం	1	5
ప్సాం	1	5
స్క్లో	1	6
డ్ఢ	1	3
ఢృ	1	2
ఢౄ	1	2
ఢై	1	2
ఢొ	1	2
ఢౌ	1	2
ణృ	1	2
ణౄ	1	2
ణొ	1	2
ణౌ	1	2
గ్మాం	1	5
తౄ	1	2
థౄ	1	2
దౄ	1	2
న్హ్జీ	1	6
ధౄ	1	2
ఖ్వీ	1	4
గ్ఖం	1	4
గ్స్టో	1	6
ర్డ్లి	1	6
నౄ	1	2
ర్ట్యే	1	6
న్ఖ్వా	1	6
చ్ప	1	3
ర్వ్స్	1	6
వ్డే	1	4
వ్లెం	1	5
చ్డి	1	4
చ్డీ	1	4
పౄ	1	2
ర్ఫ్రిం	1	7
ఖ్రి	1	4
ల్స్కీ	1	6
త్దా	1	4
ప్క్	1	4
ప్ఫా	1	4
ప్ట్రే	1	6
ట్జ్గె	1	6
ల్మ్ఫే	1	6
ఫౄ	1	2
ల్డ్ట్	1	6
చ్లీ	1	4
చ్స్	1	4
ట్ట్రో	1	6
ర్క్లీ	1	6
ర్న్యా	1	6
క్స్ట	1	5
గ్చి	1	4
ర్ట్న	1	5
మ్రూ	1	4
ర్ట్లె	1	6
ర్బ్యూ	1	6
జ్స్	1	4
ల్చ్	1	4
బౄ	1	2
గ్ట్స	1	5
జ్జాం	1	5
ర్గ్లం	1	6
ర్గ్స్మా	1	8
ర్టాం	1	5
ర్న్స్టీ	1	8
ర్స్కె	1	6
వ్మా	1	4
మ్హో	1	4
బ్జో	1	4
జ్సే	1	4
య్కిం	1	5
భౄ	1	2
ష్రు	1	4
ర్క్శ్	1	6
జ్త	1	3
స్ల్మా	1	6
క్గీ	1	4
ఘ్ట	1	3
థ్వా	1	4
న్ః	1	3
ల్చో	1	4
మెు	1	3
య్రి	1	4
హ్సి	1	4
ట్షో	1	4
మ్యుం	1	5
ట్చెం	1	5
యృ	1	2
యౄ	1	2
ణ్ప	1	3
త్లాం	1	5
ష్దీ	1	4
ష్మె	1	4
బ్ష్టి	1	6
రాా	1	3
రౄ	1	2
స్స్ల	1	5
ఱీ	1	2
ఱృ	1	2
ఱౄ	1	2
ఱౌ	1	2
గ్పి	1	4
ఖ్స్	1	4
ల్మిం	1	5
డ్స్లీ	1	6
ఫ్షి	1	4
వ్స్క	1	5
లృ	1	2
లౄ	1	2
మ్కే	1	4
మ్తూ	1	4
ళృ	1	2
ళౄ	1	2
ళౌ	1	2
ఴా	1	2
ఴి	1	2
ఴీ	1	2
ఴు	1	2
ఴూ	1	2
ఴృ	1	2
ఴౄ	1	2
ఴె	1	2
ఴే	1	2
ఴై	1	2
ఴొ	1	2
ఴో	1	2
ఴౌ	1	2
ర్కౌ	1	4
ర్జ్యం	1	6
ల్స్ట్	1	6
ఘ్మో	1	4
జ్క్వె	1	6
ర్డ్లా	1	6
ౙ్మ	1	3
జ్డె	1	4
ల్గ్రె	1	6
డ్నె	1	4
ట్హె	1	4
వ్రిం	1	5
శౄ	1	2
షౄ	1	2
ష్రో	1	4
మ్యొ	1	4
ల్ఫూ	1	4
క్స్బీ	1	6
డ్మో	1	4
ప్ట్రి	1	6
థ్నా	1	4
బ్తి	1	4
ల్హీ	1	4
స్జా	1	4
స్జో	1	4
ట్స్లో	1	6
స్నై	1	4
స్బై	1	4
స్య్త్రా	1	8
ట్స్క	1	5
స్ల్యూ	1	6
ఫ్మ	1	3
ఫ్మో	1	4
ఫ్స్టా	1	6
ర్ట్జే	1	6
ర్ట్లీ	1	6
ల్బౌ	1	4
ల్స్టె	1	6
హౄ	1	2
ప్బ	1	3
ష్చెం	1	5
య్టే	1	4
ల్స్టీ	1	6
స్కిం	1	5
఼	1	1
ౢ	1	1
ౣ	1	1
