า	3255205	1
น	2229965	1
เ	1849991	1
ร	1790547	1
ง	1740479	1
อ	1737123	1
ก	1530150	1
ม	1118508	1
ย	1054200	1
ะ	903285	1
ล	855280	1
ว	790404	1
แ	713788	1
บ	663304	1
ส	642314	1
ค	638424	1
ด	603064	1
ห	598334	1
พ	537669	1
ท	508676	1
ต	496213	1
ป	453833	1
ใ	434067	1
ไ	424785	1
โ	412392	1
ศ	365826	1
จ	362849	1
ช	322603	1
ข	301425	1
ที่	296341	3
ร์	200942	2
ป็	198064	2
.	185024	1
ด้	181554	2
มี	170599	2
ษ	164845	1
วั	161963	2
รั	160131	2
ภ	157081	1
ณ	140746	1
กั	139329	2
รี	137003	2
ริ	126972	2
วิ	122305	2
ต่	117654	2
ธ	117148	1
ลั	115717	2
ติ	105329	2
ว่	104607	2
นั	98377	2
ญ	93340	1
ม่	89480	2
ถ	86934	1
จั	81783	2
ซ	79306	1
ปี	77909	2
นิ	76495	2
ห้	75767	2
กิ	67926	2
ดี	66357	2
ฐ	65407	1
ฟ	64244	1
บั	63891	2
ข้	63111	2
ย์	62640	2
อั	61302	2
สุ	60294	2
ผู้	59965	3
ล้	59000	2
สั	58897	2
ช่	58202	2
ต้	58045	2
ตั	56652	2
ล่	55717	2
ร้	54893	2
ก่	54265	2
รื	53843	2
มื	53811	2
อิ	52516	2
จ้	51225	2
ดิ	50974	2
มิ	48826	2
ผ	48788	1
มั	48207	2
ลิ	47648	2
ๆ	46707	1
พิ	46570	2
พั	46388	2
ช้	46124	2
ดั	45623	2
ส่	45279	2
สิ	45168	2
ทำ	44921	2
สี	44328	2
ยู่	44275	3
ซึ่	44230	3
นี้	44144	3
ถึ	42313	2
ฤ	41791	1
คื	40979	2
มื่	40964	3
ตั้	40700	3
ย่	40396	2
นี	40009	2
ก็	39938	2
ชื่	39771	3
ตำ	39044	2
บุ	38995	2
ชิ	38474	2
สำ	38157	2
จำ	37806	2
ชี	37614	2
ห่	37572	2
รื่	36745	3
ยุ	36743	2
นั้	36442	3
น้	35581	2
ร่	35480	2
ค์	35125	2
ธิ	34571	2
ณ์	34541	2
ขึ้	33574	3
รุ	33311	2
ทั้	33269	3
ต์	32762	2
ยั	31786	2
ลี	31773	2
จุ	30693	2
ทั	30391	2
ตุ	30280	2
ด็	29790	2
อำ	29710	2
รู	29394	2
ฉ	29385	1
อี	29300	2
ฮ	29086	1
น้ำ	28912	3
ปั	28873	2
จิ	28241	2
ที	28100	2
ส์	27363	2
น่	27107	2
กุ	26959	2
ท่	26896	2
อุ	26767	2
รั้	26467	3
สู	26431	2
น์	26220	2
นุ	25764	2
ซี	25711	2
คำ	24412	2
บิ	24183	2
วี	24016	2
ศึ	23381	2
ทิ	23078	2
ศั	22840	2
พื่	22778	3
หั	22231	2
ปิ	22025	2
ถู	21730	2
มู	21540	2
-	21216	1
กำ	21145	2
อื่	20932	3
คั	20750	2
นำ	20311	2
ลู	20198	2
จึ	20107	2
ชั	19943	2
นึ่	19887	3
ดู	19854	2
ญ่	19700	2
ลื	19644	2
ศิ	19524	2
ฎ	19269	1
คุ	19120	2
ว้	18925	2
ม้	18834	2
ด์	18787	2
ฒ	18761	1
ซิ	18552	2
บ้	18430	2
ผ่	18065	2
ล็	17653	2
พุ	17432	2
ภู	17372	2
กี	17253	2
ธ์	17108	2
ทุ	17034	2
พื้	17005	3
ท้	16921	2
คิ	16672	2
ศ์	16349	2
ชุ	16316	2
อ้	16294	2
มุ	16034	2
ร็	15665	2
จี	15603	2
ข่	15154	2
ก้	14897	2
ลี่	14889	3
ลำ	14531	2
ฯ	14295	1
ค่	14158	2
ลุ่	13938	3
ค้	13868	2
ขั	13846	2
ดำ	13816	2
ฟ้	13497	2
ห์	13428	2
ท์	13392	2
พี	13289	2
สื	12866	2
ษั	12710	2
ดื	12699	2
ภั	12678	2
ขี	12335	2
ลุ	12189	2
บี	12140	2
ว์	11862	2
ทั่	11858	3
ยู	11854	2
ฏ	11806	1
ริ่	11785	3
ชั้	11717	3
ล์	11696	2
ตี	11515	2
ธี	11330	2
บ่	11232	2
ฬ	11178	1
ฏิ	11045	2
ญิ	10880	2
พิ่	10694	3
ฟุ	10583	2
ฝ	10520	1
รู้	10453	3
ป์	10440	2
อ็	10401	2
นื	10283	2
บู	10257	2
ษ์	10243	2
รุ่	10115	3
ป่	10099	2
ซ์	10037	2
ปุ่	9940	3
ถุ	9821	2
ตู	9615	2
ญี่	9437	3
คี	9281	2
ฟิ	9238	2
ป้	8980	2
ส้	8724	2
ธั	8529	2
นื่	8354	3
ณี	8346	2
พ์	8306	2
งิ	8252	2
หิ	8211	2
พู	8135	2
อ่	7989	2
ฝ่	7853	2
ดิ์	7844	3
สิ่	7723	3
ห็	7679	2
ดุ	7600	2
มู่	7459	3
ภิ	7381	2
ถื	7303	2
ยี	7212	2
กู	7197	2
ผิ	7082	2
ธิ์	7078	3
พ่	7049	2
1	7027	1
ฮิ	6935	2
ขุ	6915	2
กี่	6806	3
ยิ	6754	2
นื้	6712	3
คู่	6693	3
ธุ์	6687	3
ซู	6460	2
ซั	6368	2
สิ้	6313	3
ศู	6271	2
ลื่	6221	3
บั้	6132	3
สู่	6097	3
นั่	6030	3
2	6013	1
รั่	6000	3
ชั่	5910	3
ถ้	5750	2
ย้	5677	2
วุ	5660	2
ด่	5621	2
ณิ	5529	2
ฆ	5510	1
นู	5497	2
ว็	5381	2
ฑ	5368	1
พ้	5324	2
ธุ	5302	2
“	5189	1
”	5113	1
สึ	5093	2
ต็	5028	2
ชื้	4862	3
ฑิ	4853	2
ฮั	4795	2
ฑ์	4727	2
ฟั	4715	2
สี่	4617	3
น็	4519	2
ทู	4518	2
ซ็	4406	2
ก์	4344	2
0	4290	1
ฉั	4283	2
สื่	4272	3
จู	4220	2
สู้	4219	3
ถ่	4124	2
/	4109	1
ข็	4098	2
ฎี	4088	2
ทุ่	3983	3
ลี้	3877	3
จ็	3831	2
ซ้	3825	2
ถิ่	3815	3
คู	3808	2
ยิ่	3791	3
5	3768	1
ถั	3752	2
ลึ	3739	2
ซุ	3628	2
ยี่	3612	3
ซ่	3588	2
พี่	3564	3
ยื	3525	2
ม็	3524	2
ชู	3522	2
3	3452	1
ฉี	3438	2
ผั	3396	2
สั่	3371	3
ก๊	3345	2
ม์	3309	2
ถิ	3240	2
ขั้	3196	3
4	3161	1
ง่	3148	2
ฝึ	3121	2
ทึ	3110	2
ฝั่	3110	3
รี่	3102	3
พื	2911	2
ซึ	2893	2
ผ้	2882	2
ต่ำ	2874	3
รึ	2764	2
นี่	2721	3
สั้	2719	3
ญั	2713	2
ฟี	2711	2
ยึ	2706	2
(	2604	1
ฟู	2535	2
9	2489	1
ถี	2457	2
ย็	2446	2
อู	2411	2
ปื	2382	2
ศุ	2362	2
ปู	2361	2
ศี	2333	2
ฐ์	2326	2
บำ	2326	2
พ็	2297	2
จ่	2239	2
6	2238	1
ฝั	2227	2
ฆ์	2213	2
กิ่	2190	3
ท็	2188	2
มั่	2177	3
๒	2158	1
,	2123	1
ฮี	2115	2
ถ์	2100	2
ฒิ	2046	2
ดั้	1999	3
ซี่	1966	3
ษี	1962	2
ซื้	1952	3
ฆ่	1943	2
ณุ	1901	2
หุ้	1893	3
ฮ่	1879	2
ตี้	1869	3
นุ่	1830	3
ผี	1827	2
ฮ์	1797	2
7	1790	1
ชิ้	1763	3
ปุ	1745	2
8	1737	1
๑	1721	1
ภ์	1684	2
ยื่	1681	3
๕	1616	1
ภี	1608	2
หุ่	1584	3
คุ้	1581	3
กื	1574	2
บ็	1573	2
ลิ่	1571	3
รำ	1526	2
งู	1525	2
ตึ	1517	2
ฌ	1506	1
ดี่	1505	3
รึ่	1497	3
ษิ	1478	2
หู	1465	2
มี่	1464	3
สื้	1447	3
ช์	1425	2
นิ้	1423	3
ฉิ	1415	2
ฟ์	1406	2
ทิ้	1379	3
ชำ	1377	2
วิ่	1367	3
"	1364	1
จ๊	1349	2
–	1341	1
หุ	1306	2
กี้	1295	3
นึ	1285	2
ข์	1264	2
ษุ	1263	2
จิ้	1244	3
ดึ	1229	2
ฟื้	1226	3
จ์	1224	2
บื้	1193	3
ค่ำ	1187	3
ช็	1182	2
ล้ำ	1164	3
ฝี	1163	2
)	1151	1
อี้	1137	3
ต๊	1118	2
มุ่	1106	3
ชี้	1100	3
ถ้ำ	1095	3
๐	1085	1
ฟ่	1076	2
ดี้	1070	3
ผื	1069	2
บี่	1069	3
ขี้	1062	3
ปี่	1060	3
๔	1055	1
บึ	1045	2
ทื	1034	2
ดื่	1028	3
ฝ้	1012	2
ค็	1008	2
ลิ้	1008	3
ชี่	1007	3
ลั่	1007	3
ติ์	1004	3
จื	994	2
พุ่	989	3
วู	957	2
ณั	950	2
ปั้	943	3
ปู่	936	3
๓	928	1
กึ่	919	3
ซ้ำ	903	3
ฐิ	895	2
ป๊	891	2
บี้	884	3
ตุ้	864	3
ญ้	846	2
ขื่	846	3
ตู้	828	3
ลื้	828	3
ต๋	809	2
ผู	808	2
ญ์	802	2
นิ่	799	3
จิ๋	796	3
ขิ	794	2
ถี่	790	3
อ๊	789	2
ป๋	778	2
งั	766	2
ฝู	766	2
ตุ๊	753	3
กุ้	746	3
ฬิ	744	2
ฮุ	714	2
อู่	700	3
ตื	698	2
กิ้	694	3
ยิ้	683	3
ซิ่	666	3
:	666	1
ซื่	666	3
รื้	650	3
๙	649	1
อื้	642	3
อุ่	641	3
หฺ	636	2
ฮู	635	2
วี่	626	3
‎	624	1
ฮั่	600	3
๖	590	1
ผึ้	585	3
กู้	576	3
ตฺ	576	2
จ๋	570	2
พึ่	569	3
ถั่	566	3
ฉุ	565	2
งื่	561	3
กั้	549	3
รุ๊	543	3
ก๋	536	2
ยุ่	534	3
คั่	532	3
จี้	532	3
ปิ่	526	3
ฮ็	510	2
ง้	503	2
หี	500	2
ณู	496	2
ฮ้	489	2
ฆั	489	2
ติ้	488	3
ปี้	483	3
มิ่	478	3
๘	477	1
ขี่	474	3
ชื	474	2
ฐี	465	2
ตื่	462	3
งี	459	2
อ๋	459	2
๗	455	1
บ๊	453	2
ภู่	439	3
บุ๊	435	3
ยำ	433	2
ยั้	428	3
มึ	417	2
รุ้	415	3
พี้	406	3
อึ	402	2
บิ๊	395	3
นฺ	394	2
กั่	380	3
วุ่	377	3
’	375	1
งื	375	2
พึ	372	2
สี้	372	3
ยั่	370	3
ๅ	367	1
มฺ	366	2
ซื	366	2
บ์	364	2
ฝุ่	362	3
ริ้	359	3
สฺ	357	2
ตั๋	355	3
‘	348	1
งุ	348	2
ร่ำ	345	3
จู่	344	3
รี้	340	3
อุ้	338	3
ซุ้	335	3
บิ้	333	3
ปั่	333	3
ธำ	332	2
ม่ำ	327	3
ดิ้	315	3
ฟ็	312	2
บื	311	2
ลู่	311	3
ซี้	310	3
กู่	310	3
สุ่	306	3
ขื	302	2
ซั่	301	3
ภุ	298	2
อิ่	293	3
ชุ่	292	3
อู๋	290	3
อี่	288	3
ฒ่	286	2
ชู้	283	3
ปิ้	277	3
อี๋	269	3
ฟื	265	2
ตุ่	264	3
ญู	263	2
จั่	261	3
พำ	259	2
คึ	258	2
ฑี	256	2
ตี๋	249	3
จื่	249	3
ดั่	247	3
'	247	1
ฟี่	245	3
กึ	244	2
ธู	236	2
ดู่	235	3
จิ่	233	3
จื้	233	3
ญฺ	230	2
จื๊	229	3
ฉ่	228	2
ฑู	225	2
กฺ	225	2
ฟื่	224	3
ส็	224	2
ว่ำ	214	3
ฌิ	212	2
มั้	210	3
ซึ้	209	3
ผุ	209	2
คี่	208	3
อึ้	207	3
×	206	1
จี่	205	3
ฆ้	205	2
อั้	205	3
ซู่	203	3
คิ้	203	3
งำ	202	2
อ์	201	2
มิ้	201	3
ปุ๋	199	3
ผื่	198	3
อี๊	196	3
ค้ำ	195	3
ดิ่	193	3
ขำ	190	2
ตื้	190	3
จี๋	189	3
ติ๊	189	3
ถื่	187	3
|	185	1
ซุ่	183	3
บื่	182	3
ยื้	181	3
ทฺ	177	2
หี้	177	3
ฌ็	176	2
จี๊	172	3
ณฺ	170	2
ขู่	169	3
กุ่	169	3
งิ้	167	3
ติ่	167	3
งุ่	166	3
ฏี	164	2
ชิ่	163	3
ฎ์	162	2
หิ่	162	3
ลุ้	160	3
ยฺ	159	2
ฃ	158	1
ฝิ่	157	3
ฅ	157	1
ปั๊	157	3
จฺ	154	2
ย่ำ	154	3
ฝื	153	2
ซำ	149	2
กิ๊	148	3
อิ้	147	3
คี้	147	3
ทู้	144	3
ฮื	144	2
ดื้	144	3
กั๋	143	3
[	143	1
ผู่	143	3
ปื้	143	3
ย้ำ	142	3
—	140	1
ฉื่	138	3
ฌี	137	2
ล่ำ	137	3
หึ	137	2
ด๊	135	2
ช้ำ	134	3
วู่	134	3
ฌั	133	2
ฌู	132	2
บู่	129	3
+	128	1
ฮฺ	128	2
ตั๊	125	3
ล๊	124	2
จุ้	124	3
ฮึ	123	2
ฉิ่	123	3
พู่	121	3
ขึ	120	2
ตี่	120	3
อื	120	2
ปู้	118	3
…	117	1
กี๋	117	3
งั่	117	3
วั่	116	3
ฮุ่	116	3
งี่	114	3
รฺ	114	2
งฺ	113	2
พฺ	112	2
บู๊	111	3
ฏ์	109	2
กื้	108	3
ญี	107	2
หื	107	2
ผ็	106	2
กี๊	105	3
ขุ่	105	3
มื้	105	3
จั๊	105	3
วี้	105	3
ภ้	104	2
ปิ๊	103	3
บุ้	101	3
ฉื	101	2
ฉ้	100	2
บั๊	99	3
หั่	99	3
ฬุ	99	2
กู๊	98	3
ขู	98	2
ร๊	98	2
ยี้	98	3
วู้	98	3
ปี๊	96	3
ฎิ	95	2
จิ๊	94	3
•	93	1
ฮี้	91	3
อิ๋	91	3
ลุ๊	91	3
ปึ	90	2
ดี๋	90	3
ปุ้	90	3
ธ่	90	2
รู่	88	3
รู๊	88	3
ฟู่	88	3
ด๋	88	2
ฑั	87	2
หู้	87	3
ฉ่ำ	85	3
วิ๋	85	3
กั๊	84	3
ว๊	84	2
คั้	83	3
งี้	83	3
ปฺ	81	2
วุ้	81	3
ลั้	80	3
หี่	80	3
ตั่	79	3
นํ้	79	3
หิ้	79	3
อึ๊	78	3
ฆิ	78	2
มิ์	78	3
ง็	77	2
บ๋	76	2
อิ๊	75	3
ปุ๊	75	3
จั๋	75	3
นํ	73	2
อู้	73	3
ลั๊	72	3
อฺ	72	2
]	72	1
วิ้	71	3
ทึ่	71	3
ฮู้	71	3
ชฺ	70	2
ทุ้	70	3
ฎิ์	69	3
ฟุ้	69	3
บุ่	69	3
จั้	67	3
กุ๊	66	3
ฑฺ	66	2
ว๋	65	2
ตุ๋	65	3
อึ่	64	3
รํ	63	2
คู้	63	3
จุ๊	63	3
ซิ้	63	3
นุ้	62	3
งุ้	61	3
ปื่	61	3
ฦ	61	1
ตํ	60	2
ยุ้	59	3
ฑุ	59	2
สํ	59	2
ทิ่	59	3
ซฺ	58	2
ญุ	58	2
ดิ๊	57	3
ฉี่	57	3
ดุ๊	55	3
คฺ	55	2
ฉู่	55	3
มุ้	55	3
หู่	55	3
กิ๋	55	3
ติ๋	55	3
จู้	54	3
ฏฺ	54	2
ตึ๊	54	3
บุ๋	52	3
ดุ์	51	3
ท๊	51	2
ปั๋	51	3
ดั๊	50	3
น่ำ	50	3
จุ่	50	3
ก่ำ	50	3
น๊	49	2
อุ๊	49	3
ฮุ้	48	3
พั้	48	3
ลฺ	48	2
ตู่	48	3
วื	47	2
มี้	46	3
ตี๊	46	3
จึ่	46	3
ห่ำ	46	3
ฟู้	45	3
บั่	45	3
°	45	1
=	43	1
ริ๊	43	3
%	42	1
ฮั้	42	3
!	41	1
ฎุ	41	2
พู้	40	3
ฟั่	40	3
ฬ่	39	2
ฆี่	38	3
ส่ำ	38	3
ซ๊	38	2
ฝั้	38	3
²	38	1
วํ	38	2
ฟุ่	37	3
ฉู	37	2
อํ	36	2
ฉิ้	35	3
นู่	35	3
ง์	34	2
ฬั	34	2
ฬี	34	2
บิ่	33	3
ศ็	33	2
จ้ำ	33	3
คิ๊	33	3
ม๊	33	2
ดุ้	32	3
บึ้	32	3
ฆู	32	2
งั้	32	3
จื๋	32	3
อู๊	32	3
อั๋	32	3
มํ	31	2
คิ่	31	3
ทํ	31	2
พั่	30	3
วี๋	30	3
#	30	1
ปิ๋	30	3
กุ๋	30	3
ฮื้	29	3
ชู่	29	3
อั๊	28	3
วึ	28	2
ค๊	27	2
พิ้	27	3
;	27	1
ฮู่	27	3
ลู้	26	3
นุ๊	26	3
?	26	1
<	26	1
ผึ่	25	3
ขิ่	25	3
ริ์	25	3
®	25	1
จุ๋	24	3
บู้	24	3
จํ	24	2
งื้	24	3
วั้	24	3
กํ	24	2
อ่ำ	23	3
ต๋ำ	23	3
้	22	1
ยู้	22	3
วฺ	22	2
กู๋	22	3
ช๊	22	2
มี๊	22	3
ธ์ุ	22	3
ฉฺ	22	2
กึ๋	22	3
หื้	22	3
ยํ	21	2
ฝู่	21	3
๏	21	1
~	21	1
ฟี้	21	3
ทื่	21	3
ช่ำ	21	3
ลํ	21	2
ฉุ่	20	3
ทู่	20	3
ฌุ	20	2
ทุ์	20	3
ฟิ่	20	3
ผุ้	20	3
ฐั	20	2
ฮำ	19	2
ชึ่	19	3
ธฺ	19	2
ธึ	18	2
ปำ	18	2
ตึ้	18	3
อุ๋	18	3
ร๋	18	2
ฌ์	17	2
รี๊	17	3
ซี๊	17	3
ก้ำ	17	3
คุ่	17	3
่	16	1
ชึ	16	2
ษฺ	16	2
หำ	16	2
รึ้	16	3
ลี๊	16	3
ถำ	16	2
นึ้	15	3
ลึ่	15	3
วู๊	15	3
³	15	1
ขฺ	15	2
ปี๋	15	3
_	15	1
ฉ์	15	2
อั่	15	3
○	15	1
ที้	14	3
จู๋	14	3
ฆี	14	2
ฏั	14	2
ถี้	14	3
บี๊	14	3
ง๊	14	2
คํ	14	2
ดู๋	14	3
ธี่	14	3
†	14	1
จู๊	14	3
จึ๊	14	3
พั๊	14	3
ด้ำ	14	3
ปํ	13	2
ณํ	13	2
ดึ๊	13	3
พุ้	13	3
นู้	13	3
ฝิ	13	2
น้ํ	13	3
ถู่	13	3
งิ่	13	3
&	13	1
ชึ้	12	3
ฮื่	12	3
ฮ๊	12	2
ั	12	1
ย๊	12	2
−	12	1
ดํ	12	2
ฃ้	12	2
มำ	12	2
สุ้	12	3
ลิ๊	12	3
ฮิ้	11	3
ตึ๋	11	3
ถิ์	11	3
ฝื่	11	3
๚	11	1
￼	11	1
ห้ำ	11	3
ตึ่	11	3
บฺ	11	2
ญ็	11	2
หํ	10	2
ขํ	10	2
ซั้	10	3
ขึ่	10	3
ฆุ	10	2
มู้	10	3
ศฺ	10	2
ตื๊	9	3
ฏู	9	2
ดึ๋	9	3
ฌื	9	2
☆	9	1
ร้ำ	9	3
ภฺ	9	2
ฅำ	9	2
งึ	8	2
์	8	1
ยู๋	8	3
ฌึ	8	2
ถิ้	8	3
ฏ็	8	2
จึ๋	8	3
ฃุ	8	2
ญ๋	8	2
ขุ้	8	3
ถุ์	8	3
ฎึ	8	2
ล๋	8	2
สั๊	8	3
ทึ้	8	3
ธํ	8	2
ดุ่	8	3
หึ่	8	3
ชิ๊	8	3
ำ	7	1
ญิ้	7	3
๛	7	1
>	7	1
ปื๋	7	3
ปึ้	7	3
฿	7	1
）	7	1
′	7	1
จึ้	7	3
คุ์	7	3
ปู๋	7	3
ฉื้	7	3
ฅ่ำ	7	3
มึ้	7	3
{	7	1
ปู๊	7	3
ขั่	7	3
ก๊ำ	7	3
ปึ่	7	3
○่	7	2
ห๎	7	2
ชุ้	6	3
ขิ้	6	3
ณื	6	2
็	6	1
ฎู	6	2
（	6	1
ฎ็	6	2
ี	6	1
งู้	6	3
ฉำ	6	2
ดี๊	6	3
บิ๋	6	3
วี๊	6	3
}	6	1
ฮี่	6	3
ธึ่	6	3
พํ	6	2
ถึ่	6	3
ซํ	6	2
ยึ๋	6	3
หั้	6	3
บี๋	6	3
ฏึ	6	2
；	6	1
ผิ่	6	3
ส๎	6	2
ิ	5	1
ํ	5	1
ุ	5	1
ฺ	5	1
ลิ์	5	3
ป็๋	5	3
ญื	5	2
ดู๊	5	3
ฃั	5	2
ศุ์	5	3
*	5	1
ญ๊	5	2
ฟ๊	5	2
^	5	1
ศื	5	2
สึ่	5	3
วำ	5	2
ผึ	5	2
ต๊ำ	5	3
ฉึ่	5	3
·	5	1
ฐุ	5	2
@	5	1
ญํ	5	2
ยี๊	4	3
ฮึ่	4	3
–ี	4	2
–ื	4	2
ู	4	1
ป่ำ	4	3
ญิ่	4	3
ลู๊	4	3
ดฺ	4	2
บึ๊	4	3
・	4	1
ด่ำ	4	3
ฉั่	4	3
ตู๋	4	3
กึ้	4	3
ฏิ์	4	3
คื่	4	3
ฟู๊	4	3
！	4	1
ย๋	4	2
ก๋ำ	4	3
ดิ๋	4	3
รื๋	4	3
ฉฺ่	4	3
ตํ่	4	3
ษู	4	2
ฆ็	4	2
ผิ้	4	3
\	4	1
ยี๋	4	3
มึ่	4	3
ซิ๊	4	3
า่	4	2
─	4	1
ภุ้	4	3
อ๎	4	2
―	4	1
ฉั้	3	3
ค๋	3	2
น๋	3	2
­	3	1
ถ็	3	2
ฮั๊	3	3
ฟึ	3	2
คํ่	3	3
งู่	3	3
จ๎	3	2
รฺ์	3	3
ฮี๊	3	3
ธฺ์	3	3
ผั่	3	3
	3	1
ณึ	3	2
ฝุ	3	2
ฒ์	3	2
ซู้	3	3
ณ่	3	2
ฃ๋	3	2
ฅื	3	2
ฅิ	3	2
ผำ	3	2
ศ่	3	2
ทื้	3	3
ดึ่	3	3
งึ่	3	3
มั๊	3	3
ฏุ	3	2
ขื้	3	3
ฟั้	3	3
บื๋	3	3
↓	3	1
0ํ	3	2
สู์	3	3
ผี่	3	3
กึ๊	3	3
ฌ้	3	2
ฮึ้	3	3
ตื๋	3	3
คึ่	3	3
ฝิ้	3	3
สุ์	3	3
ฒื	3	2
ธื	3	2
ดื๋	3	3
ถํ้	3	3
ฎ๊	3	2
ปึ๋	3	3
นู๋	3	3
ปื๊	3	3
ถํ	3	2
	3	1
ฐู	3	2
●้	3	2
วั๋	3	3
▪︎	3	2
ถั้	3	3
คี๊	3	3
–ิ	3	2
ก๎	3	2
◌๋	3	2
คั๋	3	3
ชู๊	3	3
นั๊	3	3
ลี๋	3	3
ฉึ	3	2
มู๋	3	3
ฟฺ	2	2
ซุ๊	2	3
¹	2	1
๋	2	1
๎	2	1
ฏุ่	2	3
ทู๊	2	3
หฺ์	2	3
รู็	2	3
เ่	2	2
ฎฺ	2	2
¢	2	1
รี๋	2	3
ด๎	2	2
พู๊	2	3
ฝู้	2	3
：	2	1
ถุ่	2	3
มุ๋	2	3
ธ็	2	2
ี่	2	2
บู๋	2	3
ตู๊	2	3
ฃึ๋	2	3
ฃึ้	2	3
ฃี	2	2
ฃิ	2	2
ฅุ๋	2	3
↵	2	1
ฬฺ	2	2
ชุ์	2	3
」	2	1
ฒั	2	2
ชํ	2	2
ภึ	2	2
หั๋	2	3
ญุ่	2	3
ฆื	2	2
ยฺู	2	3
หึ้	2	3
ื	2	1
รุ๋	2	3
ริ๋	2	3
ท่ี	2	3
วึ่	2	3
½	2	1
ศึ่	2	3
ชฺ่	2	3
ขฺ่	2	3
˝	2	1
ตุํ	2	3
ฝุ้	2	3
ณ็	2	2
ลึ๊	2	3
ตั้้	2	4
ึ	2	1
ยุุ	2	3
ม้ำ	2	3
พึ้	2	3
วื้	2	3
ธิ่	2	3
ญู่	2	3
ข๊	2	2
‬	2	1
ฒี	2	2
ศํ	2	2
ฎั	2	2
ที่่	2	4
ที๋	2	3
มิ๋	2	3
ง้ำ	2	3
ปึ๊	2	3
ดึ้	2	3
ที่ำ	2	4
วั๊	2	3
งี๋	2	3
มุ๊	2	3
ปฺ์	2	3
วื่	2	3
ฮุ๊	2	3
วฺ่	2	3
●	2	1
┘	2	1
ธี้	2	3
ฃื่	2	3
ซ็่	2	3
กื๋	2	3
รู๋	2	3
ง็๋	2	3
ดู้	2	3
ห็๋	2	3
งี๊	2	3
ถึ๊	2	3
นี๊	2	3
หี๊	2	3
ฤิ	2	2
◌์	2	2
รั๊	2	3
มิ๊	2	3
ฮิ่	2	3
หื่	2	3
–็	2	2
ฟิ้	2	3
ข๎	2	2
ซํ้	2	3
ญิ๋	2	3
？	2	1
ฒึ	2	2
ญึ่	2	3
ฉู้	2	3
มู๊	2	3
มํ่	2	3
ซี๋	2	3
สี๋	2	3
ผี๋	2	3
ยุ๊	2	3
◦	2	1
ก็่	2	3
นู๊	2	3
 	2	1
ท่ำ	1	3
ต้ั	1	3
๊	1	1
ห๋	1	2
จ͡	1	2
ก͡	1	2
ช้้	1	3
。	1	1
ื่	1	2
ม่ื่	1	4
ก์์	1	3
ทั้้	1	4
ลํ้	1	3
ดัั	1	3
ร่่	1	3
ท๎	1	2
รัั	1	3
วิ์	1	3
»	1	1
ตัั้	1	4
จั์	1	3
ฃำ	1	2
ฅ้	1	2
ฅ่	1	2
ะิ	1	2
	1	1
	1	1
ฆํ	1	2
ส์์	1	3
ผฺ	1	2
ๆ่	1	2
۝	1	1
กฺื	1	3
รฺู	1	3
นั้ั	1	4
ศ้	1	2
,ฺ	1	2
รู้่	1	4
เิ	1	2
กฺ๋	1	3
กํ๋	1	3
ภำ	1	2
ผู็	1	3
ก้ั	1	3
ท้ั	1	3
ส่ั	1	3
£	1	1
﻿	1	1
ั้	1	2
บืั	1	3
ซ๋	1	2
	1	1
ถัั	1	3
รีื่	1	4
ผ์	1	2
ซฺ่	1	3
)ิ	1	2
ป๋ำ	1	3
♪	1	1
ภํ	1	2
โ๋	1	2
∞	1	1
โ่	1	2
นิ์	1	3
ซ่ำ	1	3
จ๋ำ	1	3
ฐำ	1	2
"ี	1	2
คำ้	1	3
	1	1
	1	1
	1	1
บํ	1	2
ต๎	1	2
ล๎	1	2
ต้ำ	1	3
6่	1	2
★	1	1
ฐํ	1	2
ท์ฺ	1	3
ขิ์	1	3
ษํ	1	2
ร๎	1	2
ม๋	1	2
ฏ๊	1	2
ไ่	1	2
ฑํ	1	2
ศ๊	1	2
ะ̤	1	2
ย̎	1	2
ต์์	1	3
ุ่	1	2
5ุ	1	2
ร์ั	1	3
ฐฺ	1	2
า้	1	2
┤	1	1
│	1	1
○้	1	2
「	1	1
ดฺ์	1	3
ษ๊	1	2
¡	1	1
ษำ	1	2
ชํ้	1	3
ตุุ	1	3
ษ้	1	2
เ้	1	2
ฬ์	1	2
ธ๊	1	2
มูู่	1	4
)ุ	1	2
ชุํ	1	3
นุํ	1	3
ริํ	1	3
◌ุ	1	2
◌ู	1	2
◌็	1	2
◌๎	1	2
พ๎	1	2
ผ๎	1	2
◌ฺ	1	2
◌้	1	2
◌๊	1	2
นำ้	1	3
－	1	1
มูู	1	3
ถึึ	1	3
พ๊	1	2
ฐ่	1	2
ร์์	1	3
ป่่	1	3
～	1	1
ณฺ์	1	3
ษฺ์	1	3
รึ่่	1	4
อ้ำ	1	3
ฮ่ำ	1	3
ภ่	1	2
กุุ	1	3
ฆฺ	1	2
ย์์	1	3
ชีิ	1	3
ล่่	1	3
ผู้ำ	1	4
→	1	1
ฮ๋	1	2
ส่่	1	3
ย้่	1	3
เื	1	2
《	1	1
》	1	1
กื่	1	3
กื๊	1	3
ก็้	1	3
ก็๊	1	3
ก็๋	1	3
ขั๊	1	3
ขั๋	1	3
ขิ๊	1	3
ขิ๋	1	3
ขี๊	1	3
ขี๋	1	3
ขึ๊	1	3
ขึ๋	1	3
ขื๊	1	3
ขื๋	1	3
ขุ๊	1	3
ขุ๋	1	3
ขู้	1	3
ขู๊	1	3
ขู๋	1	3
ข็่	1	3
ข็้	1	3
ข็๊	1	3
ข็๋	1	3
ฃั่	1	3
ฃั้	1	3
ฃั๊	1	3
ฃั๋	1	3
ฃิ่	1	3
ฃิ้	1	3
ฃิ๊	1	3
ฃิ๋	1	3
ฃี่	1	3
ฃี้	1	3
ฃี๊	1	3
ฃี๋	1	3
ฃึ	1	2
ฃึ่	1	3
ฃึ๊	1	3
ฃื	1	2
ฃื้	1	3
ฃื๊	1	3
ฃื๋	1	3
ฃุ่	1	3
ฃุ้	1	3
ฃุ๊	1	3
ฃุ๋	1	3
ฃู	1	2
ฃู่	1	3
ฃู้	1	3
ฃู๊	1	3
ฃู๋	1	3
ฃ็	1	2
ฃ็่	1	3
ฃ็้	1	3
ฃ็๊	1	3
ฃ็๋	1	3
คั๊	1	3
คิ๋	1	3
คี๋	1	3
คึ้	1	3
คึ๊	1	3
คึ๋	1	3
คื้	1	3
คื๊	1	3
คื๋	1	3
คุ๊	1	3
คุ๋	1	3
คู๊	1	3
คู๋	1	3
ค็่	1	3
ค็้	1	3
ค็๊	1	3
ค็๋	1	3
ฅั	1	2
ฅั่	1	3
ฅั้	1	3
ฅั๊	1	3
ฅั๋	1	3
ฅิ่	1	3
ฅิ้	1	3
ฅิ๊	1	3
ฅิ๋	1	3
ฅี	1	2
ฅี่	1	3
ฅี้	1	3
ฅี๊	1	3
ฅี๋	1	3
ฅึ	1	2
ฅึ่	1	3
ฅึ้	1	3
ฅึ๊	1	3
ฅึ๋	1	3
ฅื่	1	3
ฅื้	1	3
ฅื๊	1	3
ฅื๋	1	3
ฅุ	1	2
ฅุ่	1	3
ฅุ้	1	3
ฅุ๊	1	3
ฅู	1	2
ฅู่	1	3
ฅู้	1	3
ฅู๊	1	3
ฅู๋	1	3
ฅ็	1	2
ฅ็่	1	3
ฅ็้	1	3
ฅ็๊	1	3
ฅ็๋	1	3
ฆั่	1	3
ฆั้	1	3
ฆั๊	1	3
ฆั๋	1	3
ฆิ่	1	3
ฆิ้	1	3
ฆิ๊	1	3
ฆิ๋	1	3
ฆี้	1	3
ฆี๊	1	3
ฆี๋	1	3
ฆึ	1	2
ฆึ่	1	3
ฆึ้	1	3
ฆึ๊	1	3
ฆึ๋	1	3
ฆื่	1	3
ฆื้	1	3
ฆื๊	1	3
ฆื๋	1	3
ฆุ่	1	3
ฆุ้	1	3
ฆุ๊	1	3
ฆุ๋	1	3
ฆู่	1	3
ฆู้	1	3
ฆู๊	1	3
ฆู๋	1	3
ฆ็่	1	3
ฆ็้	1	3
ฆ็๊	1	3
ฆ็๋	1	3
งั๊	1	3
งั๋	1	3
งิ๊	1	3
งิ๋	1	3
งึ้	1	3
งึ๊	1	3
งึ๋	1	3
งื๊	1	3
งื๋	1	3
งุ๊	1	3
งุ๋	1	3
งู๊	1	3
งู๋	1	3
ง็่	1	3
ง็้	1	3
ง็๊	1	3
จ็่	1	3
จ็้	1	3
จ็๊	1	3
จ็๋	1	3
ฉั๊	1	3
ฉั๋	1	3
ฉิ๊	1	3
ฉิ๋	1	3
ฉี้	1	3
ฉี๊	1	3
ฉี๋	1	3
ฉึ้	1	3
ฉึ๊	1	3
ฉึ๋	1	3
ฉื๊	1	3
ฉื๋	1	3
ฉุ้	1	3
ฉุ๊	1	3
ฉุ๋	1	3
ฉู๊	1	3
ฉู๋	1	3
ฉ็	1	2
ฉ็่	1	3
ฉ็้	1	3
ฉ็๊	1	3
ฉ็๋	1	3
ชั๊	1	3
ชั๋	1	3
ชิ๋	1	3
ชี๊	1	3
ชี๋	1	3
ชึ๊	1	3
ชึ๋	1	3
ชื๊	1	3
ชื๋	1	3
ชุ๊	1	3
ชุ๋	1	3
ชู๋	1	3
ช็่	1	3
ช็้	1	3
ช็๊	1	3
ช็๋	1	3
ซั๊	1	3
ซั๋	1	3
ซิ๋	1	3
ซึ๊	1	3
ซึ๋	1	3
ซื๊	1	3
ซื๋	1	3
ซุ๋	1	3
ซู๊	1	3
ซู๋	1	3
ซ็้	1	3
ซ็๊	1	3
ซ็๋	1	3
ฌั่	1	3
ฌั้	1	3
ฌั๊	1	3
ฌั๋	1	3
ฌิ่	1	3
ฌิ้	1	3
ฌิ๊	1	3
ฌิ๋	1	3
ฌี่	1	3
ฌี้	1	3
ฌี๊	1	3
ฌี๋	1	3
ฌึ่	1	3
ฌึ้	1	3
ฌึ๊	1	3
ฌึ๋	1	3
ฌื่	1	3
ฌื้	1	3
ฌื๊	1	3
ฌื๋	1	3
ฌุ่	1	3
ฌุ้	1	3
ฌุ๊	1	3
ฌุ๋	1	3
ฌู่	1	3
ฌู้	1	3
ฌู๊	1	3
ฌู๋	1	3
ฌ็่	1	3
ฌ็้	1	3
ฌ็๊	1	3
ฌ็๋	1	3
ญั่	1	3
ญั้	1	3
ญั๊	1	3
ญั๋	1	3
ญิ๊	1	3
ญี้	1	3
ญี๊	1	3
ญี๋	1	3
ญึ	1	2
ญึ้	1	3
ญึ๊	1	3
ญึ๋	1	3
ญื่	1	3
ญื้	1	3
ญื๊	1	3
ญื๋	1	3
ญุ้	1	3
ญุ๊	1	3
ญุ๋	1	3
ญู้	1	3
ญู๊	1	3
ญู๋	1	3
ญ็่	1	3
ญ็้	1	3
ญ็๊	1	3
ญ็๋	1	3
ฎั่	1	3
ฎั้	1	3
ฎั๊	1	3
ฎั๋	1	3
ฎิ่	1	3
ฎิ้	1	3
ฎิ๊	1	3
ฎิ๋	1	3
ฎี่	1	3
ฎี้	1	3
ฎี๊	1	3
ฎี๋	1	3
ฎึ่	1	3
ฎึ้	1	3
ฎึ๊	1	3
ฎึ๋	1	3
ฎื	1	2
ฎื่	1	3
ฎื้	1	3
ฎื๊	1	3
ฎื๋	1	3
ฎุ่	1	3
ฎุ้	1	3
ฎุ๊	1	3
ฎุ๋	1	3
ฎู่	1	3
ฎู้	1	3
ฎู๊	1	3
ฎู๋	1	3
ฎ็่	1	3
ฎ็้	1	3
ฎ็๊	1	3
ฎ็๋	1	3
ฏั่	1	3
ฏั้	1	3
ฏั๊	1	3
ฏั๋	1	3
ฏิ่	1	3
ฏิ้	1	3
ฏิ๊	1	3
ฏิ๋	1	3
ฏี่	1	3
ฏี้	1	3
ฏี๊	1	3
ฏี๋	1	3
ฏึ่	1	3
ฏึ้	1	3
ฏึ๊	1	3
ฏึ๋	1	3
ฏื	1	2
ฏื่	1	3
ฏื้	1	3
ฏื๊	1	3
ฏื๋	1	3
ฏุ้	1	3
ฏุ๊	1	3
ฏุ๋	1	3
ฏู่	1	3
ฏู้	1	3
ฏู๊	1	3
ฏู๋	1	3
ฏ็่	1	3
ฏ็้	1	3
ฏ็๊	1	3
ฏ็๋	1	3
ฐั่	1	3
ฐั้	1	3
ฐั๊	1	3
ฐั๋	1	3
ฐิ่	1	3
ฐิ้	1	3
ฐิ๊	1	3
ฐิ๋	1	3
ฐี่	1	3
ฐี้	1	3
ฐี๊	1	3
ฐี๋	1	3
ฐึ	1	2
ฐึ่	1	3
ฐึ้	1	3
ฐึ๊	1	3
ฐึ๋	1	3
ฐื	1	2
ฐื่	1	3
ฐื้	1	3
ฐื๊	1	3
ฐื๋	1	3
ฐุ่	1	3
ฐุ้	1	3
ฐุ๊	1	3
ฐุ๋	1	3
ฐู่	1	3
ฐู้	1	3
ฐู๊	1	3
ฐู๋	1	3
ฐ็	1	2
ฐ็่	1	3
ฐ็้	1	3
ฐ็๊	1	3
ฐ็๋	1	3
ฑั่	1	3
ฑั้	1	3
ฑั๊	1	3
ฑั๋	1	3
ฑิ่	1	3
ฑิ้	1	3
ฑิ๊	1	3
ฑิ๋	1	3
ฑี่	1	3
ฑี้	1	3
ฑี๊	1	3
ฑี๋	1	3
ฑึ	1	2
ฑึ่	1	3
ฑึ้	1	3
ฑึ๊	1	3
ฑึ๋	1	3
ฑื	1	2
ฑื่	1	3
ฑื้	1	3
ฑื๊	1	3
ฑื๋	1	3
ฑุ่	1	3
ฑุ้	1	3
ฑุ๊	1	3
ฑุ๋	1	3
ฑู่	1	3
ฑู้	1	3
ฑู๊	1	3
ฑู๋	1	3
ฑ็	1	2
ฑ็่	1	3
ฑ็้	1	3
ฑ็๊	1	3
ฑ็๋	1	3
ฒั่	1	3
ฒั้	1	3
ฒั๊	1	3
ฒั๋	1	3
ฒิ่	1	3
ฒิ้	1	3
ฒิ๊	1	3
ฒิ๋	1	3
ฒี่	1	3
ฒี้	1	3
ฒี๊	1	3
ฒี๋	1	3
ฒึ่	1	3
ฒึ้	1	3
ฒึ๊	1	3
ฒึ๋	1	3
ฒื่	1	3
ฒื้	1	3
ฒื๊	1	3
ฒื๋	1	3
ฒุ	1	2
ฒุ่	1	3
ฒุ้	1	3
ฒุ๊	1	3
ฒุ๋	1	3
ฒู	1	2
ฒู่	1	3
ฒู้	1	3
ฒู๊	1	3
ฒู๋	1	3
ฒ็	1	2
ฒ็่	1	3
ฒ็้	1	3
ฒ็๊	1	3
ฒ็๋	1	3
ณั่	1	3
ณั้	1	3
ณั๊	1	3
ณั๋	1	3
ณิ่	1	3
ณิ้	1	3
ณิ๊	1	3
ณิ๋	1	3
ณี่	1	3
ณี้	1	3
ณี๊	1	3
ณี๋	1	3
ณึ่	1	3
ณึ้	1	3
ณึ๊	1	3
ณึ๋	1	3
ณื่	1	3
ณื้	1	3
ณื๊	1	3
ณื๋	1	3
ณุ่	1	3
ณุ้	1	3
ณุ๊	1	3
ณุ๋	1	3
ณู่	1	3
ณู้	1	3
ณู๊	1	3
ณู๋	1	3
ณ็่	1	3
ณ็้	1	3
ณ็๊	1	3
ณ็๋	1	3
ดั๋	1	3
ดื๊	1	3
ดุ๋	1	3
ด็่	1	3
ด็้	1	3
ด็๊	1	3
ด็๋	1	3
ต็่	1	3
ต็้	1	3
ต็๊	1	3
ต็๋	1	3
ถั๊	1	3
ถั๋	1	3
ถิ๊	1	3
ถิ๋	1	3
ถี๊	1	3
ถี๋	1	3
ถึ้	1	3
ถึ๋	1	3
ถื้	1	3
ถื๊	1	3
ถื๋	1	3
ถุ้	1	3
ถุ๊	1	3
ถุ๋	1	3
ถู้	1	3
ถู๊	1	3
ถู๋	1	3
ถ็่	1	3
ถ็้	1	3
ถ็๊	1	3
ถ็๋	1	3
ทั๊	1	3
ทั๋	1	3
ทิ๊	1	3
ทิ๋	1	3
ที๊	1	3
ทึ๊	1	3
ทึ๋	1	3
ทื๊	1	3
ทื๋	1	3
ทุ๊	1	3
ทุ๋	1	3
ทู๋	1	3
ท็่	1	3
ท็้	1	3
ท็๊	1	3
ท็๋	1	3
ธั่	1	3
ธั้	1	3
ธั๊	1	3
ธั๋	1	3
ธิ้	1	3
ธิ๊	1	3
ธิ๋	1	3
ธี๊	1	3
ธี๋	1	3
ธึ้	1	3
ธึ๊	1	3
ธึ๋	1	3
ธื่	1	3
ธื้	1	3
ธื๊	1	3
ธื๋	1	3
ธุ่	1	3
ธุ้	1	3
ธุ๊	1	3
ธุ๋	1	3
ธู่	1	3
ธู้	1	3
ธู๊	1	3
ธู๋	1	3
ธ็่	1	3
ธ็้	1	3
ธ็๊	1	3
ธ็๋	1	3
นั๋	1	3
นิ๊	1	3
นิ๋	1	3
นี๋	1	3
นึ๊	1	3
นึ๋	1	3
นื๊	1	3
นื๋	1	3
นุ๋	1	3
น็่	1	3
น็้	1	3
น็๊	1	3
น็๋	1	3
บั๋	1	3
บึ่	1	3
บึ๋	1	3
บื๊	1	3
บ็่	1	3
บ็้	1	3
บ็๊	1	3
บ็๋	1	3
ป็่	1	3
ป็้	1	3
ป็๊	1	3
ผั้	1	3
ผั๊	1	3
ผั๋	1	3
ผิ๊	1	3
ผิ๋	1	3
ผี้	1	3
ผี๊	1	3
ผึ๊	1	3
ผึ๋	1	3
ผื้	1	3
ผื๊	1	3
ผื๋	1	3
ผุ่	1	3
ผุ๊	1	3
ผุ๋	1	3
ผู๊	1	3
ผู๋	1	3
ผ็่	1	3
ผ็้	1	3
ผ็๊	1	3
ผ็๋	1	3
ฝั๊	1	3
ฝั๋	1	3
ฝิ๊	1	3
ฝิ๋	1	3
ฝี่	1	3
ฝี้	1	3
ฝี๊	1	3
ฝี๋	1	3
ฝึ่	1	3
ฝึ้	1	3
ฝึ๊	1	3
ฝึ๋	1	3
ฝื้	1	3
ฝื๊	1	3
ฝื๋	1	3
ฝุ๊	1	3
ฝุ๋	1	3
ฝู๊	1	3
ฝู๋	1	3
ฝ็	1	2
ฝ็่	1	3
ฝ็้	1	3
ฝ็๊	1	3
ฝ็๋	1	3
พั๋	1	3
พิ๊	1	3
พิ๋	1	3
พี๊	1	3
พี๋	1	3
พึ๊	1	3
พึ๋	1	3
พื๊	1	3
พื๋	1	3
พุ๊	1	3
พุ๋	1	3
พู๋	1	3
พ็่	1	3
พ็้	1	3
พ็๊	1	3
พ็๋	1	3
ฟั๊	1	3
ฟั๋	1	3
ฟิ๊	1	3
ฟิ๋	1	3
ฟี๊	1	3
ฟี๋	1	3
ฟึ่	1	3
ฟึ้	1	3
ฟึ๊	1	3
ฟึ๋	1	3
ฟื๊	1	3
ฟื๋	1	3
ฟุ๊	1	3
ฟุ๋	1	3
ฟู๋	1	3
ฟ็่	1	3
ฟ็้	1	3
ฟ็๊	1	3
ฟ็๋	1	3
ภั่	1	3
ภั้	1	3
ภั๊	1	3
ภั๋	1	3
ภิ่	1	3
ภิ้	1	3
ภิ๊	1	3
ภิ๋	1	3
ภี่	1	3
ภี้	1	3
ภี๊	1	3
ภี๋	1	3
ภึ่	1	3
ภึ้	1	3
ภึ๊	1	3
ภึ๋	1	3
ภื	1	2
ภื่	1	3
ภื้	1	3
ภื๊	1	3
ภื๋	1	3
ภุ่	1	3
ภุ๊	1	3
ภุ๋	1	3
ภู้	1	3
ภู๊	1	3
ภู๋	1	3
ภ็	1	2
ภ็่	1	3
ภ็้	1	3
ภ็๊	1	3
ภ็๋	1	3
มั๋	1	3
มี๋	1	3
มึ๊	1	3
มึ๋	1	3
มื๊	1	3
มื๋	1	3
ม็่	1	3
ม็้	1	3
ม็๊	1	3
ม็๋	1	3
ยั๊	1	3
ยั๋	1	3
ยิ๊	1	3
ยิ๋	1	3
ยึ่	1	3
ยึ้	1	3
ยึ๊	1	3
ยื๊	1	3
ยื๋	1	3
ยุ๋	1	3
ยู๊	1	3
ย็่	1	3
ย็้	1	3
ย็๊	1	3
ย็๋	1	3
รั๋	1	3
รึ๊	1	3
รึ๋	1	3
รื๊	1	3
ร็่	1	3
ร็้	1	3
ร็๊	1	3
ร็๋	1	3
ฤั	1	2
ฤั่	1	3
ฤั้	1	3
ฤั๊	1	3
ฤั๋	1	3
ฤิ่	1	3
ฤิ้	1	3
ฤิ๊	1	3
ฤิ๋	1	3
ฤี	1	2
ฤี่	1	3
ฤี้	1	3
ฤี๊	1	3
ฤี๋	1	3
ฤึ	1	2
ฤึ่	1	3
ฤึ้	1	3
ฤึ๊	1	3
ฤึ๋	1	3
ฤื	1	2
ฤื่	1	3
ฤื้	1	3
ฤื๊	1	3
ฤื๋	1	3
ฤุ	1	2
ฤุ่	1	3
ฤุ้	1	3
ฤุ๊	1	3
ฤุ๋	1	3
ฤู	1	2
ฤู่	1	3
ฤู้	1	3
ฤู๊	1	3
ฤู๋	1	3
ฤ็	1	2
ฤ็่	1	3
ฤ็้	1	3
ฤ็๊	1	3
ฤ็๋	1	3
ลั๋	1	3
ลิ๋	1	3
ลึ้	1	3
ลึ๋	1	3
ลื๊	1	3
ลื๋	1	3
ลุ๋	1	3
ลู๋	1	3
ล็่	1	3
ล็้	1	3
ล็๊	1	3
ล็๋	1	3
ฦั	1	2
ฦั่	1	3
ฦั้	1	3
ฦั๊	1	3
ฦั๋	1	3
ฦิ	1	2
ฦิ่	1	3
ฦิ้	1	3
ฦิ๊	1	3
ฦิ๋	1	3
ฦี	1	2
ฦี่	1	3
ฦี้	1	3
ฦี๊	1	3
ฦี๋	1	3
ฦึ	1	2
ฦึ่	1	3
ฦึ้	1	3
ฦึ๊	1	3
ฦึ๋	1	3
ฦื	1	2
ฦื่	1	3
ฦื้	1	3
ฦื๊	1	3
ฦื๋	1	3
ฦุ	1	2
ฦุ่	1	3
ฦุ้	1	3
ฦุ๊	1	3
ฦุ๋	1	3
ฦู	1	2
ฦู่	1	3
ฦู้	1	3
ฦู๊	1	3
ฦู๋	1	3
ฦ็	1	2
ฦ็่	1	3
ฦ็้	1	3
ฦ็๊	1	3
ฦ็๋	1	3
วิ๊	1	3
วึ้	1	3
วึ๊	1	3
วึ๋	1	3
วื๊	1	3
วื๋	1	3
วุ๊	1	3
วุ๋	1	3
วู๋	1	3
ว็่	1	3
ว็้	1	3
ว็๊	1	3
ว็๋	1	3
ศั่	1	3
ศั้	1	3
ศั๊	1	3
ศั๋	1	3
ศิ่	1	3
ศิ้	1	3
ศิ๊	1	3
ศิ๋	1	3
ศี่	1	3
ศี้	1	3
ศี๊	1	3
ศี๋	1	3
ศึ้	1	3
ศึ๊	1	3
ศึ๋	1	3
ศื่	1	3
ศื้	1	3
ศื๊	1	3
ศื๋	1	3
ศุ่	1	3
ศุ้	1	3
ศุ๊	1	3
ศุ๋	1	3
ศู่	1	3
ศู้	1	3
ศู๊	1	3
ศู๋	1	3
ศ็่	1	3
ศ็้	1	3
ศ็๊	1	3
ศ็๋	1	3
ษั่	1	3
ษั้	1	3
ษั๊	1	3
ษั๋	1	3
ษิ่	1	3
ษิ้	1	3
ษิ๊	1	3
ษิ๋	1	3
ษี่	1	3
ษี้	1	3
ษี๊	1	3
ษี๋	1	3
ษึ	1	2
ษึ่	1	3
ษึ้	1	3
ษึ๊	1	3
ษึ๋	1	3
ษื	1	2
ษื่	1	3
ษื้	1	3
ษื๊	1	3
ษื๋	1	3
ษุ่	1	3
ษุ้	1	3
ษุ๊	1	3
ษุ๋	1	3
ษู่	1	3
ษู้	1	3
ษู๊	1	3
ษู๋	1	3
ษ็	1	2
ษ็่	1	3
ษ็้	1	3
ษ็๊	1	3
ษ็๋	1	3
สั๋	1	3
สิ๊	1	3
สิ๋	1	3
สี๊	1	3
สึ้	1	3
สึ๊	1	3
สึ๋	1	3
สื๊	1	3
สื๋	1	3
สุ๊	1	3
สุ๋	1	3
สู๊	1	3
สู๋	1	3
ส็่	1	3
ส็้	1	3
ส็๊	1	3
ส็๋	1	3
หั๊	1	3
หิ๊	1	3
หิ๋	1	3
หี๋	1	3
หึ๊	1	3
หึ๋	1	3
หื๊	1	3
หื๋	1	3
หุ๊	1	3
หุ๋	1	3
หู๊	1	3
หู๋	1	3
ห็่	1	3
ห็้	1	3
ห็๊	1	3
ฬั่	1	3
ฬั้	1	3
ฬั๊	1	3
ฬั๋	1	3
ฬิ่	1	3
ฬิ้	1	3
ฬิ๊	1	3
ฬิ๋	1	3
ฬี่	1	3
ฬี้	1	3
ฬี๊	1	3
ฬี๋	1	3
ฬึ	1	2
ฬึ่	1	3
ฬึ้	1	3
ฬึ๊	1	3
ฬึ๋	1	3
ฬื	1	2
ฬื่	1	3
ฬื้	1	3
ฬื๊	1	3
ฬื๋	1	3
ฬุ่	1	3
ฬุ้	1	3
ฬุ๊	1	3
ฬุ๋	1	3
ฬู	1	2
ฬู่	1	3
ฬู้	1	3
ฬู๊	1	3
ฬู๋	1	3
ฬ็	1	2
ฬ็่	1	3
ฬ็้	1	3
ฬ็๊	1	3
ฬ็๋	1	3
อึ๋	1	3
อื๊	1	3
อื๋	1	3
อ็่	1	3
อ็้	1	3
อ็๊	1	3
อ็๋	1	3
ฮั๋	1	3
ฮิ๊	1	3
ฮิ๋	1	3
ฮี๋	1	3
ฮึ๊	1	3
ฮึ๋	1	3
ฮื๊	1	3
ฮื๋	1	3
ฮุ๋	1	3
ฮู๊	1	3
ฮู๋	1	3
ฮ็่	1	3
ฮ็้	1	3
ฮ็๊	1	3
ฮ็๋	1	3
